0 verbose cli /usr/local/bin/node /usr/local/bin/npm
1 info using npm@11.11.1
2 info using node@v25.8.2
3 silly config load:file:/usr/local/lib/node_modules/npm/npmrc
4 silly config load:file:/Users/aj/Desktop/สร้างเว็บ/beatvault/.npmrc
5 silly config load:file:/Users/aj/.npmrc
6 silly config load:file:/usr/local/etc/npmrc
7 verbose title npm install @supabase/supabase-js stripe fluent-ffmpeg
8 verbose argv "install" "@supabase/supabase-js" "stripe" "fluent-ffmpeg" "--cache" ".npm_cache"
9 verbose logfile logs-max:10 dir:/Users/aj/Desktop/สร้างเว็บ/beatvault/.npm_cache/_logs/2026-05-07T03_22_02_445Z-
10 verbose logfile /Users/aj/Desktop/สร้างเว็บ/beatvault/.npm_cache/_logs/2026-05-07T03_22_02_445Z-debug-0.log
11 silly logfile done cleaning log files
12 silly packumentCache heap:4496293888 maxSize:1124073472 maxEntrySize:562036736
13 silly idealTree buildDeps
14 silly fetch manifest next@14.2.29
15 silly packumentCache full:https://registry.npmjs.org/next cache-miss
16 http fetch GET 200 https://registry.npmjs.org/npm 264ms
17 http fetch GET 200 https://registry.npmjs.org/next 814ms (cache miss)
18 silly packumentCache full:https://registry.npmjs.org/next set size:undefined disposed:false
19 silly fetch manifest @opentelemetry/api@^1.1.0
20 silly packumentCache full:https://registry.npmjs.org/@opentelemetry%2fapi cache-miss
21 http fetch GET 200 https://registry.npmjs.org/@opentelemetry%2fapi 672ms (cache miss)
22 silly packumentCache full:https://registry.npmjs.org/@opentelemetry%2fapi set size:undefined disposed:false
23 silly fetch manifest @playwright/test@^1.41.2
24 silly packumentCache full:https://registry.npmjs.org/@playwright%2ftest cache-miss
25 http fetch GET 200 https://registry.npmjs.org/@playwright%2ftest 364ms (cache miss)
26 silly packumentCache full:https://registry.npmjs.org/@playwright%2ftest set size:undefined disposed:false
27 silly fetch manifest react@^18
28 silly packumentCache full:https://registry.npmjs.org/react cache-miss
29 http fetch GET 200 https://registry.npmjs.org/react 242ms (cache miss)
30 silly packumentCache full:https://registry.npmjs.org/react set size:undefined disposed:false
31 silly fetch manifest react-dom@^18
32 silly packumentCache full:https://registry.npmjs.org/react-dom cache-miss
33 http fetch GET 200 https://registry.npmjs.org/react-dom 488ms (cache miss)
34 silly packumentCache full:https://registry.npmjs.org/react-dom set size:undefined disposed:false
35 silly fetch manifest sass@^1.3.0
36 silly packumentCache full:https://registry.npmjs.org/sass cache-miss
37 http fetch GET 200 https://registry.npmjs.org/sass 72ms (cache miss)
38 silly packumentCache full:https://registry.npmjs.org/sass set size:undefined disposed:false
39 silly fetch manifest lucide-react@^0.460.0
40 silly packumentCache full:https://registry.npmjs.org/lucide-react cache-miss
41 http fetch GET 200 https://registry.npmjs.org/lucide-react 443ms (cache miss)
42 silly packumentCache full:https://registry.npmjs.org/lucide-react set size:undefined disposed:false
43 silly fetch manifest clsx@^2.1.1
44 silly packumentCache full:https://registry.npmjs.org/clsx cache-miss
45 http fetch GET 200 https://registry.npmjs.org/clsx 48ms (cache miss)
46 silly packumentCache full:https://registry.npmjs.org/clsx set size:undefined disposed:false
47 silly fetch manifest @supabase/supabase-js@*
48 silly packumentCache full:https://registry.npmjs.org/@supabase%2fsupabase-js cache-miss
49 http fetch GET 200 https://registry.npmjs.org/@supabase%2fsupabase-js 640ms (cache miss)
50 silly packumentCache full:https://registry.npmjs.org/@supabase%2fsupabase-js set size:undefined disposed:false
51 silly fetch manifest stripe@*
52 silly packumentCache full:https://registry.npmjs.org/stripe cache-miss
53 http fetch GET 200 https://registry.npmjs.org/stripe 389ms (cache miss)
54 silly packumentCache full:https://registry.npmjs.org/stripe set size:undefined disposed:false
55 silly fetch manifest @types/node@^20
56 silly packumentCache full:https://registry.npmjs.org/@types%2fnode cache-miss
57 http fetch GET 200 https://registry.npmjs.org/@types%2fnode 347ms (cache miss)
58 silly packumentCache full:https://registry.npmjs.org/@types%2fnode set size:undefined disposed:false
59 silly fetch manifest fluent-ffmpeg@*
60 silly packumentCache full:https://registry.npmjs.org/fluent-ffmpeg cache-miss
61 http fetch GET 200 https://registry.npmjs.org/fluent-ffmpeg 375ms (cache miss)
62 silly packumentCache full:https://registry.npmjs.org/fluent-ffmpeg set size:undefined disposed:false
63 silly fetch manifest @types/react@^18
64 silly packumentCache full:https://registry.npmjs.org/@types%2freact cache-miss
65 http fetch GET 200 https://registry.npmjs.org/@types%2freact 371ms (cache miss)
66 silly packumentCache full:https://registry.npmjs.org/@types%2freact set size:undefined disposed:false
67 silly fetch manifest @types/react-dom@^18
68 silly packumentCache full:https://registry.npmjs.org/@types%2freact-dom cache-miss
69 http fetch GET 200 https://registry.npmjs.org/@types%2freact-dom 98ms (cache miss)
70 silly packumentCache full:https://registry.npmjs.org/@types%2freact-dom set size:undefined disposed:false
71 silly fetch manifest autoprefixer@^10.0.1
72 silly packumentCache full:https://registry.npmjs.org/autoprefixer cache-miss
73 http fetch GET 200 https://registry.npmjs.org/autoprefixer 81ms (cache miss)
74 silly packumentCache full:https://registry.npmjs.org/autoprefixer set size:undefined disposed:false
75 silly fetch manifest postcss@^8
76 silly packumentCache full:https://registry.npmjs.org/postcss cache-miss
77 http fetch GET 200 https://registry.npmjs.org/postcss 70ms (cache miss)
78 silly packumentCache full:https://registry.npmjs.org/postcss set size:undefined disposed:false
79 silly fetch manifest tailwindcss@^3.4.1
80 silly packumentCache full:https://registry.npmjs.org/tailwindcss cache-miss
81 http fetch GET 200 https://registry.npmjs.org/tailwindcss 260ms (cache miss)
82 silly packumentCache full:https://registry.npmjs.org/tailwindcss set size:undefined disposed:false
83 silly fetch manifest typescript@^5
84 silly packumentCache full:https://registry.npmjs.org/typescript cache-miss
85 http fetch GET 200 https://registry.npmjs.org/typescript 665ms (cache miss)
86 silly packumentCache full:https://registry.npmjs.org/typescript set size:undefined disposed:false
87 silly fetch manifest eslint@^8
88 silly packumentCache full:https://registry.npmjs.org/eslint cache-miss
89 http fetch GET 200 https://registry.npmjs.org/eslint 92ms (cache miss)
90 silly packumentCache full:https://registry.npmjs.org/eslint set size:undefined disposed:false
91 silly fetch manifest eslint-config-next@14.2.29
92 silly packumentCache full:https://registry.npmjs.org/eslint-config-next cache-miss
93 http fetch GET 200 https://registry.npmjs.org/eslint-config-next 269ms (cache miss)
94 silly packumentCache full:https://registry.npmjs.org/eslint-config-next set size:undefined disposed:false
95 silly placeDep ROOT @supabase/supabase-js@2.105.3 OK for: beatvault@0.1.0 want: *
96 silly placeDep ROOT @types/node@20.19.39 OK for: beatvault@0.1.0 want: ^20
97 silly placeDep ROOT @types/react@18.3.28 OK for: beatvault@0.1.0 want: ^18
98 silly placeDep ROOT @types/react-dom@18.3.7 OK for: beatvault@0.1.0 want: ^18
99 silly placeDep ROOT autoprefixer@10.5.0 OK for: beatvault@0.1.0 want: ^10.0.1
100 silly placeDep ROOT postcss@8.5.14 OK for: autoprefixer@10.5.0 want: ^8.1.0
101 silly placeDep ROOT clsx@2.1.1 OK for: beatvault@0.1.0 want: ^2.1.1
102 silly placeDep ROOT eslint@8.57.1 OK for: beatvault@0.1.0 want: ^8
103 silly placeDep ROOT eslint-config-next@14.2.29 OK for: beatvault@0.1.0 want: 14.2.29
104 silly placeDep ROOT fluent-ffmpeg@2.1.3 OK for: beatvault@0.1.0 want: *
105 silly placeDep ROOT lucide-react@0.460.0 OK for: beatvault@0.1.0 want: ^0.460.0
106 silly placeDep ROOT react@18.3.1 OK for: lucide-react@0.460.0 want: ^16.5.1 || ^17.0.0 || ^18.0.0 || ^19.0.0-rc
107 silly placeDep ROOT next@14.2.29 OK for: beatvault@0.1.0 want: 14.2.29
108 silly placeDep ROOT react-dom@18.3.1 OK for: next@14.2.29 want: ^18.2.0
109 silly placeDep ROOT stripe@22.1.1 OK for: beatvault@0.1.0 want: *
110 silly placeDep ROOT tailwindcss@3.4.19 OK for: beatvault@0.1.0 want: ^3.4.1
111 silly placeDep ROOT typescript@5.9.3 OK for: beatvault@0.1.0 want: ^5
112 silly fetch manifest @supabase/auth-js@2.105.3
113 silly packumentCache full:https://registry.npmjs.org/@supabase%2fauth-js cache-miss
114 silly fetch manifest @supabase/functions-js@2.105.3
115 silly packumentCache full:https://registry.npmjs.org/@supabase%2ffunctions-js cache-miss
116 silly fetch manifest @supabase/postgrest-js@2.105.3
117 silly packumentCache full:https://registry.npmjs.org/@supabase%2fpostgrest-js cache-miss
118 silly fetch manifest @supabase/realtime-js@2.105.3
119 silly packumentCache full:https://registry.npmjs.org/@supabase%2frealtime-js cache-miss
120 silly fetch manifest @supabase/storage-js@2.105.3
121 silly packumentCache full:https://registry.npmjs.org/@supabase%2fstorage-js cache-miss
122 silly fetch manifest undici-types@~6.21.0
123 silly packumentCache full:https://registry.npmjs.org/undici-types cache-miss
124 silly fetch manifest csstype@^3.2.2
125 silly packumentCache full:https://registry.npmjs.org/csstype cache-miss
126 silly fetch manifest @types/prop-types@*
127 silly packumentCache full:https://registry.npmjs.org/@types%2fprop-types cache-miss
128 silly fetch manifest browserslist@^4.28.2
129 silly packumentCache full:https://registry.npmjs.org/browserslist cache-miss
130 silly fetch manifest caniuse-lite@^1.0.30001787
131 silly packumentCache full:https://registry.npmjs.org/caniuse-lite cache-miss
132 silly fetch manifest fraction.js@^5.3.4
133 silly packumentCache full:https://registry.npmjs.org/fraction.js cache-miss
134 silly fetch manifest picocolors@^1.1.1
135 silly packumentCache full:https://registry.npmjs.org/picocolors cache-miss
136 silly fetch manifest postcss-value-parser@^4.2.0
137 silly packumentCache full:https://registry.npmjs.org/postcss-value-parser cache-miss
138 silly fetch manifest nanoid@^3.3.11
139 silly packumentCache full:https://registry.npmjs.org/nanoid cache-miss
140 silly fetch manifest picocolors@^1.1.1
141 silly packumentCache full:https://registry.npmjs.org/picocolors cache-miss
142 http fetch GET 200 https://registry.npmjs.org/undici-types 91ms (cache miss)
143 silly packumentCache full:https://registry.npmjs.org/undici-types set size:undefined disposed:false
144 silly fetch manifest source-map-js@^1.2.1
145 silly packumentCache full:https://registry.npmjs.org/source-map-js cache-miss
146 http fetch GET 200 https://registry.npmjs.org/picocolors 93ms (cache miss)
147 silly packumentCache full:https://registry.npmjs.org/picocolors set size:undefined disposed:false
148 silly fetch manifest ajv@^6.12.4
149 silly packumentCache full:https://registry.npmjs.org/ajv cache-miss
150 http fetch GET 200 https://registry.npmjs.org/postcss-value-parser 96ms (cache miss)
151 silly packumentCache full:https://registry.npmjs.org/postcss-value-parser set size:undefined disposed:false
152 silly fetch manifest levn@^0.4.1
153 silly packumentCache full:https://registry.npmjs.org/levn cache-miss
154 http fetch GET 200 https://registry.npmjs.org/picocolors 101ms (cache miss)
155 silly packumentCache full:https://registry.npmjs.org/picocolors set size:undefined disposed:false
156 silly fetch manifest chalk@^4.0.0
157 silly packumentCache full:https://registry.npmjs.org/chalk cache-miss
158 http fetch GET 200 https://registry.npmjs.org/fraction.js 106ms (cache miss)
159 silly packumentCache full:https://registry.npmjs.org/fraction.js set size:undefined disposed:false
160 silly fetch manifest debug@^4.3.2
161 silly packumentCache full:https://registry.npmjs.org/debug cache-miss
162 http fetch GET 200 https://registry.npmjs.org/@types%2fprop-types 109ms (cache miss)
163 silly packumentCache full:https://registry.npmjs.org/@types%2fprop-types set size:undefined disposed:false
164 silly fetch manifest espree@^9.6.1
165 silly packumentCache full:https://registry.npmjs.org/espree cache-miss
166 http fetch GET 200 https://registry.npmjs.org/csstype 122ms (cache miss)
167 silly packumentCache full:https://registry.npmjs.org/csstype set size:undefined disposed:false
168 silly fetch manifest ignore@^5.2.0
169 silly packumentCache full:https://registry.npmjs.org/ignore cache-miss
170 http fetch GET 200 https://registry.npmjs.org/nanoid 126ms (cache miss)
171 silly packumentCache full:https://registry.npmjs.org/nanoid set size:undefined disposed:false
172 silly fetch manifest esquery@^1.4.2
173 silly packumentCache full:https://registry.npmjs.org/esquery cache-miss
174 http fetch GET 200 https://registry.npmjs.org/levn 38ms (cache miss)
175 silly packumentCache full:https://registry.npmjs.org/levn set size:undefined disposed:false
176 silly fetch manifest esutils@^2.0.2
177 silly packumentCache full:https://registry.npmjs.org/esutils cache-miss
178 http fetch GET 200 https://registry.npmjs.org/source-map-js 45ms (cache miss)
179 silly packumentCache full:https://registry.npmjs.org/source-map-js set size:undefined disposed:false
180 silly fetch manifest find-up@^5.0.0
181 silly packumentCache full:https://registry.npmjs.org/find-up cache-miss
182 http fetch GET 200 https://registry.npmjs.org/browserslist 141ms (cache miss)
183 silly packumentCache full:https://registry.npmjs.org/browserslist set size:undefined disposed:false
184 silly fetch manifest globals@^13.19.0
185 silly packumentCache full:https://registry.npmjs.org/globals cache-miss
186 http fetch GET 200 https://registry.npmjs.org/chalk 57ms (cache miss)
187 silly packumentCache full:https://registry.npmjs.org/chalk set size:undefined disposed:false
188 silly fetch manifest is-glob@^4.0.0
189 silly packumentCache full:https://registry.npmjs.org/is-glob cache-miss
190 http fetch GET 200 https://registry.npmjs.org/debug 57ms (cache miss)
191 silly packumentCache full:https://registry.npmjs.org/debug set size:undefined disposed:false
192 silly fetch manifest js-yaml@^4.1.0
193 silly packumentCache full:https://registry.npmjs.org/js-yaml cache-miss
194 http fetch GET 200 https://registry.npmjs.org/esquery 42ms (cache miss)
195 silly packumentCache full:https://registry.npmjs.org/esquery set size:undefined disposed:false
196 silly fetch manifest doctrine@^3.0.0
197 silly packumentCache full:https://registry.npmjs.org/doctrine cache-miss
198 http fetch GET 200 https://registry.npmjs.org/esutils 41ms (cache miss)
199 silly packumentCache full:https://registry.npmjs.org/esutils set size:undefined disposed:false
200 silly fetch manifest graphemer@^1.4.0
201 silly packumentCache full:https://registry.npmjs.org/graphemer cache-miss
202 http fetch GET 200 https://registry.npmjs.org/find-up 42ms (cache miss)
203 silly packumentCache full:https://registry.npmjs.org/find-up set size:undefined disposed:false
204 silly fetch manifest minimatch@^3.1.2
205 silly packumentCache full:https://registry.npmjs.org/minimatch cache-miss
206 http fetch GET 200 https://registry.npmjs.org/ignore 64ms (cache miss)
207 silly packumentCache full:https://registry.npmjs.org/ignore set size:undefined disposed:false
208 silly fetch manifest @eslint/js@8.57.1
209 silly packumentCache full:https://registry.npmjs.org/@eslint%2fjs cache-miss
210 http fetch GET 200 https://registry.npmjs.org/ajv 97ms (cache miss)
211 silly packumentCache full:https://registry.npmjs.org/ajv set size:undefined disposed:false
212 silly fetch manifest optionator@^0.9.3
213 silly packumentCache full:https://registry.npmjs.org/optionator cache-miss
214 http fetch GET 200 https://registry.npmjs.org/caniuse-lite 200ms (cache miss)
215 silly packumentCache full:https://registry.npmjs.org/caniuse-lite set size:undefined disposed:false
216 silly fetch manifest strip-ansi@^6.0.1
217 silly packumentCache full:https://registry.npmjs.org/strip-ansi cache-miss
218 http fetch GET 200 https://registry.npmjs.org/is-glob 54ms (cache miss)
219 silly packumentCache full:https://registry.npmjs.org/is-glob set size:undefined disposed:false
220 silly fetch manifest text-table@^0.2.0
221 silly packumentCache full:https://registry.npmjs.org/text-table cache-miss
222 http fetch GET 200 https://registry.npmjs.org/graphemer 39ms (cache miss)
223 silly packumentCache full:https://registry.npmjs.org/graphemer set size:undefined disposed:false
224 silly fetch manifest cross-spawn@^7.0.2
225 silly packumentCache full:https://registry.npmjs.org/cross-spawn cache-miss
226 http fetch GET 200 https://registry.npmjs.org/doctrine 47ms (cache miss)
227 silly packumentCache full:https://registry.npmjs.org/doctrine set size:undefined disposed:false
228 silly fetch manifest glob-parent@^6.0.2
229 silly packumentCache full:https://registry.npmjs.org/glob-parent cache-miss
230 http fetch GET 200 https://registry.npmjs.org/js-yaml 55ms (cache miss)
231 silly packumentCache full:https://registry.npmjs.org/js-yaml set size:undefined disposed:false
232 silly fetch manifest imurmurhash@^0.1.4
233 silly packumentCache full:https://registry.npmjs.org/imurmurhash cache-miss
234 http fetch GET 200 https://registry.npmjs.org/optionator 30ms (cache miss)
235 silly packumentCache full:https://registry.npmjs.org/optionator set size:undefined disposed:false
236 silly fetch manifest eslint-scope@^7.2.2
237 silly packumentCache full:https://registry.npmjs.org/eslint-scope cache-miss
238 http fetch GET 200 https://registry.npmjs.org/minimatch 48ms (cache miss)
239 silly packumentCache full:https://registry.npmjs.org/minimatch set size:undefined disposed:false
240 silly fetch manifest lodash.merge@^4.6.2
241 silly packumentCache full:https://registry.npmjs.org/lodash.merge cache-miss
242 http fetch GET 200 https://registry.npmjs.org/@eslint%2fjs 48ms (cache miss)
243 silly packumentCache full:https://registry.npmjs.org/@eslint%2fjs set size:undefined disposed:false
244 silly fetch manifest is-path-inside@^3.0.3
245 silly packumentCache full:https://registry.npmjs.org/is-path-inside cache-miss
246 http fetch GET 200 https://registry.npmjs.org/text-table 30ms (cache miss)
247 silly packumentCache full:https://registry.npmjs.org/text-table set size:undefined disposed:false
248 silly fetch manifest fast-deep-equal@^3.1.3
249 silly packumentCache full:https://registry.npmjs.org/fast-deep-equal cache-miss
250 http fetch GET 200 https://registry.npmjs.org/cross-spawn 37ms (cache miss)
251 silly packumentCache full:https://registry.npmjs.org/cross-spawn set size:undefined disposed:false
252 silly fetch manifest natural-compare@^1.4.0
253 silly packumentCache full:https://registry.npmjs.org/natural-compare cache-miss
254 http fetch GET 200 https://registry.npmjs.org/strip-ansi 49ms (cache miss)
255 silly packumentCache full:https://registry.npmjs.org/strip-ansi set size:undefined disposed:false
256 silly fetch manifest @eslint/eslintrc@^2.1.4
257 silly packumentCache full:https://registry.npmjs.org/@eslint%2feslintrc cache-miss
258 http fetch GET 200 https://registry.npmjs.org/glob-parent 40ms (cache miss)
259 silly packumentCache full:https://registry.npmjs.org/glob-parent set size:undefined disposed:false
260 silly fetch manifest @nodelib/fs.walk@^1.2.8
261 silly packumentCache full:https://registry.npmjs.org/@nodelib%2ffs.walk cache-miss
262 http fetch GET 200 https://registry.npmjs.org/imurmurhash 38ms (cache miss)
263 silly packumentCache full:https://registry.npmjs.org/imurmurhash set size:undefined disposed:false
264 silly fetch manifest file-entry-cache@^6.0.1
265 silly packumentCache full:https://registry.npmjs.org/file-entry-cache cache-miss
266 http fetch GET 200 https://registry.npmjs.org/is-path-inside 29ms (cache miss)
267 silly packumentCache full:https://registry.npmjs.org/is-path-inside set size:undefined disposed:false
268 silly fetch manifest eslint-visitor-keys@^3.4.3
269 silly packumentCache full:https://registry.npmjs.org/eslint-visitor-keys cache-miss
270 http fetch GET 200 https://registry.npmjs.org/lodash.merge 37ms (cache miss)
271 silly packumentCache full:https://registry.npmjs.org/lodash.merge set size:undefined disposed:false
272 silly fetch manifest escape-string-regexp@^4.0.0
273 silly packumentCache full:https://registry.npmjs.org/escape-string-regexp cache-miss
274 http fetch GET 200 https://registry.npmjs.org/eslint-scope 44ms (cache miss)
275 silly packumentCache full:https://registry.npmjs.org/eslint-scope set size:undefined disposed:false
276 silly fetch manifest @ungap/structured-clone@^1.2.0
277 silly packumentCache full:https://registry.npmjs.org/@ungap%2fstructured-clone cache-miss
278 http fetch GET 200 https://registry.npmjs.org/fast-deep-equal 30ms (cache miss)
279 silly packumentCache full:https://registry.npmjs.org/fast-deep-equal set size:undefined disposed:false
280 silly fetch manifest @eslint-community/regexpp@^4.6.1
281 silly packumentCache full:https://registry.npmjs.org/@eslint-community%2fregexpp cache-miss
282 http fetch GET 200 https://registry.npmjs.org/natural-compare 32ms (cache miss)
283 silly packumentCache full:https://registry.npmjs.org/natural-compare set size:undefined disposed:false
284 silly fetch manifest @humanwhocodes/config-array@^0.13.0
285 silly packumentCache full:https://registry.npmjs.org/@humanwhocodes%2fconfig-array cache-miss
286 http fetch GET 200 https://registry.npmjs.org/file-entry-cache 38ms (cache miss)
287 silly packumentCache full:https://registry.npmjs.org/file-entry-cache set size:undefined disposed:false
288 silly fetch manifest @eslint-community/eslint-utils@^4.2.0
289 silly packumentCache full:https://registry.npmjs.org/@eslint-community%2feslint-utils cache-miss
290 http fetch GET 200 https://registry.npmjs.org/eslint-visitor-keys 35ms (cache miss)
291 silly packumentCache full:https://registry.npmjs.org/eslint-visitor-keys set size:undefined disposed:false
292 silly fetch manifest @humanwhocodes/module-importer@^1.0.1
293 silly packumentCache full:https://registry.npmjs.org/@humanwhocodes%2fmodule-importer cache-miss
294 http fetch GET 200 https://registry.npmjs.org/escape-string-regexp 36ms (cache miss)
295 silly packumentCache full:https://registry.npmjs.org/escape-string-regexp set size:undefined disposed:false
296 silly fetch manifest json-stable-stringify-without-jsonify@^1.0.1
297 silly packumentCache full:https://registry.npmjs.org/json-stable-stringify-without-jsonify cache-miss
298 http fetch GET 200 https://registry.npmjs.org/@nodelib%2ffs.walk 54ms (cache miss)
299 silly packumentCache full:https://registry.npmjs.org/@nodelib%2ffs.walk set size:undefined disposed:false
300 silly fetch manifest eslint-plugin-react@^7.33.2
301 silly packumentCache full:https://registry.npmjs.org/eslint-plugin-react cache-miss
302 http fetch GET 200 https://registry.npmjs.org/@ungap%2fstructured-clone 54ms (cache miss)
303 silly packumentCache full:https://registry.npmjs.org/@ungap%2fstructured-clone set size:undefined disposed:false
304 silly fetch manifest eslint-plugin-import@^2.28.1
305 silly packumentCache full:https://registry.npmjs.org/eslint-plugin-import cache-miss
306 http fetch GET 200 https://registry.npmjs.org/@eslint-community%2fregexpp 54ms (cache miss)
307 silly packumentCache full:https://registry.npmjs.org/@eslint-community%2fregexpp set size:undefined disposed:false
308 silly fetch manifest eslint-plugin-jsx-a11y@^6.7.1
309 silly packumentCache full:https://registry.npmjs.org/eslint-plugin-jsx-a11y cache-miss
310 http fetch GET 200 https://registry.npmjs.org/json-stable-stringify-without-jsonify 30ms (cache miss)
311 silly packumentCache full:https://registry.npmjs.org/json-stable-stringify-without-jsonify set size:undefined disposed:false
312 silly fetch manifest @rushstack/eslint-patch@^1.3.3
313 silly packumentCache full:https://registry.npmjs.org/@rushstack%2feslint-patch cache-miss
314 http fetch GET 200 https://registry.npmjs.org/@humanwhocodes%2fconfig-array 50ms (cache miss)
315 silly packumentCache full:https://registry.npmjs.org/@humanwhocodes%2fconfig-array set size:undefined disposed:false
316 silly fetch manifest @next/eslint-plugin-next@14.2.29
317 silly packumentCache full:https://registry.npmjs.org/@next%2feslint-plugin-next cache-miss
318 http fetch GET 200 https://registry.npmjs.org/@humanwhocodes%2fmodule-importer 46ms (cache miss)
319 silly packumentCache full:https://registry.npmjs.org/@humanwhocodes%2fmodule-importer set size:undefined disposed:false
320 silly fetch manifest @typescript-eslint/parser@^5.4.2 || ^6.0.0 || ^7.0.0 || ^8.0.0
321 silly packumentCache full:https://registry.npmjs.org/@typescript-eslint%2fparser cache-miss
322 http fetch GET 200 https://registry.npmjs.org/@eslint-community%2feslint-utils 49ms (cache miss)
323 silly packumentCache full:https://registry.npmjs.org/@eslint-community%2feslint-utils set size:undefined disposed:false
324 silly fetch manifest eslint-plugin-react-hooks@^4.5.0 || 5.0.0-canary-7118f5dd7-20230705
325 silly packumentCache full:https://registry.npmjs.org/eslint-plugin-react-hooks cache-miss
326 http fetch GET 200 https://registry.npmjs.org/espree 279ms (cache miss)
327 silly packumentCache full:https://registry.npmjs.org/espree set size:undefined disposed:false
328 silly fetch manifest eslint-import-resolver-node@^0.3.6
329 silly packumentCache full:https://registry.npmjs.org/eslint-import-resolver-node cache-miss
330 http fetch GET 200 https://registry.npmjs.org/globals 318ms (cache miss)
331 silly packumentCache full:https://registry.npmjs.org/globals set size:undefined disposed:false
332 silly fetch manifest @typescript-eslint/eslint-plugin@^5.4.2 || ^6.0.0 || ^7.0.0 || ^8.0.0
333 silly packumentCache full:https://registry.npmjs.org/@typescript-eslint%2feslint-plugin cache-miss
334 http fetch GET 200 https://registry.npmjs.org/@supabase%2fpostgrest-js 481ms (cache miss)
335 silly packumentCache full:https://registry.npmjs.org/@supabase%2fpostgrest-js set size:undefined disposed:false
336 silly fetch manifest eslint-import-resolver-typescript@^3.5.2
337 silly packumentCache full:https://registry.npmjs.org/eslint-import-resolver-typescript cache-miss
338 http fetch GET 200 https://registry.npmjs.org/@supabase%2ffunctions-js 523ms (cache miss)
339 silly packumentCache full:https://registry.npmjs.org/@supabase%2ffunctions-js set size:undefined disposed:false
340 silly fetch manifest async@^0.2.9
341 silly packumentCache full:https://registry.npmjs.org/async cache-miss
342 http fetch GET 200 https://registry.npmjs.org/eslint-import-resolver-typescript 53ms (cache miss)
343 silly packumentCache full:https://registry.npmjs.org/eslint-import-resolver-typescript set size:undefined disposed:false
344 silly fetch manifest which@^1.1.1
345 silly packumentCache full:https://registry.npmjs.org/which cache-miss
346 http fetch GET 200 https://registry.npmjs.org/@eslint%2feslintrc 298ms (cache miss)
347 silly packumentCache full:https://registry.npmjs.org/@eslint%2feslintrc set size:undefined disposed:false
348 silly fetch manifest loose-envify@^1.1.0
349 silly packumentCache full:https://registry.npmjs.org/loose-envify cache-miss
350 http fetch GET 200 https://registry.npmjs.org/async 59ms (cache miss)
351 silly packumentCache full:https://registry.npmjs.org/async set size:undefined disposed:false
352 silly fetch manifest busboy@1.6.0
353 silly packumentCache full:https://registry.npmjs.org/busboy cache-miss
354 http fetch GET 200 https://registry.npmjs.org/which 57ms (cache miss)
355 silly packumentCache full:https://registry.npmjs.org/which set size:undefined disposed:false
356 silly fetch manifest postcss@8.4.31
357 silly packumentCache full:https://registry.npmjs.org/postcss cache-miss
358 http fetch GET 200 https://registry.npmjs.org/loose-envify 50ms (cache miss)
359 silly packumentCache full:https://registry.npmjs.org/loose-envify set size:undefined disposed:false
360 silly fetch manifest @next/env@14.2.29
361 silly packumentCache full:https://registry.npmjs.org/@next%2fenv cache-miss
362 http fetch GET 200 https://registry.npmjs.org/eslint-plugin-jsx-a11y 286ms (cache miss)
363 silly packumentCache full:https://registry.npmjs.org/eslint-plugin-jsx-a11y set size:undefined disposed:false
364 silly fetch manifest styled-jsx@5.1.1
365 silly packumentCache full:https://registry.npmjs.org/styled-jsx cache-miss
366 http cache https://registry.npmjs.org/postcss 17ms (cache hit)
367 silly packumentCache full:https://registry.npmjs.org/postcss set size:720302 disposed:false
368 silly fetch manifest graceful-fs@^4.2.11
369 silly packumentCache full:https://registry.npmjs.org/graceful-fs cache-miss
370 http fetch GET 200 https://registry.npmjs.org/eslint-plugin-import 310ms (cache miss)
371 silly packumentCache full:https://registry.npmjs.org/eslint-plugin-import set size:undefined disposed:false
372 silly fetch manifest @swc/helpers@0.5.5
373 silly packumentCache full:https://registry.npmjs.org/@swc%2fhelpers cache-miss
374 http fetch GET 200 https://registry.npmjs.org/@rushstack%2feslint-patch 315ms (cache miss)
375 silly packumentCache full:https://registry.npmjs.org/@rushstack%2feslint-patch set size:undefined disposed:false
376 silly fetch manifest caniuse-lite@^1.0.30001579
377 silly packumentCache full:https://registry.npmjs.org/caniuse-lite cache-miss
378 http fetch GET 200 https://registry.npmjs.org/eslint-plugin-react 343ms (cache miss)
379 silly packumentCache full:https://registry.npmjs.org/eslint-plugin-react set size:undefined disposed:false
380 silly fetch manifest @next/swc-darwin-x64@14.2.29
381 silly packumentCache full:https://registry.npmjs.org/@next%2fswc-darwin-x64 cache-miss
382 http fetch GET 200 https://registry.npmjs.org/eslint-import-resolver-node 280ms (cache miss)
383 silly packumentCache full:https://registry.npmjs.org/eslint-import-resolver-node set size:undefined disposed:false
384 silly fetch manifest @next/swc-darwin-arm64@14.2.29
385 silly packumentCache full:https://registry.npmjs.org/@next%2fswc-darwin-arm64 cache-miss
386 http cache https://registry.npmjs.org/caniuse-lite 21ms (cache hit)
387 silly packumentCache full:https://registry.npmjs.org/caniuse-lite set size:2291079 disposed:false
388 silly fetch manifest @next/swc-linux-x64-gnu@14.2.29
389 silly packumentCache full:https://registry.npmjs.org/@next%2fswc-linux-x64-gnu cache-miss
390 http fetch GET 200 https://registry.npmjs.org/graceful-fs 66ms (cache miss)
391 silly packumentCache full:https://registry.npmjs.org/graceful-fs set size:undefined disposed:false
392 silly fetch manifest @next/swc-linux-x64-musl@14.2.29
393 silly packumentCache full:https://registry.npmjs.org/@next%2fswc-linux-x64-musl cache-miss
394 http fetch GET 200 https://registry.npmjs.org/@supabase%2fstorage-js 701ms (cache miss)
395 silly packumentCache full:https://registry.npmjs.org/@supabase%2fstorage-js set size:undefined disposed:false
396 silly fetch manifest @next/swc-win32-x64-msvc@14.2.29
397 silly packumentCache full:https://registry.npmjs.org/@next%2fswc-win32-x64-msvc cache-miss
398 http fetch GET 200 https://registry.npmjs.org/@supabase%2fauth-js 716ms (cache miss)
399 silly packumentCache full:https://registry.npmjs.org/@supabase%2fauth-js set size:undefined disposed:false
400 silly fetch manifest @next/swc-linux-arm64-gnu@14.2.29
401 silly packumentCache full:https://registry.npmjs.org/@next%2fswc-linux-arm64-gnu cache-miss
402 http fetch GET 200 https://registry.npmjs.org/eslint-plugin-react-hooks 433ms (cache miss)
403 silly packumentCache full:https://registry.npmjs.org/eslint-plugin-react-hooks set size:undefined disposed:false
404 silly fetch manifest @next/swc-win32-ia32-msvc@14.2.29
405 silly packumentCache full:https://registry.npmjs.org/@next%2fswc-win32-ia32-msvc cache-miss
406 http fetch GET 200 https://registry.npmjs.org/@supabase%2frealtime-js 842ms (cache miss)
407 silly packumentCache full:https://registry.npmjs.org/@supabase%2frealtime-js set size:undefined disposed:false
408 silly fetch manifest @next/swc-linux-arm64-musl@14.2.29
409 silly packumentCache full:https://registry.npmjs.org/@next%2fswc-linux-arm64-musl cache-miss
410 http fetch GET 200 https://registry.npmjs.org/@typescript-eslint%2fparser 506ms (cache miss)
411 silly packumentCache full:https://registry.npmjs.org/@typescript-eslint%2fparser set size:undefined disposed:false
412 silly fetch manifest @next/swc-win32-arm64-msvc@14.2.29
413 silly packumentCache full:https://registry.npmjs.org/@next%2fswc-win32-arm64-msvc cache-miss
414 http fetch GET 200 https://registry.npmjs.org/busboy 350ms (cache miss)
415 silly packumentCache full:https://registry.npmjs.org/busboy set size:undefined disposed:false
416 silly fetch manifest scheduler@^0.23.2
417 silly packumentCache full:https://registry.npmjs.org/scheduler cache-miss
418 http fetch GET 200 https://registry.npmjs.org/styled-jsx 330ms (cache miss)
419 silly packumentCache full:https://registry.npmjs.org/styled-jsx set size:undefined disposed:false
420 silly fetch manifest arg@^5.0.2
421 silly packumentCache full:https://registry.npmjs.org/arg cache-miss
422 http fetch GET 200 https://registry.npmjs.org/arg 43ms (cache miss)
423 silly packumentCache full:https://registry.npmjs.org/arg set size:undefined disposed:false
424 silly fetch manifest dlv@^1.1.3
425 silly packumentCache full:https://registry.npmjs.org/dlv cache-miss
426 http fetch GET 200 https://registry.npmjs.org/dlv 54ms (cache miss)
427 silly packumentCache full:https://registry.npmjs.org/dlv set size:undefined disposed:false
428 silly fetch manifest jiti@^1.21.7
429 silly packumentCache full:https://registry.npmjs.org/jiti cache-miss
430 http fetch GET 200 https://registry.npmjs.org/@next%2feslint-plugin-next 714ms (cache miss)
431 silly packumentCache full:https://registry.npmjs.org/@next%2feslint-plugin-next set size:undefined disposed:false
432 silly fetch manifest is-glob@^4.0.3
433 silly packumentCache full:https://registry.npmjs.org/is-glob cache-miss
434 http cache https://registry.npmjs.org/is-glob 5ms (cache hit)
435 silly packumentCache full:https://registry.npmjs.org/is-glob set size:40530 disposed:false
436 silly fetch manifest resolve@^1.22.8
437 silly packumentCache full:https://registry.npmjs.org/resolve cache-miss
438 http fetch GET 200 https://registry.npmjs.org/jiti 48ms (cache miss)
439 silly packumentCache full:https://registry.npmjs.org/jiti set size:undefined disposed:false
440 silly fetch manifest sucrase@^3.35.0
441 silly packumentCache full:https://registry.npmjs.org/sucrase cache-miss
442 http fetch GET 200 https://registry.npmjs.org/@next%2fswc-linux-x64-musl 440ms (cache miss)
443 silly packumentCache full:https://registry.npmjs.org/@next%2fswc-linux-x64-musl set size:undefined disposed:false
444 silly fetch manifest chokidar@^3.6.0
445 silly packumentCache full:https://registry.npmjs.org/chokidar cache-miss
446 http fetch GET 200 https://registry.npmjs.org/resolve 76ms (cache miss)
447 silly packumentCache full:https://registry.npmjs.org/resolve set size:undefined disposed:false
448 silly fetch manifest fast-glob@^3.3.2
449 silly packumentCache full:https://registry.npmjs.org/fast-glob cache-miss
450 http fetch GET 200 https://registry.npmjs.org/sucrase 65ms (cache miss)
451 silly packumentCache full:https://registry.npmjs.org/sucrase set size:undefined disposed:false
452 silly fetch manifest lilconfig@^3.1.3
453 silly packumentCache full:https://registry.npmjs.org/lilconfig cache-miss
454 http fetch GET 200 https://registry.npmjs.org/chokidar 50ms (cache miss)
455 silly packumentCache full:https://registry.npmjs.org/chokidar set size:undefined disposed:false
456 silly fetch manifest didyoumean@^1.2.2
457 silly packumentCache full:https://registry.npmjs.org/didyoumean cache-miss
458 http fetch GET 200 https://registry.npmjs.org/fast-glob 45ms (cache miss)
459 silly packumentCache full:https://registry.npmjs.org/fast-glob set size:undefined disposed:false
460 silly fetch manifest micromatch@^4.0.8
461 silly packumentCache full:https://registry.npmjs.org/micromatch cache-miss
462 http fetch GET 200 https://registry.npmjs.org/didyoumean 53ms (cache miss)
463 silly packumentCache full:https://registry.npmjs.org/didyoumean set size:undefined disposed:false
464 silly fetch manifest postcss-js@^4.0.1
465 silly packumentCache full:https://registry.npmjs.org/postcss-js cache-miss
466 http fetch GET 200 https://registry.npmjs.org/micromatch 51ms (cache miss)
467 silly packumentCache full:https://registry.npmjs.org/micromatch set size:undefined disposed:false
468 silly fetch manifest object-hash@^3.0.0
469 silly packumentCache full:https://registry.npmjs.org/object-hash cache-miss
470 http fetch GET 200 https://registry.npmjs.org/object-hash 74ms (cache miss)
471 silly packumentCache full:https://registry.npmjs.org/object-hash set size:undefined disposed:false
472 silly fetch manifest normalize-path@^3.0.0
473 silly packumentCache full:https://registry.npmjs.org/normalize-path cache-miss
474 http fetch GET 200 https://registry.npmjs.org/@next%2fswc-linux-x64-gnu 669ms (cache miss)
475 silly packumentCache full:https://registry.npmjs.org/@next%2fswc-linux-x64-gnu set size:undefined disposed:false
476 silly fetch manifest postcss-import@^15.1.0
477 silly packumentCache full:https://registry.npmjs.org/postcss-import cache-miss
478 http fetch GET 200 https://registry.npmjs.org/normalize-path 50ms (cache miss)
479 silly packumentCache full:https://registry.npmjs.org/normalize-path set size:undefined disposed:false
480 silly fetch manifest postcss-nested@^6.2.0
481 silly packumentCache full:https://registry.npmjs.org/postcss-nested cache-miss
482 http fetch GET 200 https://registry.npmjs.org/@swc%2fhelpers 762ms (cache miss)
483 silly packumentCache full:https://registry.npmjs.org/@swc%2fhelpers set size:undefined disposed:false
484 silly fetch manifest @alloc/quick-lru@^5.2.0
485 silly packumentCache full:https://registry.npmjs.org/@alloc%2fquick-lru cache-miss
486 http fetch GET 200 https://registry.npmjs.org/scheduler 485ms (cache miss)
487 silly packumentCache full:https://registry.npmjs.org/scheduler set size:undefined disposed:false
488 silly fetch manifest postcss-load-config@^4.0.2 || ^5.0 || ^6.0
489 silly packumentCache full:https://registry.npmjs.org/postcss-load-config cache-miss
490 http fetch GET 200 https://registry.npmjs.org/postcss-import 92ms (cache miss)
491 silly packumentCache full:https://registry.npmjs.org/postcss-import set size:undefined disposed:false
492 silly fetch manifest postcss-selector-parser@^6.1.2
493 silly packumentCache full:https://registry.npmjs.org/postcss-selector-parser cache-miss
494 http fetch GET 200 https://registry.npmjs.org/lilconfig 303ms (cache miss)
495 silly packumentCache full:https://registry.npmjs.org/lilconfig set size:undefined disposed:false
496 http fetch GET 200 https://registry.npmjs.org/postcss-nested 83ms (cache miss)
497 silly packumentCache full:https://registry.npmjs.org/postcss-nested set size:undefined disposed:false
498 http fetch GET 200 https://registry.npmjs.org/postcss-selector-parser 38ms (cache miss)
499 silly packumentCache full:https://registry.npmjs.org/postcss-selector-parser set size:undefined disposed:false
500 http fetch GET 200 https://registry.npmjs.org/@next%2fswc-linux-arm64-musl 711ms (cache miss)
501 silly packumentCache full:https://registry.npmjs.org/@next%2fswc-linux-arm64-musl set size:undefined disposed:false
502 http fetch GET 200 https://registry.npmjs.org/postcss-js 324ms (cache miss)
503 silly packumentCache full:https://registry.npmjs.org/postcss-js set size:undefined disposed:false
504 http fetch GET 200 https://registry.npmjs.org/@next%2fswc-linux-arm64-gnu 889ms (cache miss)
505 silly packumentCache full:https://registry.npmjs.org/@next%2fswc-linux-arm64-gnu set size:undefined disposed:false
506 http fetch GET 200 https://registry.npmjs.org/@typescript-eslint%2feslint-plugin 1219ms (cache miss)
507 silly packumentCache full:https://registry.npmjs.org/@typescript-eslint%2feslint-plugin set size:undefined disposed:false
508 http fetch GET 200 https://registry.npmjs.org/postcss-load-config 318ms (cache miss)
509 silly packumentCache full:https://registry.npmjs.org/postcss-load-config set size:undefined disposed:false
510 http fetch GET 200 https://registry.npmjs.org/@next%2fswc-darwin-arm64 1125ms (cache miss)
511 silly packumentCache full:https://registry.npmjs.org/@next%2fswc-darwin-arm64 set size:undefined disposed:false
512 http fetch GET 200 https://registry.npmjs.org/@next%2fswc-darwin-x64 1156ms (cache miss)
513 silly packumentCache full:https://registry.npmjs.org/@next%2fswc-darwin-x64 set size:undefined disposed:false
514 http fetch GET 200 https://registry.npmjs.org/@next%2fswc-win32-ia32-msvc 1058ms (cache miss)
515 silly packumentCache full:https://registry.npmjs.org/@next%2fswc-win32-ia32-msvc set size:undefined disposed:false
516 http fetch GET 200 https://registry.npmjs.org/@next%2fswc-win32-x64-msvc 1202ms (cache miss)
517 silly packumentCache full:https://registry.npmjs.org/@next%2fswc-win32-x64-msvc set size:undefined disposed:false
518 http fetch GET 200 https://registry.npmjs.org/@next%2fswc-win32-arm64-msvc 1012ms (cache miss)
519 silly packumentCache full:https://registry.npmjs.org/@next%2fswc-win32-arm64-msvc set size:undefined disposed:false
520 http fetch GET 200 https://registry.npmjs.org/@next%2fenv 1349ms (cache miss)
521 silly packumentCache full:https://registry.npmjs.org/@next%2fenv set size:undefined disposed:false
522 http fetch GET 200 https://registry.npmjs.org/@alloc%2fquick-lru 806ms (cache miss)
523 silly packumentCache full:https://registry.npmjs.org/@alloc%2fquick-lru set size:undefined disposed:false
524 silly placeDep ROOT @supabase/auth-js@2.105.3 OK for: @supabase/supabase-js@2.105.3 want: 2.105.3
525 silly placeDep ROOT @supabase/functions-js@2.105.3 OK for: @supabase/supabase-js@2.105.3 want: 2.105.3
526 silly placeDep ROOT @supabase/postgrest-js@2.105.3 OK for: @supabase/supabase-js@2.105.3 want: 2.105.3
527 silly placeDep ROOT @supabase/realtime-js@2.105.3 OK for: @supabase/supabase-js@2.105.3 want: 2.105.3
528 silly placeDep ROOT @supabase/storage-js@2.105.3 OK for: @supabase/supabase-js@2.105.3 want: 2.105.3
529 silly fetch manifest tslib@2.8.1
530 silly packumentCache full:https://registry.npmjs.org/tslib cache-miss
531 silly fetch manifest tslib@2.8.1
532 silly packumentCache full:https://registry.npmjs.org/tslib cache-miss
533 silly fetch manifest tslib@2.8.1
534 silly packumentCache full:https://registry.npmjs.org/tslib cache-miss
535 silly fetch manifest @supabase/phoenix@^0.4.1
536 silly packumentCache full:https://registry.npmjs.org/@supabase%2fphoenix cache-miss
537 silly fetch manifest @types/ws@^8.18.1
538 silly packumentCache full:https://registry.npmjs.org/@types%2fws cache-miss
539 silly fetch manifest tslib@2.8.1
540 silly packumentCache full:https://registry.npmjs.org/tslib cache-miss
541 silly fetch manifest ws@^8.18.2
542 silly packumentCache full:https://registry.npmjs.org/ws cache-miss
543 silly fetch manifest iceberg-js@^0.8.1
544 silly packumentCache full:https://registry.npmjs.org/iceberg-js cache-miss
545 silly fetch manifest tslib@2.8.1
546 silly packumentCache full:https://registry.npmjs.org/tslib cache-miss
547 http fetch GET 200 https://registry.npmjs.org/iceberg-js 46ms (cache miss)
548 silly packumentCache full:https://registry.npmjs.org/iceberg-js set size:undefined disposed:false
549 http fetch GET 200 https://registry.npmjs.org/tslib 50ms (cache miss)
550 silly packumentCache full:https://registry.npmjs.org/tslib set size:undefined disposed:false
551 http fetch GET 200 https://registry.npmjs.org/tslib 49ms (cache miss)
552 silly packumentCache full:https://registry.npmjs.org/tslib set size:undefined disposed:false
553 http fetch GET 200 https://registry.npmjs.org/tslib 51ms (cache miss)
554 silly packumentCache full:https://registry.npmjs.org/tslib set size:undefined disposed:false
555 http fetch GET 200 https://registry.npmjs.org/tslib 52ms (cache miss)
556 silly packumentCache full:https://registry.npmjs.org/tslib set size:undefined disposed:false
557 http fetch GET 200 https://registry.npmjs.org/tslib 56ms (cache miss)
558 silly packumentCache full:https://registry.npmjs.org/tslib set size:undefined disposed:false
559 http fetch GET 200 https://registry.npmjs.org/ws 61ms (cache miss)
560 silly packumentCache full:https://registry.npmjs.org/ws set size:undefined disposed:false
561 http fetch GET 200 https://registry.npmjs.org/@types%2fws 344ms (cache miss)
562 silly packumentCache full:https://registry.npmjs.org/@types%2fws set size:undefined disposed:false
563 http fetch GET 200 https://registry.npmjs.org/@supabase%2fphoenix 1259ms (cache miss)
564 silly packumentCache full:https://registry.npmjs.org/@supabase%2fphoenix set size:undefined disposed:false
565 silly placeDep ROOT tslib@2.8.1 OK for: @supabase/auth-js@2.105.3 want: 2.8.1
566 silly fetch manifest bufferutil@^4.0.1
567 silly packumentCache full:https://registry.npmjs.org/bufferutil cache-miss
568 http fetch GET 200 https://registry.npmjs.org/bufferutil 46ms (cache miss)
569 silly packumentCache full:https://registry.npmjs.org/bufferutil set size:undefined disposed:false
570 silly fetch manifest utf-8-validate@>=5.0.2
571 silly packumentCache full:https://registry.npmjs.org/utf-8-validate cache-miss
572 http fetch GET 200 https://registry.npmjs.org/utf-8-validate 42ms (cache miss)
573 silly packumentCache full:https://registry.npmjs.org/utf-8-validate set size:undefined disposed:false
574 silly placeDep ROOT @supabase/phoenix@0.4.1 OK for: @supabase/realtime-js@2.105.3 want: ^0.4.1
575 silly placeDep ROOT @types/ws@8.18.1 OK for: @supabase/realtime-js@2.105.3 want: ^8.18.1
576 silly placeDep ROOT ws@8.20.0 OK for: @supabase/realtime-js@2.105.3 want: ^8.18.2
577 silly placeDep ROOT iceberg-js@0.8.1 OK for: @supabase/storage-js@2.105.3 want: ^0.8.1
578 silly placeDep ROOT undici-types@6.21.0 OK for: @types/node@20.19.39 want: ~6.21.0
579 silly placeDep ROOT @types/prop-types@15.7.15 OK for: @types/react@18.3.28 want: *
580 silly placeDep ROOT csstype@3.2.3 OK for: @types/react@18.3.28 want: ^3.2.2
581 silly placeDep ROOT browserslist@4.28.2 OK for: autoprefixer@10.5.0 want: ^4.28.2
582 silly placeDep ROOT caniuse-lite@1.0.30001792 OK for: autoprefixer@10.5.0 want: ^1.0.30001787
583 silly placeDep ROOT fraction.js@5.3.4 OK for: autoprefixer@10.5.0 want: ^5.3.4
584 silly placeDep ROOT picocolors@1.1.1 OK for: autoprefixer@10.5.0 want: ^1.1.1
585 silly placeDep ROOT postcss-value-parser@4.2.0 OK for: autoprefixer@10.5.0 want: ^4.2.0
586 silly fetch manifest baseline-browser-mapping@^2.10.12
587 silly packumentCache full:https://registry.npmjs.org/baseline-browser-mapping cache-miss
588 silly fetch manifest caniuse-lite@^1.0.30001782
589 silly packumentCache full:https://registry.npmjs.org/caniuse-lite cache-miss
590 silly fetch manifest electron-to-chromium@^1.5.328
591 silly packumentCache full:https://registry.npmjs.org/electron-to-chromium cache-miss
592 silly fetch manifest node-releases@^2.0.36
593 silly packumentCache full:https://registry.npmjs.org/node-releases cache-miss
594 silly fetch manifest update-browserslist-db@^1.2.3
595 silly packumentCache full:https://registry.npmjs.org/update-browserslist-db cache-miss
596 http cache https://registry.npmjs.org/caniuse-lite 11ms (cache hit)
597 silly packumentCache full:https://registry.npmjs.org/caniuse-lite set size:2291079 disposed:false
598 http fetch GET 200 https://registry.npmjs.org/update-browserslist-db 46ms (cache miss)
599 silly packumentCache full:https://registry.npmjs.org/update-browserslist-db set size:undefined disposed:false
600 http fetch GET 200 https://registry.npmjs.org/node-releases 54ms (cache miss)
601 silly packumentCache full:https://registry.npmjs.org/node-releases set size:undefined disposed:false
602 http fetch GET 200 https://registry.npmjs.org/baseline-browser-mapping 57ms (cache miss)
603 silly packumentCache full:https://registry.npmjs.org/baseline-browser-mapping set size:undefined disposed:false
604 http fetch GET 200 https://registry.npmjs.org/electron-to-chromium 252ms (cache miss)
605 silly packumentCache full:https://registry.npmjs.org/electron-to-chromium set size:undefined disposed:false
606 silly fetch manifest browserslist@>= 4.21.0
607 silly packumentCache full:https://registry.npmjs.org/browserslist cache-miss
608 http cache https://registry.npmjs.org/browserslist 11ms (cache hit)
609 silly packumentCache full:https://registry.npmjs.org/browserslist set size:504681 disposed:false
610 silly placeDep ROOT baseline-browser-mapping@2.10.27 OK for: browserslist@4.28.2 want: ^2.10.12
611 silly placeDep ROOT electron-to-chromium@1.5.352 OK for: browserslist@4.28.2 want: ^1.5.328
612 silly placeDep ROOT node-releases@2.0.38 OK for: browserslist@4.28.2 want: ^2.0.36
613 silly placeDep ROOT update-browserslist-db@1.2.3 OK for: browserslist@4.28.2 want: ^1.2.3
614 silly fetch manifest escalade@^3.2.0
615 silly packumentCache full:https://registry.npmjs.org/escalade cache-miss
616 http fetch GET 200 https://registry.npmjs.org/escalade 28ms (cache miss)
617 silly packumentCache full:https://registry.npmjs.org/escalade set size:undefined disposed:false
618 silly fetch manifest eslint@^6.0.0 || ^7.0.0 || >=8.0.0
619 silly packumentCache full:https://registry.npmjs.org/eslint cache-miss
620 http cache https://registry.npmjs.org/eslint 5ms (cache hit)
621 silly packumentCache full:https://registry.npmjs.org/eslint set size:1990528 disposed:false
622 silly fetch manifest jiti@*
623 silly packumentCache full:https://registry.npmjs.org/jiti cache-miss
624 http cache https://registry.npmjs.org/jiti 4ms (cache hit)
625 silly packumentCache full:https://registry.npmjs.org/jiti set size:387989 disposed:false
626 silly placeDep ROOT @eslint-community/eslint-utils@4.9.1 OK for: eslint@8.57.1 want: ^4.2.0
627 silly placeDep ROOT @eslint-community/regexpp@4.12.2 OK for: eslint@8.57.1 want: ^4.6.1
628 silly placeDep ROOT @eslint/eslintrc@2.1.4 OK for: eslint@8.57.1 want: ^2.1.4
629 silly placeDep ROOT @eslint/js@8.57.1 OK for: eslint@8.57.1 want: 8.57.1
630 silly placeDep ROOT @humanwhocodes/config-array@0.13.0 OK for: eslint@8.57.1 want: ^0.13.0
631 silly placeDep ROOT @humanwhocodes/module-importer@1.0.1 OK for: eslint@8.57.1 want: ^1.0.1
632 silly placeDep ROOT @nodelib/fs.walk@1.2.8 OK for: eslint@8.57.1 want: ^1.2.8
633 silly placeDep ROOT @ungap/structured-clone@1.3.1 OK for: eslint@8.57.1 want: ^1.2.0
634 silly placeDep ROOT ajv@6.15.0 OK for: eslint@8.57.1 want: ^6.12.4
635 silly placeDep ROOT chalk@4.1.2 OK for: eslint@8.57.1 want: ^4.0.0
636 silly placeDep ROOT cross-spawn@7.0.6 OK for: eslint@8.57.1 want: ^7.0.2
637 silly placeDep ROOT debug@4.4.3 OK for: eslint@8.57.1 want: ^4.3.2
638 silly placeDep ROOT doctrine@3.0.0 OK for: eslint@8.57.1 want: ^3.0.0
639 silly placeDep ROOT escape-string-regexp@4.0.0 OK for: eslint@8.57.1 want: ^4.0.0
640 silly placeDep ROOT eslint-scope@7.2.2 OK for: eslint@8.57.1 want: ^7.2.2
641 silly placeDep ROOT eslint-visitor-keys@3.4.3 OK for: eslint@8.57.1 want: ^3.4.3
642 silly placeDep ROOT espree@9.6.1 OK for: eslint@8.57.1 want: ^9.6.1
643 silly placeDep ROOT esquery@1.7.0 OK for: eslint@8.57.1 want: ^1.4.2
644 silly placeDep ROOT esutils@2.0.3 OK for: eslint@8.57.1 want: ^2.0.2
645 silly placeDep ROOT fast-deep-equal@3.1.3 OK for: eslint@8.57.1 want: ^3.1.3
646 silly placeDep ROOT file-entry-cache@6.0.1 OK for: eslint@8.57.1 want: ^6.0.1
647 silly placeDep ROOT find-up@5.0.0 OK for: eslint@8.57.1 want: ^5.0.0
648 silly placeDep ROOT glob-parent@6.0.2 OK for: eslint@8.57.1 want: ^6.0.2
649 silly placeDep ROOT globals@13.24.0 OK for: eslint@8.57.1 want: ^13.19.0
650 silly placeDep ROOT graphemer@1.4.0 OK for: eslint@8.57.1 want: ^1.4.0
651 silly placeDep ROOT ignore@5.3.2 OK for: eslint@8.57.1 want: ^5.2.0
652 silly placeDep ROOT imurmurhash@0.1.4 OK for: eslint@8.57.1 want: ^0.1.4
653 silly placeDep ROOT is-glob@4.0.3 OK for: eslint@8.57.1 want: ^4.0.0
654 silly placeDep ROOT is-path-inside@3.0.3 OK for: eslint@8.57.1 want: ^3.0.3
655 silly placeDep ROOT js-yaml@4.1.1 OK for: eslint@8.57.1 want: ^4.1.0
656 silly placeDep ROOT json-stable-stringify-without-jsonify@1.0.1 OK for: eslint@8.57.1 want: ^1.0.1
657 silly placeDep ROOT levn@0.4.1 OK for: eslint@8.57.1 want: ^0.4.1
658 silly placeDep ROOT lodash.merge@4.6.2 OK for: eslint@8.57.1 want: ^4.6.2
659 silly placeDep ROOT minimatch@3.1.5 OK for: eslint@8.57.1 want: ^3.1.2
660 silly placeDep ROOT natural-compare@1.4.0 OK for: eslint@8.57.1 want: ^1.4.0
661 silly placeDep ROOT optionator@0.9.4 OK for: eslint@8.57.1 want: ^0.9.3
662 silly placeDep ROOT strip-ansi@6.0.1 OK for: eslint@8.57.1 want: ^6.0.1
663 silly placeDep ROOT text-table@0.2.0 OK for: eslint@8.57.1 want: ^0.2.0
664 silly fetch manifest espree@^9.6.0
665 silly packumentCache full:https://registry.npmjs.org/espree cache-miss
666 silly fetch manifest import-fresh@^3.2.1
667 silly packumentCache full:https://registry.npmjs.org/import-fresh cache-miss
668 silly fetch manifest strip-json-comments@^3.1.1
669 silly packumentCache full:https://registry.npmjs.org/strip-json-comments cache-miss
670 silly fetch manifest debug@^4.3.1
671 silly packumentCache full:https://registry.npmjs.org/debug cache-miss
672 silly fetch manifest minimatch@^3.0.5
673 silly packumentCache full:https://registry.npmjs.org/minimatch cache-miss
674 silly fetch manifest @humanwhocodes/object-schema@^2.0.3
675 silly packumentCache full:https://registry.npmjs.org/@humanwhocodes%2fobject-schema cache-miss
676 silly fetch manifest fastq@^1.6.0
677 silly packumentCache full:https://registry.npmjs.org/fastq cache-miss
678 silly fetch manifest @nodelib/fs.scandir@2.1.5
679 silly packumentCache full:https://registry.npmjs.org/@nodelib%2ffs.scandir cache-miss
680 silly fetch manifest uri-js@^4.2.2
681 silly packumentCache full:https://registry.npmjs.org/uri-js cache-miss
682 silly fetch manifest fast-deep-equal@^3.1.1
683 silly packumentCache full:https://registry.npmjs.org/fast-deep-equal cache-miss
684 silly fetch manifest json-schema-traverse@^0.4.1
685 silly packumentCache full:https://registry.npmjs.org/json-schema-traverse cache-miss
686 silly fetch manifest fast-json-stable-stringify@^2.0.0
687 silly packumentCache full:https://registry.npmjs.org/fast-json-stable-stringify cache-miss
688 silly fetch manifest ansi-styles@^4.1.0
689 silly packumentCache full:https://registry.npmjs.org/ansi-styles cache-miss
690 silly fetch manifest supports-color@^7.1.0
691 silly packumentCache full:https://registry.npmjs.org/supports-color cache-miss
692 silly fetch manifest which@^2.0.1
693 silly packumentCache full:https://registry.npmjs.org/which cache-miss
694 http cache https://registry.npmjs.org/debug 17ms (cache hit)
695 silly packumentCache full:https://registry.npmjs.org/debug set size:195840 disposed:false
696 silly fetch manifest path-key@^3.1.0
697 silly packumentCache full:https://registry.npmjs.org/path-key cache-miss
698 http cache https://registry.npmjs.org/fast-deep-equal 18ms (cache hit)
699 silly packumentCache full:https://registry.npmjs.org/fast-deep-equal set size:48634 disposed:false
700 silly fetch manifest shebang-command@^2.0.0
701 silly packumentCache full:https://registry.npmjs.org/shebang-command cache-miss
702 http cache https://registry.npmjs.org/espree 23ms (cache hit)
703 silly packumentCache full:https://registry.npmjs.org/espree set size:326080 disposed:false
704 silly fetch manifest ms@^2.1.3
705 silly packumentCache full:https://registry.npmjs.org/ms cache-miss
706 http cache https://registry.npmjs.org/minimatch 26ms (cache hit)
707 silly packumentCache full:https://registry.npmjs.org/minimatch set size:375282 disposed:false
708 silly fetch manifest esrecurse@^4.3.0
709 silly packumentCache full:https://registry.npmjs.org/esrecurse cache-miss
710 http cache https://registry.npmjs.org/which 27ms (cache hit)
711 silly packumentCache full:https://registry.npmjs.org/which set size:67698 disposed:false
712 silly fetch manifest estraverse@^5.2.0
713 silly packumentCache full:https://registry.npmjs.org/estraverse cache-miss
714 http fetch GET 200 https://registry.npmjs.org/import-fresh 52ms (cache miss)
715 silly packumentCache full:https://registry.npmjs.org/import-fresh set size:undefined disposed:false
716 silly fetch manifest acorn@^8.9.0
717 silly packumentCache full:https://registry.npmjs.org/acorn cache-miss
718 http fetch GET 200 https://registry.npmjs.org/fast-json-stable-stringify 52ms (cache miss)
719 silly packumentCache full:https://registry.npmjs.org/fast-json-stable-stringify set size:undefined disposed:false
720 silly fetch manifest acorn-jsx@^5.3.2
721 silly packumentCache full:https://registry.npmjs.org/acorn-jsx cache-miss
722 http fetch GET 200 https://registry.npmjs.org/shebang-command 35ms (cache miss)
723 silly packumentCache full:https://registry.npmjs.org/shebang-command set size:undefined disposed:false
724 silly fetch manifest estraverse@^5.1.0
725 silly packumentCache full:https://registry.npmjs.org/estraverse cache-miss
726 http fetch GET 200 https://registry.npmjs.org/uri-js 55ms (cache miss)
727 silly packumentCache full:https://registry.npmjs.org/uri-js set size:undefined disposed:false
728 silly fetch manifest flat-cache@^3.0.4
729 silly packumentCache full:https://registry.npmjs.org/flat-cache cache-miss
730 http fetch GET 200 https://registry.npmjs.org/fastq 57ms (cache miss)
731 silly packumentCache full:https://registry.npmjs.org/fastq set size:undefined disposed:false
732 silly fetch manifest locate-path@^6.0.0
733 silly packumentCache full:https://registry.npmjs.org/locate-path cache-miss
734 http fetch GET 200 https://registry.npmjs.org/supports-color 57ms (cache miss)
735 silly packumentCache full:https://registry.npmjs.org/supports-color set size:undefined disposed:false
736 silly fetch manifest path-exists@^4.0.0
737 silly packumentCache full:https://registry.npmjs.org/path-exists cache-miss
738 http fetch GET 200 https://registry.npmjs.org/strip-json-comments 65ms (cache miss)
739 silly packumentCache full:https://registry.npmjs.org/strip-json-comments set size:undefined disposed:false
740 silly fetch manifest type-fest@^0.20.2
741 silly packumentCache full:https://registry.npmjs.org/type-fest cache-miss
742 http fetch GET 200 https://registry.npmjs.org/path-key 48ms (cache miss)
743 silly packumentCache full:https://registry.npmjs.org/path-key set size:undefined disposed:false
744 silly fetch manifest is-extglob@^2.1.1
745 silly packumentCache full:https://registry.npmjs.org/is-extglob cache-miss
746 http fetch GET 200 https://registry.npmjs.org/estraverse 39ms (cache miss)
747 silly packumentCache full:https://registry.npmjs.org/estraverse set size:undefined disposed:false
748 silly fetch manifest argparse@^2.0.1
749 silly packumentCache full:https://registry.npmjs.org/argparse cache-miss
750 http fetch GET 200 https://registry.npmjs.org/ms 47ms (cache miss)
751 silly packumentCache full:https://registry.npmjs.org/ms set size:undefined disposed:false
752 silly fetch manifest prelude-ls@^1.2.1
753 silly packumentCache full:https://registry.npmjs.org/prelude-ls cache-miss
754 http fetch GET 200 https://registry.npmjs.org/esrecurse 51ms (cache miss)
755 silly packumentCache full:https://registry.npmjs.org/esrecurse set size:undefined disposed:false
756 silly fetch manifest type-check@~0.4.0
757 silly packumentCache full:https://registry.npmjs.org/type-check cache-miss
758 http fetch GET 200 https://registry.npmjs.org/locate-path 33ms (cache miss)
759 silly packumentCache full:https://registry.npmjs.org/locate-path set size:undefined disposed:false
760 silly fetch manifest brace-expansion@^1.1.7
761 silly packumentCache full:https://registry.npmjs.org/brace-expansion cache-miss
762 http fetch GET 200 https://registry.npmjs.org/estraverse 40ms (cache miss)
763 silly packumentCache full:https://registry.npmjs.org/estraverse set size:undefined disposed:false
764 silly fetch manifest prelude-ls@^1.2.1
765 silly packumentCache full:https://registry.npmjs.org/prelude-ls cache-miss
766 http fetch GET 200 https://registry.npmjs.org/acorn-jsx 42ms (cache miss)
767 silly packumentCache full:https://registry.npmjs.org/acorn-jsx set size:undefined disposed:false
768 silly fetch manifest deep-is@^0.1.3
769 silly packumentCache full:https://registry.npmjs.org/deep-is cache-miss
770 http fetch GET 200 https://registry.npmjs.org/path-exists 37ms (cache miss)
771 silly packumentCache full:https://registry.npmjs.org/path-exists set size:undefined disposed:false
772 silly fetch manifest word-wrap@^1.2.5
773 silly packumentCache full:https://registry.npmjs.org/word-wrap cache-miss
774 http fetch GET 200 https://registry.npmjs.org/acorn 49ms (cache miss)
775 silly packumentCache full:https://registry.npmjs.org/acorn set size:undefined disposed:false
776 silly fetch manifest type-check@^0.4.0
777 silly packumentCache full:https://registry.npmjs.org/type-check cache-miss
778 http fetch GET 200 https://registry.npmjs.org/argparse 37ms (cache miss)
779 silly packumentCache full:https://registry.npmjs.org/argparse set size:undefined disposed:false
780 silly fetch manifest fast-levenshtein@^2.0.6
781 silly packumentCache full:https://registry.npmjs.org/fast-levenshtein cache-miss
782 http fetch GET 200 https://registry.npmjs.org/is-extglob 40ms (cache miss)
783 silly packumentCache full:https://registry.npmjs.org/is-extglob set size:undefined disposed:false
784 silly fetch manifest ansi-regex@^5.0.1
785 silly packumentCache full:https://registry.npmjs.org/ansi-regex cache-miss
786 http fetch GET 200 https://registry.npmjs.org/prelude-ls 40ms (cache miss)
787 silly packumentCache full:https://registry.npmjs.org/prelude-ls set size:undefined disposed:false
788 http fetch GET 200 https://registry.npmjs.org/flat-cache 57ms (cache miss)
789 silly packumentCache full:https://registry.npmjs.org/flat-cache set size:undefined disposed:false
790 http fetch GET 200 https://registry.npmjs.org/prelude-ls 26ms (cache miss)
791 silly packumentCache full:https://registry.npmjs.org/prelude-ls set size:undefined disposed:false
792 http fetch GET 200 https://registry.npmjs.org/brace-expansion 30ms (cache miss)
793 silly packumentCache full:https://registry.npmjs.org/brace-expansion set size:undefined disposed:false
794 http fetch GET 200 https://registry.npmjs.org/type-check 30ms (cache miss)
795 silly packumentCache full:https://registry.npmjs.org/type-check set size:undefined disposed:false
796 http fetch GET 200 https://registry.npmjs.org/deep-is 39ms (cache miss)
797 silly packumentCache full:https://registry.npmjs.org/deep-is set size:undefined disposed:false
798 http fetch GET 200 https://registry.npmjs.org/fast-levenshtein 31ms (cache miss)
799 silly packumentCache full:https://registry.npmjs.org/fast-levenshtein set size:undefined disposed:false
800 http fetch GET 200 https://registry.npmjs.org/word-wrap 45ms (cache miss)
801 silly packumentCache full:https://registry.npmjs.org/word-wrap set size:undefined disposed:false
802 http fetch GET 200 https://registry.npmjs.org/ansi-regex 38ms (cache miss)
803 silly packumentCache full:https://registry.npmjs.org/ansi-regex set size:undefined disposed:false
804 http fetch GET 200 https://registry.npmjs.org/@nodelib%2ffs.scandir 252ms (cache miss)
805 silly packumentCache full:https://registry.npmjs.org/@nodelib%2ffs.scandir set size:undefined disposed:false
806 http fetch GET 200 https://registry.npmjs.org/ansi-styles 280ms (cache miss)
807 silly packumentCache full:https://registry.npmjs.org/ansi-styles set size:undefined disposed:false
808 http fetch GET 200 https://registry.npmjs.org/type-check 272ms (cache miss)
809 silly packumentCache full:https://registry.npmjs.org/type-check set size:undefined disposed:false
810 http fetch GET 200 https://registry.npmjs.org/type-fest 299ms (cache miss)
811 silly packumentCache full:https://registry.npmjs.org/type-fest set size:undefined disposed:false
812 http fetch GET 200 https://registry.npmjs.org/@humanwhocodes%2fobject-schema 731ms (cache miss)
813 silly packumentCache full:https://registry.npmjs.org/@humanwhocodes%2fobject-schema set size:undefined disposed:false
814 http fetch GET 200 https://registry.npmjs.org/json-schema-traverse 763ms (cache miss)
815 silly packumentCache full:https://registry.npmjs.org/json-schema-traverse set size:undefined disposed:false
816 silly placeDep ROOT import-fresh@3.3.1 OK for: @eslint/eslintrc@2.1.4 want: ^3.2.1
817 silly placeDep ROOT strip-json-comments@3.1.1 OK for: @eslint/eslintrc@2.1.4 want: ^3.1.1
818 silly fetch manifest resolve-from@^4.0.0
819 silly packumentCache full:https://registry.npmjs.org/resolve-from cache-miss
820 silly fetch manifest parent-module@^1.0.0
821 silly packumentCache full:https://registry.npmjs.org/parent-module cache-miss
822 http fetch GET 200 https://registry.npmjs.org/resolve-from 33ms (cache miss)
823 silly packumentCache full:https://registry.npmjs.org/resolve-from set size:undefined disposed:false
824 http fetch GET 200 https://registry.npmjs.org/parent-module 378ms (cache miss)
825 silly packumentCache full:https://registry.npmjs.org/parent-module set size:undefined disposed:false
826 silly placeDep ROOT @humanwhocodes/object-schema@2.0.3 OK for: @humanwhocodes/config-array@0.13.0 want: ^2.0.3
827 silly placeDep ROOT @nodelib/fs.scandir@2.1.5 OK for: @nodelib/fs.walk@1.2.8 want: 2.1.5
828 silly placeDep ROOT fastq@1.20.1 OK for: @nodelib/fs.walk@1.2.8 want: ^1.6.0
829 silly fetch manifest run-parallel@^1.1.9
830 silly packumentCache full:https://registry.npmjs.org/run-parallel cache-miss
831 silly fetch manifest @nodelib/fs.stat@2.0.5
832 silly packumentCache full:https://registry.npmjs.org/@nodelib%2ffs.stat cache-miss
833 silly fetch manifest reusify@^1.0.4
834 silly packumentCache full:https://registry.npmjs.org/reusify cache-miss
835 http fetch GET 200 https://registry.npmjs.org/reusify 30ms (cache miss)
836 silly packumentCache full:https://registry.npmjs.org/reusify set size:undefined disposed:false
837 http fetch GET 200 https://registry.npmjs.org/run-parallel 31ms (cache miss)
838 silly packumentCache full:https://registry.npmjs.org/run-parallel set size:undefined disposed:false
839 http fetch GET 200 https://registry.npmjs.org/@nodelib%2ffs.stat 63ms (cache miss)
840 silly packumentCache full:https://registry.npmjs.org/@nodelib%2ffs.stat set size:undefined disposed:false
841 silly placeDep ROOT @nodelib/fs.stat@2.0.5 OK for: @nodelib/fs.scandir@2.1.5 want: 2.0.5
842 silly placeDep ROOT run-parallel@1.2.0 OK for: @nodelib/fs.scandir@2.1.5 want: ^1.1.9
843 silly fetch manifest queue-microtask@^1.2.2
844 silly packumentCache full:https://registry.npmjs.org/queue-microtask cache-miss
845 http fetch GET 200 https://registry.npmjs.org/queue-microtask 38ms (cache miss)
846 silly packumentCache full:https://registry.npmjs.org/queue-microtask set size:undefined disposed:false
847 silly placeDep ROOT fast-json-stable-stringify@2.1.0 OK for: ajv@6.15.0 want: ^2.0.0
848 silly placeDep ROOT json-schema-traverse@0.4.1 OK for: ajv@6.15.0 want: ^0.4.1
849 silly placeDep ROOT uri-js@4.4.1 OK for: ajv@6.15.0 want: ^4.2.2
850 silly fetch manifest punycode@^2.1.0
851 silly packumentCache full:https://registry.npmjs.org/punycode cache-miss
852 http fetch GET 200 https://registry.npmjs.org/punycode 28ms (cache miss)
853 silly packumentCache full:https://registry.npmjs.org/punycode set size:undefined disposed:false
854 silly placeDep ROOT ansi-styles@4.3.0 OK for: chalk@4.1.2 want: ^4.1.0
855 silly placeDep ROOT supports-color@7.2.0 OK for: chalk@4.1.2 want: ^7.1.0
856 silly fetch manifest color-convert@^2.0.1
857 silly packumentCache full:https://registry.npmjs.org/color-convert cache-miss
858 silly fetch manifest has-flag@^4.0.0
859 silly packumentCache full:https://registry.npmjs.org/has-flag cache-miss
860 http fetch GET 200 https://registry.npmjs.org/color-convert 35ms (cache miss)
861 silly packumentCache full:https://registry.npmjs.org/color-convert set size:undefined disposed:false
862 http fetch GET 200 https://registry.npmjs.org/has-flag 42ms (cache miss)
863 silly packumentCache full:https://registry.npmjs.org/has-flag set size:undefined disposed:false
864 silly placeDep ROOT color-convert@2.0.1 OK for: ansi-styles@4.3.0 want: ^2.0.1
865 silly fetch manifest color-name@~1.1.4
866 silly packumentCache full:https://registry.npmjs.org/color-name cache-miss
867 http fetch GET 200 https://registry.npmjs.org/color-name 31ms (cache miss)
868 silly packumentCache full:https://registry.npmjs.org/color-name set size:undefined disposed:false
869 silly placeDep ROOT color-name@1.1.4 OK for: color-convert@2.0.1 want: ~1.1.4
870 silly placeDep ROOT path-key@3.1.1 OK for: cross-spawn@7.0.6 want: ^3.1.0
871 silly placeDep ROOT shebang-command@2.0.0 OK for: cross-spawn@7.0.6 want: ^2.0.0
872 silly placeDep ROOT which@2.0.2 OK for: cross-spawn@7.0.6 want: ^2.0.1
873 silly fetch manifest shebang-regex@^3.0.0
874 silly packumentCache full:https://registry.npmjs.org/shebang-regex cache-miss
875 silly fetch manifest isexe@^2.0.0
876 silly packumentCache full:https://registry.npmjs.org/isexe cache-miss
877 http fetch GET 200 https://registry.npmjs.org/isexe 38ms (cache miss)
878 silly packumentCache full:https://registry.npmjs.org/isexe set size:undefined disposed:false
879 http fetch GET 200 https://registry.npmjs.org/shebang-regex 793ms (cache miss)
880 silly packumentCache full:https://registry.npmjs.org/shebang-regex set size:undefined disposed:false
881 silly placeDep ROOT ms@2.1.3 OK for: debug@4.4.3 want: ^2.1.3
882 silly fetch manifest eslint@^7.23.0 || ^8.0.0
883 silly packumentCache full:https://registry.npmjs.org/eslint cache-miss
884 http cache https://registry.npmjs.org/eslint 6ms (cache hit)
885 silly packumentCache full:https://registry.npmjs.org/eslint set size:1990528 disposed:false
886 silly fetch manifest typescript@>=3.3.1
887 silly packumentCache full:https://registry.npmjs.org/typescript cache-miss
888 http cache https://registry.npmjs.org/typescript 27ms (cache hit)
889 silly packumentCache full:https://registry.npmjs.org/typescript set size:15409943 disposed:false
890 silly fetch manifest eslint-plugin-import-x@*
891 silly packumentCache full:https://registry.npmjs.org/eslint-plugin-import-x cache-miss
892 http fetch GET 200 https://registry.npmjs.org/eslint-plugin-import-x 350ms (cache miss)
893 silly packumentCache full:https://registry.npmjs.org/eslint-plugin-import-x set size:undefined disposed:false
894 silly fetch manifest @typescript-eslint/utils@^8.56.0
895 silly packumentCache full:https://registry.npmjs.org/@typescript-eslint%2futils cache-miss
896 http fetch GET 200 https://registry.npmjs.org/@typescript-eslint%2futils 305ms (cache miss)
897 silly packumentCache full:https://registry.npmjs.org/@typescript-eslint%2futils set size:undefined disposed:false
898 silly placeDep ROOT @next/eslint-plugin-next@14.2.29 OK for: eslint-config-next@14.2.29 want: 14.2.29
899 silly placeDep ROOT @rushstack/eslint-patch@1.16.1 OK for: eslint-config-next@14.2.29 want: ^1.3.3
900 silly placeDep ROOT @typescript-eslint/eslint-plugin@8.59.2 OK for: eslint-config-next@14.2.29 want: ^5.4.2 || ^6.0.0 || ^7.0.0 || ^8.0.0
901 silly placeDep ROOT @typescript-eslint/parser@8.59.2 OK for: @typescript-eslint/eslint-plugin@8.59.2 want: ^8.59.2
902 silly placeDep ROOT eslint-import-resolver-node@0.3.10 OK for: eslint-config-next@14.2.29 want: ^0.3.6
903 silly placeDep ROOT eslint-import-resolver-typescript@3.10.1 OK for: eslint-config-next@14.2.29 want: ^3.5.2
904 silly placeDep ROOT eslint-plugin-import@2.32.0 OK for: eslint-config-next@14.2.29 want: ^2.28.1
905 silly placeDep ROOT eslint-plugin-jsx-a11y@6.10.2 OK for: eslint-config-next@14.2.29 want: ^6.7.1
906 silly placeDep ROOT eslint-plugin-react@7.37.5 OK for: eslint-config-next@14.2.29 want: ^7.33.2
907 silly placeDep ROOT eslint-plugin-react-hooks@5.0.0-canary-7118f5dd7-20230705 OK for: eslint-config-next@14.2.29 want: ^4.5.0 || 5.0.0-canary-7118f5dd7-20230705
908 silly fetch manifest glob@10.3.10
909 silly packumentCache full:https://registry.npmjs.org/glob cache-miss
910 silly fetch manifest ignore@^7.0.5
911 silly packumentCache full:https://registry.npmjs.org/ignore cache-miss
912 silly fetch manifest ts-api-utils@^2.5.0
913 silly packumentCache full:https://registry.npmjs.org/ts-api-utils cache-miss
914 silly fetch manifest @typescript-eslint/utils@8.59.2
915 silly packumentCache full:https://registry.npmjs.org/@typescript-eslint%2futils cache-miss
916 silly fetch manifest @typescript-eslint/type-utils@8.59.2
917 silly packumentCache full:https://registry.npmjs.org/@typescript-eslint%2ftype-utils cache-miss
918 silly fetch manifest @typescript-eslint/visitor-keys@8.59.2
919 silly packumentCache full:https://registry.npmjs.org/@typescript-eslint%2fvisitor-keys cache-miss
920 silly fetch manifest @typescript-eslint/scope-manager@8.59.2
921 silly packumentCache full:https://registry.npmjs.org/@typescript-eslint%2fscope-manager cache-miss
922 silly fetch manifest @typescript-eslint/types@8.59.2
923 silly packumentCache full:https://registry.npmjs.org/@typescript-eslint%2ftypes cache-miss
924 silly fetch manifest @typescript-eslint/visitor-keys@8.59.2
925 silly packumentCache full:https://registry.npmjs.org/@typescript-eslint%2fvisitor-keys cache-miss
926 silly fetch manifest @typescript-eslint/scope-manager@8.59.2
927 silly packumentCache full:https://registry.npmjs.org/@typescript-eslint%2fscope-manager cache-miss
928 silly fetch manifest @typescript-eslint/typescript-estree@8.59.2
929 silly packumentCache full:https://registry.npmjs.org/@typescript-eslint%2ftypescript-estree cache-miss
930 silly fetch manifest debug@^3.2.7
931 silly packumentCache full:https://registry.npmjs.org/debug cache-hit
932 silly fetch manifest is-core-module@^2.16.1
933 silly packumentCache full:https://registry.npmjs.org/is-core-module cache-miss
934 silly fetch manifest resolve@^2.0.0-next.6
935 silly packumentCache full:https://registry.npmjs.org/resolve cache-miss
936 silly fetch manifest tinyglobby@^0.2.13
937 silly packumentCache full:https://registry.npmjs.org/tinyglobby cache-miss
938 silly fetch manifest stable-hash@^0.0.5
939 silly packumentCache full:https://registry.npmjs.org/stable-hash cache-miss
940 http cache https://registry.npmjs.org/ignore 13ms (cache hit)
941 silly packumentCache full:https://registry.npmjs.org/ignore set size:237380 disposed:false
942 silly fetch manifest get-tsconfig@^4.10.0
943 silly packumentCache full:https://registry.npmjs.org/get-tsconfig cache-miss
944 http cache https://registry.npmjs.org/resolve 13ms (cache hit)
945 silly packumentCache full:https://registry.npmjs.org/resolve set size:252941 disposed:false
946 silly fetch manifest is-bun-module@^2.0.0
947 silly packumentCache full:https://registry.npmjs.org/is-bun-module cache-miss
948 http cache https://registry.npmjs.org/@typescript-eslint%2futils 34ms (cache hit)
949 silly packumentCache full:https://registry.npmjs.org/@typescript-eslint%2futils set size:10085465 disposed:false
950 silly fetch manifest unrs-resolver@^1.6.2
951 silly packumentCache full:https://registry.npmjs.org/unrs-resolver cache-miss
952 http fetch GET 200 https://registry.npmjs.org/stable-hash 81ms (cache miss)
953 silly packumentCache full:https://registry.npmjs.org/stable-hash set size:undefined disposed:false
954 silly fetch manifest @nolyfill/is-core-module@1.0.39
955 silly packumentCache full:https://registry.npmjs.org/@nolyfill%2fis-core-module cache-miss
956 http fetch GET 200 https://registry.npmjs.org/tinyglobby 92ms (cache miss)
957 silly packumentCache full:https://registry.npmjs.org/tinyglobby set size:undefined disposed:false
958 silly fetch manifest @rtsao/scc@^1.1.0
959 silly packumentCache full:https://registry.npmjs.org/@rtsao%2fscc cache-miss
960 http fetch GET 200 https://registry.npmjs.org/is-bun-module 78ms (cache miss)
961 silly packumentCache full:https://registry.npmjs.org/is-bun-module set size:undefined disposed:false
962 silly fetch manifest array-includes@^3.1.9
963 silly packumentCache full:https://registry.npmjs.org/array-includes cache-miss
964 http fetch GET 200 https://registry.npmjs.org/is-core-module 97ms (cache miss)
965 silly packumentCache full:https://registry.npmjs.org/is-core-module set size:undefined disposed:false
966 silly fetch manifest array.prototype.findlastindex@^1.2.6
967 silly packumentCache full:https://registry.npmjs.org/array.prototype.findlastindex cache-miss
968 http fetch GET 200 https://registry.npmjs.org/get-tsconfig 86ms (cache miss)
969 silly packumentCache full:https://registry.npmjs.org/get-tsconfig set size:undefined disposed:false
970 silly fetch manifest array.prototype.flat@^1.3.3
971 silly packumentCache full:https://registry.npmjs.org/array.prototype.flat cache-miss
972 http fetch GET 200 https://registry.npmjs.org/ts-api-utils 105ms (cache miss)
973 silly packumentCache full:https://registry.npmjs.org/ts-api-utils set size:undefined disposed:false
974 silly fetch manifest array.prototype.flatmap@^1.3.3
975 silly packumentCache full:https://registry.npmjs.org/array.prototype.flatmap cache-miss
976 http fetch GET 200 https://registry.npmjs.org/unrs-resolver 129ms (cache miss)
977 silly packumentCache full:https://registry.npmjs.org/unrs-resolver set size:undefined disposed:false
978 silly fetch manifest doctrine@^2.1.0
979 silly packumentCache full:https://registry.npmjs.org/doctrine cache-miss
980 http cache https://registry.npmjs.org/doctrine 3ms (cache hit)
981 silly packumentCache full:https://registry.npmjs.org/doctrine set size:64052 disposed:false
982 silly fetch manifest eslint-module-utils@^2.12.1
983 silly packumentCache full:https://registry.npmjs.org/eslint-module-utils cache-miss
984 http fetch GET 200 https://registry.npmjs.org/array.prototype.flatmap 136ms (cache miss)
985 silly packumentCache full:https://registry.npmjs.org/array.prototype.flatmap set size:undefined disposed:false
986 silly fetch manifest hasown@^2.0.2
987 silly packumentCache full:https://registry.npmjs.org/hasown cache-miss
988 http fetch GET 200 https://registry.npmjs.org/array.prototype.flat 150ms (cache miss)
989 silly packumentCache full:https://registry.npmjs.org/array.prototype.flat set size:undefined disposed:false
990 silly fetch manifest object.fromentries@^2.0.8
991 silly packumentCache full:https://registry.npmjs.org/object.fromentries cache-miss
992 http fetch GET 200 https://registry.npmjs.org/hasown 122ms (cache miss)
993 silly packumentCache full:https://registry.npmjs.org/hasown set size:undefined disposed:false
994 silly fetch manifest object.groupby@^1.0.3
995 silly packumentCache full:https://registry.npmjs.org/object.groupby cache-miss
996 http fetch GET 200 https://registry.npmjs.org/glob 466ms (cache miss)
997 silly packumentCache full:https://registry.npmjs.org/glob set size:undefined disposed:false
998 silly fetch manifest object.values@^1.2.1
999 silly packumentCache full:https://registry.npmjs.org/object.values cache-miss
1000 http fetch GET 200 https://registry.npmjs.org/@nolyfill%2fis-core-module 393ms (cache miss)
1001 silly packumentCache full:https://registry.npmjs.org/@nolyfill%2fis-core-module set size:undefined disposed:false
1002 silly fetch manifest semver@^6.3.1
1003 silly packumentCache full:https://registry.npmjs.org/semver cache-miss
1004 http fetch GET 200 https://registry.npmjs.org/array-includes 385ms (cache miss)
1005 silly packumentCache full:https://registry.npmjs.org/array-includes set size:undefined disposed:false
1006 silly fetch manifest string.prototype.trimend@^1.0.9
1007 silly packumentCache full:https://registry.npmjs.org/string.prototype.trimend cache-miss
1008 http fetch GET 200 https://registry.npmjs.org/array.prototype.findlastindex 406ms (cache miss)
1009 silly packumentCache full:https://registry.npmjs.org/array.prototype.findlastindex set size:undefined disposed:false
1010 silly fetch manifest tsconfig-paths@^3.15.0
1011 silly packumentCache full:https://registry.npmjs.org/tsconfig-paths cache-miss
1012 http fetch GET 200 https://registry.npmjs.org/@rtsao%2fscc 440ms (cache miss)
1013 silly packumentCache full:https://registry.npmjs.org/@rtsao%2fscc set size:undefined disposed:false
1014 silly fetch manifest aria-query@^5.3.2
1015 silly packumentCache full:https://registry.npmjs.org/aria-query cache-miss
1016 http fetch GET 200 https://registry.npmjs.org/eslint-module-utils 357ms (cache miss)
1017 silly packumentCache full:https://registry.npmjs.org/eslint-module-utils set size:undefined disposed:false
1018 silly fetch manifest array-includes@^3.1.8
1019 silly packumentCache full:https://registry.npmjs.org/array-includes cache-miss
1020 http cache https://registry.npmjs.org/array-includes 6ms (cache hit)
1021 silly packumentCache full:https://registry.npmjs.org/array-includes set size:77143 disposed:false
1022 silly fetch manifest array.prototype.flatmap@^1.3.2
1023 silly packumentCache full:https://registry.npmjs.org/array.prototype.flatmap cache-miss
1024 http cache https://registry.npmjs.org/array.prototype.flatmap 11ms (cache hit)
1025 silly packumentCache full:https://registry.npmjs.org/array.prototype.flatmap set size:51458 disposed:false
1026 silly fetch manifest ast-types-flow@^0.0.8
1027 silly packumentCache full:https://registry.npmjs.org/ast-types-flow cache-miss
1028 http fetch GET 200 https://registry.npmjs.org/string.prototype.trimend 108ms (cache miss)
1029 silly packumentCache full:https://registry.npmjs.org/string.prototype.trimend set size:undefined disposed:false
1030 silly fetch manifest axe-core@^4.10.0
1031 silly packumentCache full:https://registry.npmjs.org/axe-core cache-miss
1032 http fetch GET 200 https://registry.npmjs.org/semver 135ms (cache miss)
1033 silly packumentCache full:https://registry.npmjs.org/semver set size:undefined disposed:false
1034 silly fetch manifest axobject-query@^4.1.0
1035 silly packumentCache full:https://registry.npmjs.org/axobject-query cache-miss
1036 http fetch GET 200 https://registry.npmjs.org/object.values 152ms (cache miss)
1037 silly packumentCache full:https://registry.npmjs.org/object.values set size:undefined disposed:false
1038 silly fetch manifest damerau-levenshtein@^1.0.8
1039 silly packumentCache full:https://registry.npmjs.org/damerau-levenshtein cache-miss
1040 http fetch GET 200 https://registry.npmjs.org/object.fromentries 383ms (cache miss)
1041 silly packumentCache full:https://registry.npmjs.org/object.fromentries set size:undefined disposed:false
1042 silly fetch manifest emoji-regex@^9.2.2
1043 silly packumentCache full:https://registry.npmjs.org/emoji-regex cache-miss
1044 http fetch GET 200 https://registry.npmjs.org/tsconfig-paths 134ms (cache miss)
1045 silly packumentCache full:https://registry.npmjs.org/tsconfig-paths set size:undefined disposed:false
1046 silly fetch manifest jsx-ast-utils@^3.3.5
1047 silly packumentCache full:https://registry.npmjs.org/jsx-ast-utils cache-miss
1048 http fetch GET 200 https://registry.npmjs.org/@typescript-eslint%2fscope-manager 683ms (cache miss)
1049 silly packumentCache full:https://registry.npmjs.org/@typescript-eslint%2fscope-manager set size:undefined disposed:false
1050 silly fetch manifest language-tags@^1.0.9
1051 silly packumentCache full:https://registry.npmjs.org/language-tags cache-miss
1052 http fetch GET 200 https://registry.npmjs.org/object.groupby 382ms (cache miss)
1053 silly packumentCache full:https://registry.npmjs.org/object.groupby set size:undefined disposed:false
1054 silly fetch manifest safe-regex-test@^1.0.3
1055 silly packumentCache full:https://registry.npmjs.org/safe-regex-test cache-miss
1056 http fetch GET 200 https://registry.npmjs.org/damerau-levenshtein 130ms (cache miss)
1057 silly packumentCache full:https://registry.npmjs.org/damerau-levenshtein set size:undefined disposed:false
1058 silly fetch manifest string.prototype.includes@^2.0.1
1059 silly packumentCache full:https://registry.npmjs.org/string.prototype.includes cache-miss
1060 http fetch GET 200 https://registry.npmjs.org/axobject-query 139ms (cache miss)
1061 silly packumentCache full:https://registry.npmjs.org/axobject-query set size:undefined disposed:false
1062 silly fetch manifest array.prototype.findlast@^1.2.5
1063 silly packumentCache full:https://registry.npmjs.org/array.prototype.findlast cache-miss
1064 http fetch GET 200 https://registry.npmjs.org/@typescript-eslint%2ftypes 757ms (cache miss)
1065 silly packumentCache full:https://registry.npmjs.org/@typescript-eslint%2ftypes set size:undefined disposed:false
1066 silly fetch manifest array.prototype.tosorted@^1.1.4
1067 silly packumentCache full:https://registry.npmjs.org/array.prototype.tosorted cache-miss
1068 http fetch GET 200 https://registry.npmjs.org/jsx-ast-utils 163ms (cache miss)
1069 silly packumentCache full:https://registry.npmjs.org/jsx-ast-utils set size:undefined disposed:false
1070 silly fetch manifest es-iterator-helpers@^1.2.1
1071 silly packumentCache full:https://registry.npmjs.org/es-iterator-helpers cache-miss
1072 http fetch GET 200 https://registry.npmjs.org/array.prototype.findlast 68ms (cache miss)
1073 silly packumentCache full:https://registry.npmjs.org/array.prototype.findlast set size:undefined disposed:false
1074 silly fetch manifest estraverse@^5.3.0
1075 silly packumentCache full:https://registry.npmjs.org/estraverse cache-miss
1076 http cache https://registry.npmjs.org/estraverse 9ms (cache hit)
1077 silly packumentCache full:https://registry.npmjs.org/estraverse set size:62412 disposed:false
1078 silly fetch manifest jsx-ast-utils@^2.4.1 || ^3.0.0
1079 silly packumentCache full:https://registry.npmjs.org/jsx-ast-utils cache-miss
1080 http cache https://registry.npmjs.org/jsx-ast-utils 8ms (cache hit)
1081 silly packumentCache full:https://registry.npmjs.org/jsx-ast-utils set size:115998 disposed:false
1082 silly fetch manifest object.entries@^1.1.9
1083 silly packumentCache full:https://registry.npmjs.org/object.entries cache-miss
1084 http fetch GET 200 https://registry.npmjs.org/ast-types-flow 280ms (cache miss)
1085 silly packumentCache full:https://registry.npmjs.org/ast-types-flow set size:undefined disposed:false
1086 silly fetch manifest prop-types@^15.8.1
1087 silly packumentCache full:https://registry.npmjs.org/prop-types cache-miss
1088 http fetch GET 200 https://registry.npmjs.org/es-iterator-helpers 61ms (cache miss)
1089 silly packumentCache full:https://registry.npmjs.org/es-iterator-helpers set size:undefined disposed:false
1090 silly fetch manifest resolve@^2.0.0-next.5
1091 silly packumentCache full:https://registry.npmjs.org/resolve cache-hit
1092 silly fetch manifest string.prototype.matchall@^4.0.12
1093 silly packumentCache full:https://registry.npmjs.org/string.prototype.matchall cache-miss
1094 http fetch GET 200 https://registry.npmjs.org/array.prototype.tosorted 73ms (cache miss)
1095 silly packumentCache full:https://registry.npmjs.org/array.prototype.tosorted set size:undefined disposed:false
1096 silly fetch manifest string.prototype.repeat@^1.0.0
1097 silly packumentCache full:https://registry.npmjs.org/string.prototype.repeat cache-miss
1098 http fetch GET 200 https://registry.npmjs.org/@typescript-eslint%2fvisitor-keys 884ms (cache miss)
1099 silly packumentCache full:https://registry.npmjs.org/@typescript-eslint%2fvisitor-keys set size:undefined disposed:false
1100 http fetch GET 200 https://registry.npmjs.org/object.entries 93ms (cache miss)
1101 silly packumentCache full:https://registry.npmjs.org/object.entries set size:undefined disposed:false
1102 http fetch GET 200 https://registry.npmjs.org/prop-types 76ms (cache miss)
1103 silly packumentCache full:https://registry.npmjs.org/prop-types set size:undefined disposed:false
1104 http fetch GET 200 https://registry.npmjs.org/emoji-regex 309ms (cache miss)
1105 silly packumentCache full:https://registry.npmjs.org/emoji-regex set size:undefined disposed:false
1106 http fetch GET 200 https://registry.npmjs.org/@typescript-eslint%2ftype-utils 998ms (cache miss)
1107 silly packumentCache full:https://registry.npmjs.org/@typescript-eslint%2ftype-utils set size:undefined disposed:false
1108 http fetch GET 200 https://registry.npmjs.org/safe-regex-test 294ms (cache miss)
1109 silly packumentCache full:https://registry.npmjs.org/safe-regex-test set size:undefined disposed:false
1110 http fetch GET 200 https://registry.npmjs.org/language-tags 318ms (cache miss)
1111 silly packumentCache full:https://registry.npmjs.org/language-tags set size:undefined disposed:false
1112 http fetch GET 200 https://registry.npmjs.org/@typescript-eslint%2ftypescript-estree 1049ms (cache miss)
1113 silly packumentCache full:https://registry.npmjs.org/@typescript-eslint%2ftypescript-estree set size:undefined disposed:false
1114 http fetch GET 200 https://registry.npmjs.org/string.prototype.includes 361ms (cache miss)
1115 silly packumentCache full:https://registry.npmjs.org/string.prototype.includes set size:undefined disposed:false
1116 http fetch GET 200 https://registry.npmjs.org/@typescript-eslint%2fscope-manager 1121ms (cache miss)
1117 silly packumentCache full:https://registry.npmjs.org/@typescript-eslint%2fscope-manager set size:undefined disposed:false
1118 http fetch GET 200 https://registry.npmjs.org/string.prototype.repeat 295ms (cache miss)
1119 silly packumentCache full:https://registry.npmjs.org/string.prototype.repeat set size:undefined disposed:false
1120 http fetch GET 200 https://registry.npmjs.org/string.prototype.matchall 305ms (cache miss)
1121 silly packumentCache full:https://registry.npmjs.org/string.prototype.matchall set size:undefined disposed:false
1122 http fetch GET 200 https://registry.npmjs.org/axe-core 606ms (cache miss)
1123 silly packumentCache full:https://registry.npmjs.org/axe-core set size:undefined disposed:false
1124 http fetch GET 200 https://registry.npmjs.org/@typescript-eslint%2fvisitor-keys 1253ms (cache miss)
1125 silly packumentCache full:https://registry.npmjs.org/@typescript-eslint%2fvisitor-keys set size:undefined disposed:false
1126 http fetch GET 200 https://registry.npmjs.org/aria-query 773ms (cache miss)
1127 silly packumentCache full:https://registry.npmjs.org/aria-query set size:undefined disposed:false
1128 silly placeDep ROOT glob@10.3.10 OK for: @next/eslint-plugin-next@14.2.29 want: 10.3.10
1129 silly fetch manifest minipass@^5.0.0 || ^6.0.2 || ^7.0.0
1130 silly packumentCache full:https://registry.npmjs.org/minipass cache-miss
1131 silly fetch manifest jackspeak@^2.3.5
1132 silly packumentCache full:https://registry.npmjs.org/jackspeak cache-miss
1133 silly fetch manifest minimatch@^9.0.1
1134 silly packumentCache full:https://registry.npmjs.org/minimatch cache-hit
1135 silly fetch manifest path-scurry@^1.10.1
1136 silly packumentCache full:https://registry.npmjs.org/path-scurry cache-miss
1137 silly fetch manifest foreground-child@^3.1.0
1138 silly packumentCache full:https://registry.npmjs.org/foreground-child cache-miss
1139 http fetch GET 200 https://registry.npmjs.org/foreground-child 35ms (cache miss)
1140 silly packumentCache full:https://registry.npmjs.org/foreground-child set size:undefined disposed:false
1141 http fetch GET 200 https://registry.npmjs.org/path-scurry 39ms (cache miss)
1142 silly packumentCache full:https://registry.npmjs.org/path-scurry set size:undefined disposed:false
1143 http fetch GET 200 https://registry.npmjs.org/minipass 47ms (cache miss)
1144 silly packumentCache full:https://registry.npmjs.org/minipass set size:undefined disposed:false
1145 http fetch GET 200 https://registry.npmjs.org/jackspeak 298ms (cache miss)
1146 silly packumentCache full:https://registry.npmjs.org/jackspeak set size:undefined disposed:false
1147 silly fetch manifest typescript@>=4.8.4 <6.1.0
1148 silly packumentCache full:https://registry.npmjs.org/typescript cache-miss
1149 http cache https://registry.npmjs.org/typescript 29ms (cache hit)
1150 silly packumentCache full:https://registry.npmjs.org/typescript set size:15409943 disposed:false
1151 silly fetch manifest eslint@^8.57.0 || ^9.0.0 || ^10.0.0
1152 silly packumentCache full:https://registry.npmjs.org/eslint cache-miss
1153 http cache https://registry.npmjs.org/eslint 7ms (cache hit)
1154 silly packumentCache full:https://registry.npmjs.org/eslint set size:1990528 disposed:false
1155 silly placeDep ROOT @typescript-eslint/scope-manager@8.59.2 OK for: @typescript-eslint/eslint-plugin@8.59.2 want: 8.59.2
1156 silly placeDep ROOT @typescript-eslint/type-utils@8.59.2 OK for: @typescript-eslint/eslint-plugin@8.59.2 want: 8.59.2
1157 silly placeDep ROOT @typescript-eslint/utils@8.59.2 OK for: @typescript-eslint/eslint-plugin@8.59.2 want: 8.59.2
1158 silly placeDep ROOT @typescript-eslint/visitor-keys@8.59.2 OK for: @typescript-eslint/eslint-plugin@8.59.2 want: 8.59.2
1159 silly placeDep node_modules/@typescript-eslint/eslint-plugin ignore@7.0.5 OK for: @typescript-eslint/eslint-plugin@8.59.2 want: ^7.0.5
1160 silly placeDep ROOT ts-api-utils@2.5.0 OK for: @typescript-eslint/eslint-plugin@8.59.2 want: ^2.5.0
1161 silly fetch manifest eslint-visitor-keys@^5.0.0
1162 silly packumentCache full:https://registry.npmjs.org/eslint-visitor-keys cache-miss
1163 http cache https://registry.npmjs.org/eslint-visitor-keys 6ms (cache hit)
1164 silly packumentCache full:https://registry.npmjs.org/eslint-visitor-keys set size:69949 disposed:false
1165 silly placeDep ROOT @typescript-eslint/types@8.59.2 OK for: @typescript-eslint/parser@8.59.2 want: 8.59.2
1166 silly placeDep ROOT @typescript-eslint/typescript-estree@8.59.2 OK for: @typescript-eslint/parser@8.59.2 want: 8.59.2
1167 silly fetch manifest semver@^7.7.3
1168 silly packumentCache full:https://registry.npmjs.org/semver cache-miss
1169 silly fetch manifest minimatch@^10.2.2
1170 silly packumentCache full:https://registry.npmjs.org/minimatch cache-hit
1171 silly fetch manifest tinyglobby@^0.2.15
1172 silly packumentCache full:https://registry.npmjs.org/tinyglobby cache-miss
1173 silly fetch manifest @typescript-eslint/tsconfig-utils@8.59.2
1174 silly packumentCache full:https://registry.npmjs.org/@typescript-eslint%2ftsconfig-utils cache-miss
1175 silly fetch manifest @typescript-eslint/project-service@8.59.2
1176 silly packumentCache full:https://registry.npmjs.org/@typescript-eslint%2fproject-service cache-miss
1177 http cache https://registry.npmjs.org/tinyglobby 4ms (cache hit)
1178 silly packumentCache full:https://registry.npmjs.org/tinyglobby set size:52660 disposed:false
1179 http cache https://registry.npmjs.org/semver 5ms (cache hit)
1180 silly packumentCache full:https://registry.npmjs.org/semver set size:229571 disposed:false
1181 http fetch GET 200 https://registry.npmjs.org/@typescript-eslint%2fproject-service 108ms (cache miss)
1182 silly packumentCache full:https://registry.npmjs.org/@typescript-eslint%2fproject-service set size:undefined disposed:false
1183 http fetch GET 200 https://registry.npmjs.org/@typescript-eslint%2ftsconfig-utils 579ms (cache miss)
1184 silly packumentCache full:https://registry.npmjs.org/@typescript-eslint%2ftsconfig-utils set size:undefined disposed:false
1185 silly placeDep ROOT @typescript-eslint/project-service@8.59.2 OK for: @typescript-eslint/typescript-estree@8.59.2 want: 8.59.2
1186 silly placeDep ROOT @typescript-eslint/tsconfig-utils@8.59.2 OK for: @typescript-eslint/typescript-estree@8.59.2 want: 8.59.2
1187 silly placeDep node_modules/@typescript-eslint/typescript-estree minimatch@10.2.5 OK for: @typescript-eslint/typescript-estree@8.59.2 want: ^10.2.2
1188 silly placeDep ROOT semver@7.7.4 OK for: @typescript-eslint/typescript-estree@8.59.2 want: ^7.7.3
1189 silly placeDep ROOT tinyglobby@0.2.16 OK for: @typescript-eslint/typescript-estree@8.59.2 want: ^0.2.15
1190 silly fetch manifest @typescript-eslint/tsconfig-utils@^8.59.2
1191 silly packumentCache full:https://registry.npmjs.org/@typescript-eslint%2ftsconfig-utils cache-miss
1192 silly fetch manifest brace-expansion@^5.0.5
1193 silly packumentCache full:https://registry.npmjs.org/brace-expansion cache-miss
1194 silly fetch manifest fdir@^6.5.0
1195 silly packumentCache full:https://registry.npmjs.org/fdir cache-miss
1196 silly fetch manifest picomatch@^4.0.4
1197 silly packumentCache full:https://registry.npmjs.org/picomatch cache-miss
1198 http cache https://registry.npmjs.org/brace-expansion 6ms (cache hit)
1199 silly packumentCache full:https://registry.npmjs.org/brace-expansion set size:65768 disposed:false
1200 http cache https://registry.npmjs.org/@typescript-eslint%2ftsconfig-utils 9ms (cache hit)
1201 silly packumentCache full:https://registry.npmjs.org/@typescript-eslint%2ftsconfig-utils set size:1198031 disposed:false
1202 http fetch GET 200 https://registry.npmjs.org/fdir 39ms (cache miss)
1203 silly packumentCache full:https://registry.npmjs.org/fdir set size:undefined disposed:false
1204 http fetch GET 200 https://registry.npmjs.org/picomatch 42ms (cache miss)
1205 silly packumentCache full:https://registry.npmjs.org/picomatch set size:undefined disposed:false
1206 silly placeDep node_modules/@typescript-eslint/visitor-keys eslint-visitor-keys@5.0.1 OK for: @typescript-eslint/visitor-keys@8.59.2 want: ^5.0.0
1207 silly placeDep node_modules/eslint-import-resolver-node debug@3.2.7 OK for: eslint-import-resolver-node@0.3.10 want: ^3.2.7
1208 silly placeDep ROOT is-core-module@2.16.2 OK for: eslint-import-resolver-node@0.3.10 want: ^2.16.1
1209 silly placeDep ROOT resolve@2.0.0-next.6 OK for: eslint-import-resolver-node@0.3.10 want: ^2.0.0-next.6
1210 silly fetch manifest hasown@^2.0.3
1211 silly packumentCache full:https://registry.npmjs.org/hasown cache-miss
1212 silly fetch manifest es-errors@^1.3.0
1213 silly packumentCache full:https://registry.npmjs.org/es-errors cache-miss
1214 silly fetch manifest path-parse@^1.0.7
1215 silly packumentCache full:https://registry.npmjs.org/path-parse cache-miss
1216 silly fetch manifest object-keys@^1.1.1
1217 silly packumentCache full:https://registry.npmjs.org/object-keys cache-miss
1218 silly fetch manifest node-exports-info@^1.6.0
1219 silly packumentCache full:https://registry.npmjs.org/node-exports-info cache-miss
1220 silly fetch manifest supports-preserve-symlinks-flag@^1.0.0
1221 silly packumentCache full:https://registry.npmjs.org/supports-preserve-symlinks-flag cache-miss
1222 http cache https://registry.npmjs.org/hasown 5ms (cache hit)
1223 silly packumentCache full:https://registry.npmjs.org/hasown set size:15429 disposed:false
1224 http fetch GET 200 https://registry.npmjs.org/path-parse 31ms (cache miss)
1225 silly packumentCache full:https://registry.npmjs.org/path-parse set size:undefined disposed:false
1226 http fetch GET 200 https://registry.npmjs.org/node-exports-info 35ms (cache miss)
1227 silly packumentCache full:https://registry.npmjs.org/node-exports-info set size:undefined disposed:false
1228 http fetch GET 200 https://registry.npmjs.org/supports-preserve-symlinks-flag 38ms (cache miss)
1229 silly packumentCache full:https://registry.npmjs.org/supports-preserve-symlinks-flag set size:undefined disposed:false
1230 http fetch GET 200 https://registry.npmjs.org/es-errors 39ms (cache miss)
1231 silly packumentCache full:https://registry.npmjs.org/es-errors set size:undefined disposed:false
1232 http fetch GET 200 https://registry.npmjs.org/object-keys 302ms (cache miss)
1233 silly packumentCache full:https://registry.npmjs.org/object-keys set size:undefined disposed:false
1234 silly placeDep ROOT @nolyfill/is-core-module@1.0.39 OK for: eslint-import-resolver-typescript@3.10.1 want: 1.0.39
1235 silly placeDep ROOT get-tsconfig@4.14.0 OK for: eslint-import-resolver-typescript@3.10.1 want: ^4.10.0
1236 silly placeDep ROOT is-bun-module@2.0.0 OK for: eslint-import-resolver-typescript@3.10.1 want: ^2.0.0
1237 silly placeDep ROOT stable-hash@0.0.5 OK for: eslint-import-resolver-typescript@3.10.1 want: ^0.0.5
1238 silly placeDep ROOT unrs-resolver@1.11.1 OK for: eslint-import-resolver-typescript@3.10.1 want: ^1.6.2
1239 silly fetch manifest resolve-pkg-maps@^1.0.0
1240 silly packumentCache full:https://registry.npmjs.org/resolve-pkg-maps cache-miss
1241 silly fetch manifest napi-postinstall@^0.3.0
1242 silly packumentCache full:https://registry.npmjs.org/napi-postinstall cache-miss
1243 silly fetch manifest @unrs/resolver-binding-win32-x64-msvc@1.11.1
1244 silly packumentCache full:https://registry.npmjs.org/@unrs%2fresolver-binding-win32-x64-msvc cache-miss
1245 silly fetch manifest @unrs/resolver-binding-win32-arm64-msvc@1.11.1
1246 silly packumentCache full:https://registry.npmjs.org/@unrs%2fresolver-binding-win32-arm64-msvc cache-miss
1247 silly fetch manifest @unrs/resolver-binding-win32-ia32-msvc@1.11.1
1248 silly packumentCache full:https://registry.npmjs.org/@unrs%2fresolver-binding-win32-ia32-msvc cache-miss
1249 silly fetch manifest @unrs/resolver-binding-linux-x64-gnu@1.11.1
1250 silly packumentCache full:https://registry.npmjs.org/@unrs%2fresolver-binding-linux-x64-gnu cache-miss
1251 silly fetch manifest @unrs/resolver-binding-linux-x64-musl@1.11.1
1252 silly packumentCache full:https://registry.npmjs.org/@unrs%2fresolver-binding-linux-x64-musl cache-miss
1253 silly fetch manifest @unrs/resolver-binding-freebsd-x64@1.11.1
1254 silly packumentCache full:https://registry.npmjs.org/@unrs%2fresolver-binding-freebsd-x64 cache-miss
1255 silly fetch manifest @unrs/resolver-binding-android-arm64@1.11.1
1256 silly packumentCache full:https://registry.npmjs.org/@unrs%2fresolver-binding-android-arm64 cache-miss
1257 silly fetch manifest @unrs/resolver-binding-linux-arm64-gnu@1.11.1
1258 silly packumentCache full:https://registry.npmjs.org/@unrs%2fresolver-binding-linux-arm64-gnu cache-miss
1259 silly fetch manifest @unrs/resolver-binding-linux-arm64-musl@1.11.1
1260 silly packumentCache full:https://registry.npmjs.org/@unrs%2fresolver-binding-linux-arm64-musl cache-miss
1261 silly fetch manifest @unrs/resolver-binding-android-arm-eabi@1.11.1
1262 silly packumentCache full:https://registry.npmjs.org/@unrs%2fresolver-binding-android-arm-eabi cache-miss
1263 silly fetch manifest @unrs/resolver-binding-linux-arm-gnueabihf@1.11.1
1264 silly packumentCache full:https://registry.npmjs.org/@unrs%2fresolver-binding-linux-arm-gnueabihf cache-miss
1265 silly fetch manifest @unrs/resolver-binding-linux-arm-musleabihf@1.11.1
1266 silly packumentCache full:https://registry.npmjs.org/@unrs%2fresolver-binding-linux-arm-musleabihf cache-miss
1267 silly fetch manifest @unrs/resolver-binding-linux-ppc64-gnu@1.11.1
1268 silly packumentCache full:https://registry.npmjs.org/@unrs%2fresolver-binding-linux-ppc64-gnu cache-miss
1269 http fetch GET 200 https://registry.npmjs.org/resolve-pkg-maps 41ms (cache miss)
1270 silly packumentCache full:https://registry.npmjs.org/resolve-pkg-maps set size:undefined disposed:false
1271 silly fetch manifest @unrs/resolver-binding-linux-riscv64-gnu@1.11.1
1272 silly packumentCache full:https://registry.npmjs.org/@unrs%2fresolver-binding-linux-riscv64-gnu cache-miss
1273 http fetch GET 200 https://registry.npmjs.org/@unrs%2fresolver-binding-android-arm64 56ms (cache miss)
1274 silly packumentCache full:https://registry.npmjs.org/@unrs%2fresolver-binding-android-arm64 set size:undefined disposed:false
1275 silly fetch manifest @unrs/resolver-binding-linux-riscv64-musl@1.11.1
1276 silly packumentCache full:https://registry.npmjs.org/@unrs%2fresolver-binding-linux-riscv64-musl cache-miss
1277 http fetch GET 200 https://registry.npmjs.org/@unrs%2fresolver-binding-android-arm-eabi 57ms (cache miss)
1278 silly packumentCache full:https://registry.npmjs.org/@unrs%2fresolver-binding-android-arm-eabi set size:undefined disposed:false
1279 silly fetch manifest @unrs/resolver-binding-linux-s390x-gnu@1.11.1
1280 silly packumentCache full:https://registry.npmjs.org/@unrs%2fresolver-binding-linux-s390x-gnu cache-miss
1281 http fetch GET 200 https://registry.npmjs.org/@unrs%2fresolver-binding-win32-arm64-msvc 61ms (cache miss)
1282 silly packumentCache full:https://registry.npmjs.org/@unrs%2fresolver-binding-win32-arm64-msvc set size:undefined disposed:false
1283 silly fetch manifest @unrs/resolver-binding-darwin-x64@1.11.1
1284 silly packumentCache full:https://registry.npmjs.org/@unrs%2fresolver-binding-darwin-x64 cache-miss
1285 http fetch GET 200 https://registry.npmjs.org/@unrs%2fresolver-binding-linux-arm64-musl 64ms (cache miss)
1286 silly packumentCache full:https://registry.npmjs.org/@unrs%2fresolver-binding-linux-arm64-musl set size:undefined disposed:false
1287 silly fetch manifest @unrs/resolver-binding-darwin-arm64@1.11.1
1288 silly packumentCache full:https://registry.npmjs.org/@unrs%2fresolver-binding-darwin-arm64 cache-miss
1289 http fetch GET 200 https://registry.npmjs.org/@unrs%2fresolver-binding-linux-arm64-gnu 65ms (cache miss)
1290 silly packumentCache full:https://registry.npmjs.org/@unrs%2fresolver-binding-linux-arm64-gnu set size:undefined disposed:false
1291 silly fetch manifest @unrs/resolver-binding-wasm32-wasi@1.11.1
1292 silly packumentCache full:https://registry.npmjs.org/@unrs%2fresolver-binding-wasm32-wasi cache-miss
1293 http fetch GET 200 https://registry.npmjs.org/@unrs%2fresolver-binding-win32-ia32-msvc 69ms (cache miss)
1294 silly packumentCache full:https://registry.npmjs.org/@unrs%2fresolver-binding-win32-ia32-msvc set size:undefined disposed:false
1295 http fetch GET 200 https://registry.npmjs.org/@unrs%2fresolver-binding-linux-riscv64-musl 47ms (cache miss)
1296 silly packumentCache full:https://registry.npmjs.org/@unrs%2fresolver-binding-linux-riscv64-musl set size:undefined disposed:false
1297 http fetch GET 200 https://registry.npmjs.org/@unrs%2fresolver-binding-linux-s390x-gnu 48ms (cache miss)
1298 silly packumentCache full:https://registry.npmjs.org/@unrs%2fresolver-binding-linux-s390x-gnu set size:undefined disposed:false
1299 http fetch GET 200 https://registry.npmjs.org/@unrs%2fresolver-binding-wasm32-wasi 54ms (cache miss)
1300 silly packumentCache full:https://registry.npmjs.org/@unrs%2fresolver-binding-wasm32-wasi set size:undefined disposed:false
1301 http fetch GET 200 https://registry.npmjs.org/napi-postinstall 267ms (cache miss)
1302 silly packumentCache full:https://registry.npmjs.org/napi-postinstall set size:undefined disposed:false
1303 http fetch GET 200 https://registry.npmjs.org/@unrs%2fresolver-binding-darwin-x64 284ms (cache miss)
1304 silly packumentCache full:https://registry.npmjs.org/@unrs%2fresolver-binding-darwin-x64 set size:undefined disposed:false
1305 http fetch GET 200 https://registry.npmjs.org/@unrs%2fresolver-binding-linux-ppc64-gnu 370ms (cache miss)
1306 silly packumentCache full:https://registry.npmjs.org/@unrs%2fresolver-binding-linux-ppc64-gnu set size:undefined disposed:false
1307 http fetch GET 200 https://registry.npmjs.org/@unrs%2fresolver-binding-linux-arm-gnueabihf 379ms (cache miss)
1308 silly packumentCache full:https://registry.npmjs.org/@unrs%2fresolver-binding-linux-arm-gnueabihf set size:undefined disposed:false
1309 http fetch GET 200 https://registry.npmjs.org/@unrs%2fresolver-binding-freebsd-x64 493ms (cache miss)
1310 silly packumentCache full:https://registry.npmjs.org/@unrs%2fresolver-binding-freebsd-x64 set size:undefined disposed:false
1311 http fetch GET 200 https://registry.npmjs.org/@unrs%2fresolver-binding-linux-x64-musl 610ms (cache miss)
1312 silly packumentCache full:https://registry.npmjs.org/@unrs%2fresolver-binding-linux-x64-musl set size:undefined disposed:false
1313 http fetch GET 200 https://registry.npmjs.org/@unrs%2fresolver-binding-linux-riscv64-gnu 598ms (cache miss)
1314 silly packumentCache full:https://registry.npmjs.org/@unrs%2fresolver-binding-linux-riscv64-gnu set size:undefined disposed:false
1315 http fetch GET 200 https://registry.npmjs.org/@unrs%2fresolver-binding-linux-x64-gnu 742ms (cache miss)
1316 silly packumentCache full:https://registry.npmjs.org/@unrs%2fresolver-binding-linux-x64-gnu set size:undefined disposed:false
1317 http fetch GET 200 https://registry.npmjs.org/@unrs%2fresolver-binding-linux-arm-musleabihf 806ms (cache miss)
1318 silly packumentCache full:https://registry.npmjs.org/@unrs%2fresolver-binding-linux-arm-musleabihf set size:undefined disposed:false
1319 http fetch GET 200 https://registry.npmjs.org/@unrs%2fresolver-binding-darwin-arm64 775ms (cache miss)
1320 silly packumentCache full:https://registry.npmjs.org/@unrs%2fresolver-binding-darwin-arm64 set size:undefined disposed:false
1321 http fetch GET 200 https://registry.npmjs.org/@unrs%2fresolver-binding-win32-x64-msvc 1217ms (cache miss)
1322 silly packumentCache full:https://registry.npmjs.org/@unrs%2fresolver-binding-win32-x64-msvc set size:undefined disposed:false
1323 silly placeDep ROOT @rtsao/scc@1.1.0 OK for: eslint-plugin-import@2.32.0 want: ^1.1.0
1324 silly placeDep ROOT array-includes@3.1.9 OK for: eslint-plugin-import@2.32.0 want: ^3.1.9
1325 silly placeDep ROOT array.prototype.findlastindex@1.2.6 OK for: eslint-plugin-import@2.32.0 want: ^1.2.6
1326 silly placeDep ROOT array.prototype.flat@1.3.3 OK for: eslint-plugin-import@2.32.0 want: ^1.3.3
1327 silly placeDep ROOT array.prototype.flatmap@1.3.3 OK for: eslint-plugin-import@2.32.0 want: ^1.3.3
1328 silly placeDep node_modules/eslint-plugin-import debug@3.2.7 OK for: eslint-plugin-import@2.32.0 want: ^3.2.7
1329 silly placeDep node_modules/eslint-plugin-import doctrine@2.1.0 OK for: eslint-plugin-import@2.32.0 want: ^2.1.0
1330 silly placeDep ROOT eslint-module-utils@2.12.1 OK for: eslint-plugin-import@2.32.0 want: ^2.12.1
1331 silly placeDep ROOT hasown@2.0.3 OK for: eslint-plugin-import@2.32.0 want: ^2.0.2
1332 silly placeDep ROOT object.fromentries@2.0.8 OK for: eslint-plugin-import@2.32.0 want: ^2.0.8
1333 silly placeDep ROOT object.groupby@1.0.3 OK for: eslint-plugin-import@2.32.0 want: ^1.0.3
1334 silly placeDep ROOT object.values@1.2.1 OK for: eslint-plugin-import@2.32.0 want: ^1.2.1
1335 silly placeDep node_modules/eslint-plugin-import semver@6.3.1 OK for: eslint-plugin-import@2.32.0 want: ^6.3.1
1336 silly placeDep ROOT string.prototype.trimend@1.0.9 OK for: eslint-plugin-import@2.32.0 want: ^1.0.9
1337 silly placeDep ROOT tsconfig-paths@3.15.0 OK for: eslint-plugin-import@2.32.0 want: ^3.15.0
1338 silly fetch manifest call-bind@^1.0.8
1339 silly packumentCache full:https://registry.npmjs.org/call-bind cache-miss
1340 silly fetch manifest call-bound@^1.0.4
1341 silly packumentCache full:https://registry.npmjs.org/call-bound cache-miss
1342 silly fetch manifest define-properties@^1.2.1
1343 silly packumentCache full:https://registry.npmjs.org/define-properties cache-miss
1344 silly fetch manifest es-abstract@^1.24.0
1345 silly packumentCache full:https://registry.npmjs.org/es-abstract cache-miss
1346 silly fetch manifest es-object-atoms@^1.1.1
1347 silly packumentCache full:https://registry.npmjs.org/es-object-atoms cache-miss
1348 silly fetch manifest get-intrinsic@^1.3.0
1349 silly packumentCache full:https://registry.npmjs.org/get-intrinsic cache-miss
1350 silly fetch manifest is-string@^1.1.1
1351 silly packumentCache full:https://registry.npmjs.org/is-string cache-miss
1352 silly fetch manifest math-intrinsics@^1.1.0
1353 silly packumentCache full:https://registry.npmjs.org/math-intrinsics cache-miss
1354 silly fetch manifest call-bind@^1.0.8
1355 silly packumentCache full:https://registry.npmjs.org/call-bind cache-miss
1356 silly fetch manifest call-bound@^1.0.4
1357 silly packumentCache full:https://registry.npmjs.org/call-bound cache-miss
1358 silly fetch manifest define-properties@^1.2.1
1359 silly packumentCache full:https://registry.npmjs.org/define-properties cache-miss
1360 silly fetch manifest es-abstract@^1.23.9
1361 silly packumentCache full:https://registry.npmjs.org/es-abstract cache-miss
1362 silly fetch manifest es-object-atoms@^1.1.1
1363 silly packumentCache full:https://registry.npmjs.org/es-object-atoms cache-miss
1364 silly fetch manifest es-shim-unscopables@^1.1.0
1365 silly packumentCache full:https://registry.npmjs.org/es-shim-unscopables cache-miss
1366 silly fetch manifest call-bind@^1.0.8
1367 silly packumentCache full:https://registry.npmjs.org/call-bind cache-miss
1368 http fetch GET 200 https://registry.npmjs.org/call-bound 38ms (cache miss)
1369 silly packumentCache full:https://registry.npmjs.org/call-bound set size:undefined disposed:false
1370 silly fetch manifest define-properties@^1.2.1
1371 silly packumentCache full:https://registry.npmjs.org/define-properties cache-miss
1372 http fetch GET 200 https://registry.npmjs.org/call-bind 39ms (cache miss)
1373 silly packumentCache full:https://registry.npmjs.org/call-bind set size:undefined disposed:false
1374 silly fetch manifest es-abstract@^1.23.5
1375 silly packumentCache full:https://registry.npmjs.org/es-abstract cache-miss
1376 http fetch GET 200 https://registry.npmjs.org/es-object-atoms 38ms (cache miss)
1377 silly packumentCache full:https://registry.npmjs.org/es-object-atoms set size:undefined disposed:false
1378 silly fetch manifest es-shim-unscopables@^1.0.2
1379 silly packumentCache full:https://registry.npmjs.org/es-shim-unscopables cache-miss
1380 http fetch GET 200 https://registry.npmjs.org/call-bind 42ms (cache miss)
1381 silly packumentCache full:https://registry.npmjs.org/call-bind set size:undefined disposed:false
1382 silly fetch manifest define-properties@^1.2.1
1383 silly packumentCache full:https://registry.npmjs.org/define-properties cache-miss
1384 http fetch GET 200 https://registry.npmjs.org/es-object-atoms 49ms (cache miss)
1385 silly packumentCache full:https://registry.npmjs.org/es-object-atoms set size:undefined disposed:false
1386 silly fetch manifest es-abstract@^1.23.5
1387 silly packumentCache full:https://registry.npmjs.org/es-abstract cache-miss
1388 http fetch GET 200 https://registry.npmjs.org/call-bound 49ms (cache miss)
1389 silly packumentCache full:https://registry.npmjs.org/call-bound set size:undefined disposed:false
1390 silly fetch manifest es-shim-unscopables@^1.0.2
1391 silly packumentCache full:https://registry.npmjs.org/es-shim-unscopables cache-miss
1392 http fetch GET 200 https://registry.npmjs.org/define-properties 52ms (cache miss)
1393 silly packumentCache full:https://registry.npmjs.org/define-properties set size:undefined disposed:false
1394 silly fetch manifest function-bind@^1.1.2
1395 silly packumentCache full:https://registry.npmjs.org/function-bind cache-miss
1396 http fetch GET 200 https://registry.npmjs.org/call-bind 53ms (cache miss)
1397 silly packumentCache full:https://registry.npmjs.org/call-bind set size:undefined disposed:false
1398 silly fetch manifest call-bind@^1.0.7
1399 silly packumentCache full:https://registry.npmjs.org/call-bind cache-miss
1400 http fetch GET 200 https://registry.npmjs.org/get-intrinsic 59ms (cache miss)
1401 silly packumentCache full:https://registry.npmjs.org/get-intrinsic set size:undefined disposed:false
1402 silly fetch manifest es-abstract@^1.23.2
1403 silly packumentCache full:https://registry.npmjs.org/es-abstract cache-miss
1404 http fetch GET 200 https://registry.npmjs.org/math-intrinsics 60ms (cache miss)
1405 silly packumentCache full:https://registry.npmjs.org/math-intrinsics set size:undefined disposed:false
1406 silly fetch manifest es-object-atoms@^1.0.0
1407 silly packumentCache full:https://registry.npmjs.org/es-object-atoms cache-miss
1408 http fetch GET 200 https://registry.npmjs.org/define-properties 61ms (cache miss)
1409 silly packumentCache full:https://registry.npmjs.org/define-properties set size:undefined disposed:false
1410 silly fetch manifest call-bind@^1.0.7
1411 silly packumentCache full:https://registry.npmjs.org/call-bind cache-miss
1412 http cache https://registry.npmjs.org/call-bind 10ms (cache hit)
1413 silly packumentCache full:https://registry.npmjs.org/call-bind set size:32985 disposed:false
1414 silly fetch manifest es-abstract@^1.23.2
1415 silly packumentCache full:https://registry.npmjs.org/es-abstract cache-miss
1416 http fetch GET 200 https://registry.npmjs.org/es-abstract 68ms (cache miss)
1417 silly packumentCache full:https://registry.npmjs.org/es-abstract set size:undefined disposed:false
1418 silly fetch manifest call-bound@^1.0.3
1419 silly packumentCache full:https://registry.npmjs.org/call-bound cache-miss
1420 http fetch GET 200 https://registry.npmjs.org/define-properties 34ms (cache miss)
1421 silly packumentCache full:https://registry.npmjs.org/define-properties set size:undefined disposed:false
1422 silly fetch manifest es-object-atoms@^1.0.0
1423 silly packumentCache full:https://registry.npmjs.org/es-object-atoms cache-miss
1424 http cache https://registry.npmjs.org/es-object-atoms 11ms (cache hit)
1425 silly packumentCache full:https://registry.npmjs.org/es-object-atoms set size:15304 disposed:false
1426 silly fetch manifest call-bound@^1.0.2
1427 silly packumentCache full:https://registry.npmjs.org/call-bound cache-miss
1428 http cache https://registry.npmjs.org/call-bind 11ms (cache hit)
1429 silly packumentCache full:https://registry.npmjs.org/call-bind set size:32985 disposed:false
1430 silly packumentCache full:https://registry.npmjs.org/call-bind dispose
1431 silly fetch manifest json5@^1.0.2
1432 silly packumentCache full:https://registry.npmjs.org/json5 cache-miss
1433 http fetch GET 200 https://registry.npmjs.org/es-abstract 75ms (cache miss)
1434 silly packumentCache full:https://registry.npmjs.org/es-abstract set size:undefined disposed:false
1435 silly fetch manifest minimist@^1.2.6
1436 silly packumentCache full:https://registry.npmjs.org/minimist cache-miss
1437 http cache https://registry.npmjs.org/call-bound 10ms (cache hit)
1438 silly packumentCache full:https://registry.npmjs.org/call-bound set size:15317 disposed:false
1439 silly fetch manifest strip-bom@^3.0.0
1440 silly packumentCache full:https://registry.npmjs.org/strip-bom cache-miss
1441 http cache https://registry.npmjs.org/es-object-atoms 14ms (cache hit)
1442 silly packumentCache full:https://registry.npmjs.org/es-object-atoms set size:15304 disposed:false
1443 silly packumentCache full:https://registry.npmjs.org/es-object-atoms dispose
1444 silly fetch manifest @types/json5@^0.0.29
1445 silly packumentCache full:https://registry.npmjs.org/@types%2fjson5 cache-miss
1446 http cache https://registry.npmjs.org/call-bound 14ms (cache hit)
1447 silly packumentCache full:https://registry.npmjs.org/call-bound set size:15317 disposed:false
1448 silly packumentCache full:https://registry.npmjs.org/call-bound dispose
1449 http fetch GET 200 https://registry.npmjs.org/es-shim-unscopables 47ms (cache miss)
1450 silly packumentCache full:https://registry.npmjs.org/es-shim-unscopables set size:undefined disposed:false
1451 http fetch GET 200 https://registry.npmjs.org/define-properties 51ms (cache miss)
1452 silly packumentCache full:https://registry.npmjs.org/define-properties set size:undefined disposed:false
1453 http fetch GET 200 https://registry.npmjs.org/function-bind 46ms (cache miss)
1454 silly packumentCache full:https://registry.npmjs.org/function-bind set size:undefined disposed:false
1455 http fetch GET 200 https://registry.npmjs.org/es-abstract 62ms (cache miss)
1456 silly packumentCache full:https://registry.npmjs.org/es-abstract set size:undefined disposed:false
1457 http fetch GET 200 https://registry.npmjs.org/es-abstract 54ms (cache miss)
1458 silly packumentCache full:https://registry.npmjs.org/es-abstract set size:undefined disposed:false
1459 http fetch GET 200 https://registry.npmjs.org/es-abstract 59ms (cache miss)
1460 silly packumentCache full:https://registry.npmjs.org/es-abstract set size:undefined disposed:false
1461 http fetch GET 200 https://registry.npmjs.org/es-abstract 56ms (cache miss)
1462 silly packumentCache full:https://registry.npmjs.org/es-abstract set size:undefined disposed:false
1463 http fetch GET 200 https://registry.npmjs.org/strip-bom 41ms (cache miss)
1464 silly packumentCache full:https://registry.npmjs.org/strip-bom set size:undefined disposed:false
1465 http fetch GET 200 https://registry.npmjs.org/json5 51ms (cache miss)
1466 silly packumentCache full:https://registry.npmjs.org/json5 set size:undefined disposed:false
1467 http fetch GET 200 https://registry.npmjs.org/@types%2fjson5 68ms (cache miss)
1468 silly packumentCache full:https://registry.npmjs.org/@types%2fjson5 set size:undefined disposed:false
1469 http fetch GET 200 https://registry.npmjs.org/is-string 284ms (cache miss)
1470 silly packumentCache full:https://registry.npmjs.org/is-string set size:undefined disposed:false
1471 http fetch GET 200 https://registry.npmjs.org/minimist 280ms (cache miss)
1472 silly packumentCache full:https://registry.npmjs.org/minimist set size:undefined disposed:false
1473 http fetch GET 200 https://registry.npmjs.org/es-shim-unscopables 415ms (cache miss)
1474 silly packumentCache full:https://registry.npmjs.org/es-shim-unscopables set size:undefined disposed:false
1475 http fetch GET 200 https://registry.npmjs.org/es-shim-unscopables 459ms (cache miss)
1476 silly packumentCache full:https://registry.npmjs.org/es-shim-unscopables set size:undefined disposed:false
1477 silly placeDep ROOT call-bind@1.0.9 OK for: array-includes@3.1.9 want: ^1.0.8
1478 silly placeDep ROOT call-bound@1.0.4 OK for: array-includes@3.1.9 want: ^1.0.4
1479 silly placeDep ROOT define-properties@1.2.1 OK for: array-includes@3.1.9 want: ^1.2.1
1480 silly placeDep ROOT es-abstract@1.24.2 OK for: array-includes@3.1.9 want: ^1.24.0
1481 silly placeDep ROOT es-object-atoms@1.1.1 OK for: array-includes@3.1.9 want: ^1.1.1
1482 silly placeDep ROOT get-intrinsic@1.3.0 OK for: array-includes@3.1.9 want: ^1.3.0
1483 silly placeDep ROOT is-string@1.1.1 OK for: array-includes@3.1.9 want: ^1.1.1
1484 silly placeDep ROOT math-intrinsics@1.1.0 OK for: array-includes@3.1.9 want: ^1.1.0
1485 silly fetch manifest call-bind-apply-helpers@^1.0.2
1486 silly packumentCache full:https://registry.npmjs.org/call-bind-apply-helpers cache-miss
1487 silly fetch manifest es-define-property@^1.0.1
1488 silly packumentCache full:https://registry.npmjs.org/es-define-property cache-miss
1489 silly fetch manifest set-function-length@^1.2.2
1490 silly packumentCache full:https://registry.npmjs.org/set-function-length cache-miss
1491 silly fetch manifest call-bind-apply-helpers@^1.0.2
1492 silly packumentCache full:https://registry.npmjs.org/call-bind-apply-helpers cache-miss
1493 silly fetch manifest define-data-property@^1.0.1
1494 silly packumentCache full:https://registry.npmjs.org/define-data-property cache-miss
1495 silly fetch manifest has-property-descriptors@^1.0.0
1496 silly packumentCache full:https://registry.npmjs.org/has-property-descriptors cache-miss
1497 silly fetch manifest array-buffer-byte-length@^1.0.2
1498 silly packumentCache full:https://registry.npmjs.org/array-buffer-byte-length cache-miss
1499 silly fetch manifest arraybuffer.prototype.slice@^1.0.4
1500 silly packumentCache full:https://registry.npmjs.org/arraybuffer.prototype.slice cache-miss
1501 silly fetch manifest available-typed-arrays@^1.0.7
1502 silly packumentCache full:https://registry.npmjs.org/available-typed-arrays cache-miss
1503 silly fetch manifest data-view-buffer@^1.0.2
1504 silly packumentCache full:https://registry.npmjs.org/data-view-buffer cache-miss
1505 silly fetch manifest data-view-byte-length@^1.0.2
1506 silly packumentCache full:https://registry.npmjs.org/data-view-byte-length cache-miss
1507 silly fetch manifest data-view-byte-offset@^1.0.1
1508 silly packumentCache full:https://registry.npmjs.org/data-view-byte-offset cache-miss
1509 silly fetch manifest es-define-property@^1.0.1
1510 silly packumentCache full:https://registry.npmjs.org/es-define-property cache-miss
1511 silly fetch manifest es-set-tostringtag@^2.1.0
1512 silly packumentCache full:https://registry.npmjs.org/es-set-tostringtag cache-miss
1513 silly fetch manifest es-to-primitive@^1.3.0
1514 silly packumentCache full:https://registry.npmjs.org/es-to-primitive cache-miss
1515 http fetch GET 200 https://registry.npmjs.org/has-property-descriptors 40ms (cache miss)
1516 silly packumentCache full:https://registry.npmjs.org/has-property-descriptors set size:undefined disposed:false
1517 silly fetch manifest function.prototype.name@^1.1.8
1518 silly packumentCache full:https://registry.npmjs.org/function.prototype.name cache-miss
1519 http fetch GET 200 https://registry.npmjs.org/array-buffer-byte-length 42ms (cache miss)
1520 silly packumentCache full:https://registry.npmjs.org/array-buffer-byte-length set size:undefined disposed:false
1521 silly fetch manifest get-proto@^1.0.1
1522 silly packumentCache full:https://registry.npmjs.org/get-proto cache-miss
1523 http fetch GET 200 https://registry.npmjs.org/es-set-tostringtag 40ms (cache miss)
1524 silly packumentCache full:https://registry.npmjs.org/es-set-tostringtag set size:undefined disposed:false
1525 silly fetch manifest get-symbol-description@^1.1.0
1526 silly packumentCache full:https://registry.npmjs.org/get-symbol-description cache-miss
1527 http fetch GET 200 https://registry.npmjs.org/es-define-property 45ms (cache miss)
1528 silly packumentCache full:https://registry.npmjs.org/es-define-property set size:undefined disposed:false
1529 silly fetch manifest globalthis@^1.0.4
1530 silly packumentCache full:https://registry.npmjs.org/globalthis cache-miss
1531 http fetch GET 200 https://registry.npmjs.org/call-bind-apply-helpers 45ms (cache miss)
1532 silly packumentCache full:https://registry.npmjs.org/call-bind-apply-helpers set size:undefined disposed:false
1533 silly fetch manifest gopd@^1.2.0
1534 silly packumentCache full:https://registry.npmjs.org/gopd cache-miss
1535 http fetch GET 200 https://registry.npmjs.org/call-bind-apply-helpers 48ms (cache miss)
1536 silly packumentCache full:https://registry.npmjs.org/call-bind-apply-helpers set size:undefined disposed:false
1537 silly fetch manifest has-property-descriptors@^1.0.2
1538 silly packumentCache full:https://registry.npmjs.org/has-property-descriptors cache-miss
1539 http fetch GET 200 https://registry.npmjs.org/set-function-length 52ms (cache miss)
1540 silly packumentCache full:https://registry.npmjs.org/set-function-length set size:undefined disposed:false
1541 silly fetch manifest has-proto@^1.2.0
1542 silly packumentCache full:https://registry.npmjs.org/has-proto cache-miss
1543 http fetch GET 200 https://registry.npmjs.org/es-to-primitive 50ms (cache miss)
1544 silly packumentCache full:https://registry.npmjs.org/es-to-primitive set size:undefined disposed:false
1545 silly fetch manifest has-symbols@^1.1.0
1546 silly packumentCache full:https://registry.npmjs.org/has-symbols cache-miss
1547 http fetch GET 200 https://registry.npmjs.org/arraybuffer.prototype.slice 53ms (cache miss)
1548 silly packumentCache full:https://registry.npmjs.org/arraybuffer.prototype.slice set size:undefined disposed:false
1549 silly fetch manifest internal-slot@^1.1.0
1550 silly packumentCache full:https://registry.npmjs.org/internal-slot cache-miss
1551 http fetch GET 200 https://registry.npmjs.org/available-typed-arrays 55ms (cache miss)
1552 silly packumentCache full:https://registry.npmjs.org/available-typed-arrays set size:undefined disposed:false
1553 silly fetch manifest is-array-buffer@^3.0.5
1554 silly packumentCache full:https://registry.npmjs.org/is-array-buffer cache-miss
1555 http cache https://registry.npmjs.org/has-property-descriptors 10ms (cache hit)
1556 silly packumentCache full:https://registry.npmjs.org/has-property-descriptors set size:12452 disposed:false
1557 silly fetch manifest is-callable@^1.2.7
1558 silly packumentCache full:https://registry.npmjs.org/is-callable cache-miss
1559 http fetch GET 200 https://registry.npmjs.org/es-define-property 58ms (cache miss)
1560 silly packumentCache full:https://registry.npmjs.org/es-define-property set size:undefined disposed:false
1561 silly fetch manifest is-data-view@^1.0.2
1562 silly packumentCache full:https://registry.npmjs.org/is-data-view cache-miss
1563 http fetch GET 200 https://registry.npmjs.org/define-data-property 61ms (cache miss)
1564 silly packumentCache full:https://registry.npmjs.org/define-data-property set size:undefined disposed:false
1565 silly fetch manifest is-negative-zero@^2.0.3
1566 silly packumentCache full:https://registry.npmjs.org/is-negative-zero cache-miss
1567 http fetch GET 200 https://registry.npmjs.org/data-view-buffer 62ms (cache miss)
1568 silly packumentCache full:https://registry.npmjs.org/data-view-buffer set size:undefined disposed:false
1569 silly fetch manifest is-regex@^1.2.1
1570 silly packumentCache full:https://registry.npmjs.org/is-regex cache-miss
1571 http fetch GET 200 https://registry.npmjs.org/get-proto 33ms (cache miss)
1572 silly packumentCache full:https://registry.npmjs.org/get-proto set size:undefined disposed:false
1573 silly fetch manifest is-set@^2.0.3
1574 silly packumentCache full:https://registry.npmjs.org/is-set cache-miss
1575 http fetch GET 200 https://registry.npmjs.org/gopd 32ms (cache miss)
1576 silly packumentCache full:https://registry.npmjs.org/gopd set size:undefined disposed:false
1577 silly fetch manifest is-shared-array-buffer@^1.0.4
1578 silly packumentCache full:https://registry.npmjs.org/is-shared-array-buffer cache-miss
1579 http fetch GET 200 https://registry.npmjs.org/get-symbol-description 49ms (cache miss)
1580 silly packumentCache full:https://registry.npmjs.org/get-symbol-description set size:undefined disposed:false
1581 silly fetch manifest is-typed-array@^1.1.15
1582 silly packumentCache full:https://registry.npmjs.org/is-typed-array cache-miss
1583 http fetch GET 200 https://registry.npmjs.org/is-array-buffer 37ms (cache miss)
1584 silly packumentCache full:https://registry.npmjs.org/is-array-buffer set size:undefined disposed:false
1585 silly fetch manifest is-weakref@^1.1.1
1586 silly packumentCache full:https://registry.npmjs.org/is-weakref cache-miss
1587 http fetch GET 200 https://registry.npmjs.org/has-symbols 44ms (cache miss)
1588 silly packumentCache full:https://registry.npmjs.org/has-symbols set size:undefined disposed:false
1589 silly fetch manifest object-inspect@^1.13.4
1590 silly packumentCache full:https://registry.npmjs.org/object-inspect cache-miss
1591 http fetch GET 200 https://registry.npmjs.org/is-data-view 41ms (cache miss)
1592 silly packumentCache full:https://registry.npmjs.org/is-data-view set size:undefined disposed:false
1593 silly fetch manifest object.assign@^4.1.7
1594 silly packumentCache full:https://registry.npmjs.org/object.assign cache-miss
1595 http fetch GET 200 https://registry.npmjs.org/is-callable 49ms (cache miss)
1596 silly packumentCache full:https://registry.npmjs.org/is-callable set size:undefined disposed:false
1597 silly fetch manifest own-keys@^1.0.1
1598 silly packumentCache full:https://registry.npmjs.org/own-keys cache-miss
1599 http fetch GET 200 https://registry.npmjs.org/is-shared-array-buffer 34ms (cache miss)
1600 silly packumentCache full:https://registry.npmjs.org/is-shared-array-buffer set size:undefined disposed:false
1601 silly fetch manifest regexp.prototype.flags@^1.5.4
1602 silly packumentCache full:https://registry.npmjs.org/regexp.prototype.flags cache-miss
1603 http fetch GET 200 https://registry.npmjs.org/is-regex 49ms (cache miss)
1604 silly packumentCache full:https://registry.npmjs.org/is-regex set size:undefined disposed:false
1605 silly fetch manifest safe-array-concat@^1.1.3
1606 silly packumentCache full:https://registry.npmjs.org/safe-array-concat cache-miss
1607 http fetch GET 200 https://registry.npmjs.org/regexp.prototype.flags 37ms (cache miss)
1608 silly packumentCache full:https://registry.npmjs.org/regexp.prototype.flags set size:undefined disposed:false
1609 silly fetch manifest safe-push-apply@^1.0.0
1610 silly packumentCache full:https://registry.npmjs.org/safe-push-apply cache-miss
1611 http fetch GET 200 https://registry.npmjs.org/object-inspect 56ms (cache miss)
1612 silly packumentCache full:https://registry.npmjs.org/object-inspect set size:undefined disposed:false
1613 silly fetch manifest safe-regex-test@^1.1.0
1614 silly packumentCache full:https://registry.npmjs.org/safe-regex-test cache-miss
1615 http fetch GET 200 https://registry.npmjs.org/own-keys 47ms (cache miss)
1616 silly packumentCache full:https://registry.npmjs.org/own-keys set size:undefined disposed:false
1617 silly fetch manifest set-proto@^1.0.0
1618 silly packumentCache full:https://registry.npmjs.org/set-proto cache-miss
1619 http cache https://registry.npmjs.org/safe-regex-test 3ms (cache hit)
1620 silly packumentCache full:https://registry.npmjs.org/safe-regex-test set size:17412 disposed:false
1621 silly fetch manifest stop-iteration-iterator@^1.1.0
1622 silly packumentCache full:https://registry.npmjs.org/stop-iteration-iterator cache-miss
1623 http fetch GET 200 https://registry.npmjs.org/safe-array-concat 72ms (cache miss)
1624 silly packumentCache full:https://registry.npmjs.org/safe-array-concat set size:undefined disposed:false
1625 silly fetch manifest string.prototype.trim@^1.2.10
1626 silly packumentCache full:https://registry.npmjs.org/string.prototype.trim cache-miss
1627 http fetch GET 200 https://registry.npmjs.org/set-proto 31ms (cache miss)
1628 silly packumentCache full:https://registry.npmjs.org/set-proto set size:undefined disposed:false
1629 silly fetch manifest string.prototype.trimstart@^1.0.8
1630 silly packumentCache full:https://registry.npmjs.org/string.prototype.trimstart cache-miss
1631 http fetch GET 200 https://registry.npmjs.org/safe-push-apply 48ms (cache miss)
1632 silly packumentCache full:https://registry.npmjs.org/safe-push-apply set size:undefined disposed:false
1633 silly fetch manifest typed-array-buffer@^1.0.3
1634 silly packumentCache full:https://registry.npmjs.org/typed-array-buffer cache-miss
1635 http fetch GET 200 https://registry.npmjs.org/stop-iteration-iterator 41ms (cache miss)
1636 silly packumentCache full:https://registry.npmjs.org/stop-iteration-iterator set size:undefined disposed:false
1637 silly fetch manifest typed-array-byte-length@^1.0.3
1638 silly packumentCache full:https://registry.npmjs.org/typed-array-byte-length cache-miss
1639 http fetch GET 200 https://registry.npmjs.org/typed-array-byte-length 36ms (cache miss)
1640 silly packumentCache full:https://registry.npmjs.org/typed-array-byte-length set size:undefined disposed:false
1641 silly fetch manifest typed-array-byte-offset@^1.0.4
1642 silly packumentCache full:https://registry.npmjs.org/typed-array-byte-offset cache-miss
1643 http fetch GET 200 https://registry.npmjs.org/typed-array-buffer 40ms (cache miss)
1644 silly packumentCache full:https://registry.npmjs.org/typed-array-buffer set size:undefined disposed:false
1645 silly fetch manifest typed-array-length@^1.0.7
1646 silly packumentCache full:https://registry.npmjs.org/typed-array-length cache-miss
1647 http fetch GET 200 https://registry.npmjs.org/string.prototype.trim 63ms (cache miss)
1648 silly packumentCache full:https://registry.npmjs.org/string.prototype.trim set size:undefined disposed:false
1649 silly fetch manifest unbox-primitive@^1.1.0
1650 silly packumentCache full:https://registry.npmjs.org/unbox-primitive cache-miss
1651 http fetch GET 200 https://registry.npmjs.org/typed-array-byte-offset 45ms (cache miss)
1652 silly packumentCache full:https://registry.npmjs.org/typed-array-byte-offset set size:undefined disposed:false
1653 silly fetch manifest which-typed-array@^1.1.19
1654 silly packumentCache full:https://registry.npmjs.org/which-typed-array cache-miss
1655 http fetch GET 200 https://registry.npmjs.org/data-view-byte-length 284ms (cache miss)
1656 silly packumentCache full:https://registry.npmjs.org/data-view-byte-length set size:undefined disposed:false
1657 silly fetch manifest has-tostringtag@^1.0.2
1658 silly packumentCache full:https://registry.npmjs.org/has-tostringtag cache-miss
1659 http fetch GET 200 https://registry.npmjs.org/globalthis 254ms (cache miss)
1660 silly packumentCache full:https://registry.npmjs.org/globalthis set size:undefined disposed:false
1661 http fetch GET 200 https://registry.npmjs.org/has-proto 263ms (cache miss)
1662 silly packumentCache full:https://registry.npmjs.org/has-proto set size:undefined disposed:false
1663 http fetch GET 200 https://registry.npmjs.org/function.prototype.name 275ms (cache miss)
1664 silly packumentCache full:https://registry.npmjs.org/function.prototype.name set size:undefined disposed:false
1665 http fetch GET 200 https://registry.npmjs.org/has-tostringtag 45ms (cache miss)
1666 silly packumentCache full:https://registry.npmjs.org/has-tostringtag set size:undefined disposed:false
1667 http fetch GET 200 https://registry.npmjs.org/data-view-byte-offset 330ms (cache miss)
1668 silly packumentCache full:https://registry.npmjs.org/data-view-byte-offset set size:undefined disposed:false
1669 http fetch GET 200 https://registry.npmjs.org/internal-slot 277ms (cache miss)
1670 silly packumentCache full:https://registry.npmjs.org/internal-slot set size:undefined disposed:false
1671 http fetch GET 200 https://registry.npmjs.org/is-negative-zero 275ms (cache miss)
1672 silly packumentCache full:https://registry.npmjs.org/is-negative-zero set size:undefined disposed:false
1673 http fetch GET 200 https://registry.npmjs.org/is-set 266ms (cache miss)
1674 silly packumentCache full:https://registry.npmjs.org/is-set set size:undefined disposed:false
1675 http fetch GET 200 https://registry.npmjs.org/which-typed-array 65ms (cache miss)
1676 silly packumentCache full:https://registry.npmjs.org/which-typed-array set size:undefined disposed:false
1677 http fetch GET 200 https://registry.npmjs.org/is-typed-array 268ms (cache miss)
1678 silly packumentCache full:https://registry.npmjs.org/is-typed-array set size:undefined disposed:false
1679 http fetch GET 200 https://registry.npmjs.org/is-weakref 273ms (cache miss)
1680 silly packumentCache full:https://registry.npmjs.org/is-weakref set size:undefined disposed:false
1681 http fetch GET 200 https://registry.npmjs.org/object.assign 277ms (cache miss)
1682 silly packumentCache full:https://registry.npmjs.org/object.assign set size:undefined disposed:false
1683 http fetch GET 200 https://registry.npmjs.org/string.prototype.trimstart 270ms (cache miss)
1684 silly packumentCache full:https://registry.npmjs.org/string.prototype.trimstart set size:undefined disposed:false
1685 http fetch GET 200 https://registry.npmjs.org/typed-array-length 290ms (cache miss)
1686 silly packumentCache full:https://registry.npmjs.org/typed-array-length set size:undefined disposed:false
1687 http fetch GET 200 https://registry.npmjs.org/unbox-primitive 288ms (cache miss)
1688 silly packumentCache full:https://registry.npmjs.org/unbox-primitive set size:undefined disposed:false
1689 silly placeDep ROOT es-errors@1.3.0 OK for: array.prototype.findlastindex@1.2.6 want: ^1.3.0
1690 silly placeDep ROOT es-shim-unscopables@1.1.0 OK for: array.prototype.findlastindex@1.2.6 want: ^1.1.0
1691 silly placeDep ROOT call-bind-apply-helpers@1.0.2 OK for: call-bind@1.0.9 want: ^1.0.2
1692 silly placeDep ROOT es-define-property@1.0.1 OK for: call-bind@1.0.9 want: ^1.0.1
1693 silly placeDep ROOT set-function-length@1.2.2 OK for: call-bind@1.0.9 want: ^1.2.2
1694 silly fetch manifest define-data-property@^1.1.4
1695 silly packumentCache full:https://registry.npmjs.org/define-data-property cache-miss
1696 silly fetch manifest gopd@^1.0.1
1697 silly packumentCache full:https://registry.npmjs.org/gopd cache-miss
1698 http cache https://registry.npmjs.org/gopd 3ms (cache hit)
1699 silly packumentCache full:https://registry.npmjs.org/gopd set size:11458 disposed:false
1700 http cache https://registry.npmjs.org/define-data-property 3ms (cache hit)
1701 silly packumentCache full:https://registry.npmjs.org/define-data-property set size:28048 disposed:false
1702 silly placeDep ROOT function-bind@1.1.2 OK for: call-bind-apply-helpers@1.0.2 want: ^1.1.2
1703 silly placeDep ROOT define-data-property@1.1.4 OK for: define-properties@1.2.1 want: ^1.0.1
1704 silly placeDep ROOT has-property-descriptors@1.0.2 OK for: define-properties@1.2.1 want: ^1.0.0
1705 silly placeDep ROOT object-keys@1.1.1 OK for: define-properties@1.2.1 want: ^1.1.1
1706 silly placeDep ROOT gopd@1.2.0 OK for: define-data-property@1.1.4 want: ^1.0.1
1707 silly placeDep ROOT array-buffer-byte-length@1.0.2 OK for: es-abstract@1.24.2 want: ^1.0.2
1708 silly placeDep ROOT arraybuffer.prototype.slice@1.0.4 OK for: es-abstract@1.24.2 want: ^1.0.4
1709 silly placeDep ROOT available-typed-arrays@1.0.7 OK for: es-abstract@1.24.2 want: ^1.0.7
1710 silly placeDep ROOT data-view-buffer@1.0.2 OK for: es-abstract@1.24.2 want: ^1.0.2
1711 silly placeDep ROOT data-view-byte-length@1.0.2 OK for: es-abstract@1.24.2 want: ^1.0.2
1712 silly placeDep ROOT data-view-byte-offset@1.0.1 OK for: es-abstract@1.24.2 want: ^1.0.1
1713 silly placeDep ROOT es-set-tostringtag@2.1.0 OK for: es-abstract@1.24.2 want: ^2.1.0
1714 silly placeDep ROOT es-to-primitive@1.3.0 OK for: es-abstract@1.24.2 want: ^1.3.0
1715 silly placeDep ROOT function.prototype.name@1.1.8 OK for: es-abstract@1.24.2 want: ^1.1.8
1716 silly placeDep ROOT get-proto@1.0.1 OK for: es-abstract@1.24.2 want: ^1.0.1
1717 silly placeDep ROOT get-symbol-description@1.1.0 OK for: es-abstract@1.24.2 want: ^1.1.0
1718 silly placeDep ROOT globalthis@1.0.4 OK for: es-abstract@1.24.2 want: ^1.0.4
1719 silly placeDep ROOT has-proto@1.2.0 OK for: es-abstract@1.24.2 want: ^1.2.0
1720 silly placeDep ROOT has-symbols@1.1.0 OK for: es-abstract@1.24.2 want: ^1.1.0
1721 silly placeDep ROOT internal-slot@1.1.0 OK for: es-abstract@1.24.2 want: ^1.1.0
1722 silly placeDep ROOT is-array-buffer@3.0.5 OK for: es-abstract@1.24.2 want: ^3.0.5
1723 silly placeDep ROOT is-callable@1.2.7 OK for: es-abstract@1.24.2 want: ^1.2.7
1724 silly placeDep ROOT is-data-view@1.0.2 OK for: es-abstract@1.24.2 want: ^1.0.2
1725 silly placeDep ROOT is-negative-zero@2.0.3 OK for: es-abstract@1.24.2 want: ^2.0.3
1726 silly placeDep ROOT is-regex@1.2.1 OK for: es-abstract@1.24.2 want: ^1.2.1
1727 silly placeDep ROOT is-set@2.0.3 OK for: es-abstract@1.24.2 want: ^2.0.3
1728 silly placeDep ROOT is-shared-array-buffer@1.0.4 OK for: es-abstract@1.24.2 want: ^1.0.4
1729 silly placeDep ROOT is-typed-array@1.1.15 OK for: es-abstract@1.24.2 want: ^1.1.15
1730 silly placeDep ROOT is-weakref@1.1.1 OK for: es-abstract@1.24.2 want: ^1.1.1
1731 silly placeDep ROOT object-inspect@1.13.4 OK for: es-abstract@1.24.2 want: ^1.13.4
1732 silly placeDep ROOT object.assign@4.1.7 OK for: es-abstract@1.24.2 want: ^4.1.7
1733 silly placeDep ROOT own-keys@1.0.1 OK for: es-abstract@1.24.2 want: ^1.0.1
1734 silly placeDep ROOT regexp.prototype.flags@1.5.4 OK for: es-abstract@1.24.2 want: ^1.5.4
1735 silly placeDep ROOT safe-array-concat@1.1.4 OK for: es-abstract@1.24.2 want: ^1.1.3
1736 silly placeDep ROOT safe-push-apply@1.0.0 OK for: es-abstract@1.24.2 want: ^1.0.0
1737 silly placeDep ROOT safe-regex-test@1.1.0 OK for: es-abstract@1.24.2 want: ^1.1.0
1738 silly placeDep ROOT set-proto@1.0.0 OK for: es-abstract@1.24.2 want: ^1.0.0
1739 silly placeDep ROOT stop-iteration-iterator@1.1.0 OK for: es-abstract@1.24.2 want: ^1.1.0
1740 silly placeDep ROOT string.prototype.trim@1.2.10 OK for: es-abstract@1.24.2 want: ^1.2.10
1741 silly placeDep ROOT string.prototype.trimstart@1.0.8 OK for: es-abstract@1.24.2 want: ^1.0.8
1742 silly placeDep ROOT typed-array-buffer@1.0.3 OK for: es-abstract@1.24.2 want: ^1.0.3
1743 silly placeDep ROOT typed-array-byte-length@1.0.3 OK for: es-abstract@1.24.2 want: ^1.0.3
1744 silly placeDep ROOT typed-array-byte-offset@1.0.4 OK for: es-abstract@1.24.2 want: ^1.0.4
1745 silly placeDep ROOT typed-array-length@1.0.7 OK for: es-abstract@1.24.2 want: ^1.0.7
1746 silly placeDep ROOT unbox-primitive@1.1.0 OK for: es-abstract@1.24.2 want: ^1.1.0
1747 silly placeDep ROOT which-typed-array@1.1.20 OK for: es-abstract@1.24.2 want: ^1.1.19
1748 silly fetch manifest is-array-buffer@^3.0.4
1749 silly packumentCache full:https://registry.npmjs.org/is-array-buffer cache-miss
1750 silly fetch manifest possible-typed-array-names@^1.0.0
1751 silly packumentCache full:https://registry.npmjs.org/possible-typed-array-names cache-miss
1752 silly fetch manifest is-data-view@^1.0.1
1753 silly packumentCache full:https://registry.npmjs.org/is-data-view cache-miss
1754 silly fetch manifest is-date-object@^1.0.5
1755 silly packumentCache full:https://registry.npmjs.org/is-date-object cache-miss
1756 silly fetch manifest is-symbol@^1.0.4
1757 silly packumentCache full:https://registry.npmjs.org/is-symbol cache-miss
1758 silly fetch manifest functions-have-names@^1.2.3
1759 silly packumentCache full:https://registry.npmjs.org/functions-have-names cache-miss
1760 silly fetch manifest dunder-proto@^1.0.1
1761 silly packumentCache full:https://registry.npmjs.org/dunder-proto cache-miss
1762 silly fetch manifest dunder-proto@^1.0.0
1763 silly packumentCache full:https://registry.npmjs.org/dunder-proto cache-miss
1764 silly fetch manifest side-channel@^1.1.0
1765 silly packumentCache full:https://registry.npmjs.org/side-channel cache-miss
1766 silly fetch manifest is-typed-array@^1.1.13
1767 silly packumentCache full:https://registry.npmjs.org/is-typed-array cache-miss
1768 silly fetch manifest which-typed-array@^1.1.16
1769 silly packumentCache full:https://registry.npmjs.org/which-typed-array cache-miss
1770 silly fetch manifest set-function-name@^2.0.2
1771 silly packumentCache full:https://registry.npmjs.org/set-function-name cache-miss
1772 silly fetch manifest isarray@^2.0.5
1773 silly packumentCache full:https://registry.npmjs.org/isarray cache-miss
1774 silly fetch manifest isarray@^2.0.5
1775 silly packumentCache full:https://registry.npmjs.org/isarray cache-miss
1776 silly fetch manifest dunder-proto@^1.0.1
1777 silly packumentCache full:https://registry.npmjs.org/dunder-proto cache-miss
1778 http cache https://registry.npmjs.org/is-data-view 11ms (cache hit)
1779 silly packumentCache full:https://registry.npmjs.org/is-data-view set size:13756 disposed:false
1780 silly fetch manifest for-each@^0.3.3
1781 silly packumentCache full:https://registry.npmjs.org/for-each cache-miss
1782 http cache https://registry.npmjs.org/is-array-buffer 13ms (cache hit)
1783 silly packumentCache full:https://registry.npmjs.org/is-array-buffer set size:33562 disposed:false
1784 silly fetch manifest for-each@^0.3.3
1785 silly packumentCache full:https://registry.npmjs.org/for-each cache-miss
1786 http cache https://registry.npmjs.org/is-typed-array 11ms (cache hit)
1787 silly packumentCache full:https://registry.npmjs.org/is-typed-array set size:79965 disposed:false
1788 silly fetch manifest reflect.getprototypeof@^1.0.9
1789 silly packumentCache full:https://registry.npmjs.org/reflect.getprototypeof cache-miss
1790 http cache https://registry.npmjs.org/which-typed-array 13ms (cache hit)
1791 silly packumentCache full:https://registry.npmjs.org/which-typed-array set size:93605 disposed:false
1792 silly fetch manifest for-each@^0.3.3
1793 silly packumentCache full:https://registry.npmjs.org/for-each cache-miss
1794 http fetch GET 200 https://registry.npmjs.org/is-symbol 32ms (cache miss)
1795 silly packumentCache full:https://registry.npmjs.org/is-symbol set size:undefined disposed:false
1796 silly fetch manifest possible-typed-array-names@^1.0.0
1797 silly packumentCache full:https://registry.npmjs.org/possible-typed-array-names cache-miss
1798 http fetch GET 200 https://registry.npmjs.org/dunder-proto 33ms (cache miss)
1799 silly packumentCache full:https://registry.npmjs.org/dunder-proto set size:undefined disposed:false
1800 silly fetch manifest reflect.getprototypeof@^1.0.6
1801 silly packumentCache full:https://registry.npmjs.org/reflect.getprototypeof cache-miss
1802 http fetch GET 200 https://registry.npmjs.org/possible-typed-array-names 35ms (cache miss)
1803 silly packumentCache full:https://registry.npmjs.org/possible-typed-array-names set size:undefined disposed:false
1804 silly fetch manifest has-bigints@^1.0.2
1805 silly packumentCache full:https://registry.npmjs.org/has-bigints cache-miss
1806 http fetch GET 200 https://registry.npmjs.org/dunder-proto 37ms (cache miss)
1807 silly packumentCache full:https://registry.npmjs.org/dunder-proto set size:undefined disposed:false
1808 silly fetch manifest which-boxed-primitive@^1.1.1
1809 silly packumentCache full:https://registry.npmjs.org/which-boxed-primitive cache-miss
1810 http fetch GET 200 https://registry.npmjs.org/set-function-name 40ms (cache miss)
1811 silly packumentCache full:https://registry.npmjs.org/set-function-name set size:undefined disposed:false
1812 silly fetch manifest for-each@^0.3.5
1813 silly packumentCache full:https://registry.npmjs.org/for-each cache-miss
1814 http fetch GET 200 https://registry.npmjs.org/for-each 29ms (cache miss)
1815 silly packumentCache full:https://registry.npmjs.org/for-each set size:undefined disposed:false
1816 http fetch GET 200 https://registry.npmjs.org/dunder-proto 43ms (cache miss)
1817 silly packumentCache full:https://registry.npmjs.org/dunder-proto set size:undefined disposed:false
1818 http fetch GET 200 https://registry.npmjs.org/isarray 42ms (cache miss)
1819 silly packumentCache full:https://registry.npmjs.org/isarray set size:undefined disposed:false
1820 http fetch GET 200 https://registry.npmjs.org/side-channel 45ms (cache miss)
1821 silly packumentCache full:https://registry.npmjs.org/side-channel set size:undefined disposed:false
1822 http cache https://registry.npmjs.org/for-each 5ms (cache hit)
1823 silly packumentCache full:https://registry.npmjs.org/for-each set size:14327 disposed:false
1824 http fetch GET 200 https://registry.npmjs.org/for-each 38ms (cache miss)
1825 silly packumentCache full:https://registry.npmjs.org/for-each set size:undefined disposed:false
1826 silly packumentCache full:https://registry.npmjs.org/for-each dispose
1827 http fetch GET 200 https://registry.npmjs.org/for-each 36ms (cache miss)
1828 silly packumentCache full:https://registry.npmjs.org/for-each set size:undefined disposed:true
1829 http fetch GET 200 https://registry.npmjs.org/isarray 51ms (cache miss)
1830 silly packumentCache full:https://registry.npmjs.org/isarray set size:undefined disposed:false
1831 http fetch GET 200 https://registry.npmjs.org/possible-typed-array-names 27ms (cache miss)
1832 silly packumentCache full:https://registry.npmjs.org/possible-typed-array-names set size:undefined disposed:false
1833 http fetch GET 200 https://registry.npmjs.org/has-bigints 29ms (cache miss)
1834 silly packumentCache full:https://registry.npmjs.org/has-bigints set size:undefined disposed:false
1835 http fetch GET 200 https://registry.npmjs.org/which-boxed-primitive 31ms (cache miss)
1836 silly packumentCache full:https://registry.npmjs.org/which-boxed-primitive set size:undefined disposed:false
1837 http fetch GET 200 https://registry.npmjs.org/is-date-object 267ms (cache miss)
1838 silly packumentCache full:https://registry.npmjs.org/is-date-object set size:undefined disposed:false
1839 http fetch GET 200 https://registry.npmjs.org/functions-have-names 272ms (cache miss)
1840 silly packumentCache full:https://registry.npmjs.org/functions-have-names set size:undefined disposed:false
1841 http fetch GET 200 https://registry.npmjs.org/reflect.getprototypeof 280ms (cache miss)
1842 silly packumentCache full:https://registry.npmjs.org/reflect.getprototypeof set size:undefined disposed:false
1843 http fetch GET 200 https://registry.npmjs.org/reflect.getprototypeof 275ms (cache miss)
1844 silly packumentCache full:https://registry.npmjs.org/reflect.getprototypeof set size:undefined disposed:false
1845 silly placeDep ROOT possible-typed-array-names@1.1.0 OK for: available-typed-arrays@1.0.7 want: ^1.0.0
1846 silly placeDep ROOT has-tostringtag@1.0.2 OK for: es-set-tostringtag@2.1.0 want: ^1.0.2
1847 silly placeDep ROOT is-date-object@1.1.0 OK for: es-to-primitive@1.3.0 want: ^1.0.5
1848 silly placeDep ROOT is-symbol@1.1.1 OK for: es-to-primitive@1.3.0 want: ^1.0.4
1849 silly placeDep node_modules/eslint-module-utils debug@3.2.7 OK for: eslint-module-utils@2.12.1 want: ^3.2.7
1850 silly placeDep ROOT aria-query@5.3.2 OK for: eslint-plugin-jsx-a11y@6.10.2 want: ^5.3.2
1851 silly placeDep ROOT ast-types-flow@0.0.8 OK for: eslint-plugin-jsx-a11y@6.10.2 want: ^0.0.8
1852 silly placeDep ROOT axe-core@4.11.4 OK for: eslint-plugin-jsx-a11y@6.10.2 want: ^4.10.0
1853 silly placeDep ROOT axobject-query@4.1.0 OK for: eslint-plugin-jsx-a11y@6.10.2 want: ^4.1.0
1854 silly placeDep ROOT damerau-levenshtein@1.0.8 OK for: eslint-plugin-jsx-a11y@6.10.2 want: ^1.0.8
1855 silly placeDep ROOT emoji-regex@9.2.2 OK for: eslint-plugin-jsx-a11y@6.10.2 want: ^9.2.2
1856 silly placeDep ROOT jsx-ast-utils@3.3.5 OK for: eslint-plugin-jsx-a11y@6.10.2 want: ^3.3.5
1857 silly placeDep ROOT language-tags@1.0.9 OK for: eslint-plugin-jsx-a11y@6.10.2 want: ^1.0.9
1858 silly placeDep ROOT string.prototype.includes@2.0.1 OK for: eslint-plugin-jsx-a11y@6.10.2 want: ^2.0.1
1859 silly fetch manifest language-subtag-registry@^0.3.20
1860 silly packumentCache full:https://registry.npmjs.org/language-subtag-registry cache-miss
1861 http fetch GET 200 https://registry.npmjs.org/language-subtag-registry 250ms (cache miss)
1862 silly packumentCache full:https://registry.npmjs.org/language-subtag-registry set size:undefined disposed:false
1863 silly placeDep ROOT array.prototype.findlast@1.2.5 OK for: eslint-plugin-react@7.37.5 want: ^1.2.5
1864 silly placeDep ROOT array.prototype.tosorted@1.1.4 OK for: eslint-plugin-react@7.37.5 want: ^1.1.4
1865 silly placeDep node_modules/eslint-plugin-react doctrine@2.1.0 OK for: eslint-plugin-react@7.37.5 want: ^2.1.0
1866 silly placeDep ROOT es-iterator-helpers@1.3.2 OK for: eslint-plugin-react@7.37.5 want: ^1.2.1
1867 silly placeDep ROOT estraverse@5.3.0 OK for: eslint-plugin-react@7.37.5 want: ^5.3.0
1868 silly placeDep ROOT object.entries@1.1.9 OK for: eslint-plugin-react@7.37.5 want: ^1.1.9
1869 silly placeDep ROOT prop-types@15.8.1 OK for: eslint-plugin-react@7.37.5 want: ^15.8.1
1870 silly placeDep node_modules/eslint-plugin-react semver@6.3.1 OK for: eslint-plugin-react@7.37.5 want: ^6.3.1
1871 silly placeDep ROOT string.prototype.matchall@4.0.12 OK for: eslint-plugin-react@7.37.5 want: ^4.0.12
1872 silly placeDep ROOT string.prototype.repeat@1.0.0 OK for: eslint-plugin-react@7.37.5 want: ^1.0.0
1873 silly fetch manifest iterator.prototype@^1.1.5
1874 silly packumentCache full:https://registry.npmjs.org/iterator.prototype cache-miss
1875 silly fetch manifest loose-envify@^1.4.0
1876 silly packumentCache full:https://registry.npmjs.org/loose-envify cache-miss
1877 silly fetch manifest object-assign@^4.1.1
1878 silly packumentCache full:https://registry.npmjs.org/object-assign cache-miss
1879 silly fetch manifest react-is@^16.13.1
1880 silly packumentCache full:https://registry.npmjs.org/react-is cache-miss
1881 http cache https://registry.npmjs.org/loose-envify 4ms (cache hit)
1882 silly packumentCache full:https://registry.npmjs.org/loose-envify set size:12559 disposed:false
1883 http fetch GET 200 https://registry.npmjs.org/object-assign 46ms (cache miss)
1884 silly packumentCache full:https://registry.npmjs.org/object-assign set size:undefined disposed:false
1885 http fetch GET 200 https://registry.npmjs.org/react-is 190ms (cache miss)
1886 silly packumentCache full:https://registry.npmjs.org/react-is set size:undefined disposed:false
1887 http fetch GET 200 https://registry.npmjs.org/iterator.prototype 725ms (cache miss)
1888 silly packumentCache full:https://registry.npmjs.org/iterator.prototype set size:undefined disposed:false
1889 silly placeDep ROOT iterator.prototype@1.1.5 OK for: es-iterator-helpers@1.3.2 want: ^1.1.5
1890 silly placeDep ROOT esrecurse@4.3.0 OK for: eslint-scope@7.2.2 want: ^4.3.0
1891 silly placeDep ROOT acorn@8.16.0 OK for: espree@9.6.1 want: ^8.9.0
1892 silly placeDep ROOT acorn-jsx@5.3.2 OK for: espree@9.6.1 want: ^5.3.2
1893 silly placeDep ROOT reusify@1.1.0 OK for: fastq@1.20.1 want: ^1.0.4
1894 silly placeDep ROOT flat-cache@3.2.0 OK for: file-entry-cache@6.0.1 want: ^3.0.4
1895 silly fetch manifest keyv@^4.5.3
1896 silly packumentCache full:https://registry.npmjs.org/keyv cache-miss
1897 silly fetch manifest rimraf@^3.0.2
1898 silly packumentCache full:https://registry.npmjs.org/rimraf cache-miss
1899 silly fetch manifest flatted@^3.2.9
1900 silly packumentCache full:https://registry.npmjs.org/flatted cache-miss
1901 http fetch GET 200 https://registry.npmjs.org/keyv 52ms (cache miss)
1902 silly packumentCache full:https://registry.npmjs.org/keyv set size:undefined disposed:false
1903 http fetch GET 200 https://registry.npmjs.org/flatted 59ms (cache miss)
1904 silly packumentCache full:https://registry.npmjs.org/flatted set size:undefined disposed:false
1905 http fetch GET 200 https://registry.npmjs.org/rimraf 307ms (cache miss)
1906 silly packumentCache full:https://registry.npmjs.org/rimraf set size:undefined disposed:false
1907 silly placeDep ROOT locate-path@6.0.0 OK for: find-up@5.0.0 want: ^6.0.0
1908 silly placeDep ROOT path-exists@4.0.0 OK for: find-up@5.0.0 want: ^4.0.0
1909 silly fetch manifest p-locate@^5.0.0
1910 silly packumentCache full:https://registry.npmjs.org/p-locate cache-miss
1911 http fetch GET 200 https://registry.npmjs.org/p-locate 48ms (cache miss)
1912 silly packumentCache full:https://registry.npmjs.org/p-locate set size:undefined disposed:false
1913 silly placeDep ROOT flatted@3.4.2 OK for: flat-cache@3.2.0 want: ^3.2.9
1914 silly placeDep ROOT keyv@4.5.4 OK for: flat-cache@3.2.0 want: ^4.5.3
1915 silly placeDep ROOT rimraf@3.0.2 OK for: flat-cache@3.2.0 want: ^3.0.2
1916 silly fetch manifest json-buffer@3.0.1
1917 silly packumentCache full:https://registry.npmjs.org/json-buffer cache-miss
1918 silly fetch manifest glob@^7.1.3
1919 silly packumentCache full:https://registry.npmjs.org/glob cache-miss
1920 http cache https://registry.npmjs.org/glob 3ms (cache hit)
1921 silly packumentCache full:https://registry.npmjs.org/glob set size:469465 disposed:false
1922 http fetch GET 200 https://registry.npmjs.org/json-buffer 33ms (cache miss)
1923 silly packumentCache full:https://registry.npmjs.org/json-buffer set size:undefined disposed:false
1924 silly placeDep ROOT async@0.2.10 OK for: fluent-ffmpeg@2.1.3 want: ^0.2.9
1925 silly placeDep node_modules/fluent-ffmpeg which@1.3.1 OK for: fluent-ffmpeg@2.1.3 want: ^1.1.1
1926 silly placeDep ROOT functions-have-names@1.2.3 OK for: function.prototype.name@1.1.8 want: ^1.2.3
1927 silly placeDep ROOT dunder-proto@1.0.1 OK for: get-proto@1.0.1 want: ^1.0.1
1928 silly placeDep ROOT resolve-pkg-maps@1.0.0 OK for: get-tsconfig@4.14.0 want: ^1.0.0
1929 silly placeDep ROOT foreground-child@3.3.1 OK for: glob@10.3.10 want: ^3.1.0
1930 silly placeDep ROOT jackspeak@2.3.6 OK for: glob@10.3.10 want: ^2.3.5
1931 silly placeDep node_modules/glob minimatch@9.0.9 OK for: glob@10.3.10 want: ^9.0.1
1932 silly placeDep ROOT minipass@7.1.3 OK for: glob@10.3.10 want: ^5.0.0 || ^6.0.2 || ^7.0.0
1933 silly placeDep ROOT path-scurry@1.11.1 OK for: glob@10.3.10 want: ^1.10.1
1934 silly fetch manifest signal-exit@^4.0.1
1935 silly packumentCache full:https://registry.npmjs.org/signal-exit cache-miss
1936 silly fetch manifest @isaacs/cliui@^8.0.2
1937 silly packumentCache full:https://registry.npmjs.org/@isaacs%2fcliui cache-miss
1938 silly fetch manifest @pkgjs/parseargs@^0.11.0
1939 silly packumentCache full:https://registry.npmjs.org/@pkgjs%2fparseargs cache-miss
1940 silly fetch manifest brace-expansion@^2.0.2
1941 silly packumentCache full:https://registry.npmjs.org/brace-expansion cache-hit
1942 silly fetch manifest lru-cache@^10.2.0
1943 silly packumentCache full:https://registry.npmjs.org/lru-cache cache-miss
1944 http fetch GET 200 https://registry.npmjs.org/signal-exit 33ms (cache miss)
1945 silly packumentCache full:https://registry.npmjs.org/signal-exit set size:undefined disposed:false
1946 http fetch GET 200 https://registry.npmjs.org/@isaacs%2fcliui 69ms (cache miss)
1947 silly packumentCache full:https://registry.npmjs.org/@isaacs%2fcliui set size:undefined disposed:false
1948 http fetch GET 200 https://registry.npmjs.org/@pkgjs%2fparseargs 70ms (cache miss)
1949 silly packumentCache full:https://registry.npmjs.org/@pkgjs%2fparseargs set size:undefined disposed:false
1950 http fetch GET 200 https://registry.npmjs.org/lru-cache 74ms (cache miss)
1951 silly packumentCache full:https://registry.npmjs.org/lru-cache set size:undefined disposed:false
1952 silly placeDep ROOT signal-exit@4.1.0 OK for: foreground-child@3.3.1 want: ^4.0.1
1953 silly placeDep ROOT type-fest@0.20.2 OK for: globals@13.24.0 want: ^0.20.2
1954 silly placeDep ROOT parent-module@1.0.1 OK for: import-fresh@3.3.1 want: ^1.0.0
1955 silly placeDep ROOT resolve-from@4.0.0 OK for: import-fresh@3.3.1 want: ^4.0.0
1956 silly fetch manifest callsites@^3.0.0
1957 silly packumentCache full:https://registry.npmjs.org/callsites cache-miss
1958 http fetch GET 200 https://registry.npmjs.org/callsites 308ms (cache miss)
1959 silly packumentCache full:https://registry.npmjs.org/callsites set size:undefined disposed:false
1960 silly placeDep ROOT side-channel@1.1.0 OK for: internal-slot@1.1.0 want: ^1.1.0
1961 silly fetch manifest side-channel-list@^1.0.0
1962 silly packumentCache full:https://registry.npmjs.org/side-channel-list cache-miss
1963 silly fetch manifest side-channel-map@^1.0.1
1964 silly packumentCache full:https://registry.npmjs.org/side-channel-map cache-miss
1965 silly fetch manifest side-channel-weakmap@^1.0.2
1966 silly packumentCache full:https://registry.npmjs.org/side-channel-weakmap cache-miss
1967 http fetch GET 200 https://registry.npmjs.org/side-channel-list 32ms (cache miss)
1968 silly packumentCache full:https://registry.npmjs.org/side-channel-list set size:undefined disposed:false
1969 http fetch GET 200 https://registry.npmjs.org/side-channel-map 32ms (cache miss)
1970 silly packumentCache full:https://registry.npmjs.org/side-channel-map set size:undefined disposed:false
1971 http fetch GET 200 https://registry.npmjs.org/side-channel-weakmap 51ms (cache miss)
1972 silly packumentCache full:https://registry.npmjs.org/side-channel-weakmap set size:undefined disposed:false
1973 silly placeDep ROOT is-extglob@2.1.1 OK for: is-glob@4.0.3 want: ^2.1.1
1974 silly placeDep ROOT set-function-name@2.0.2 OK for: iterator.prototype@1.1.5 want: ^2.0.2
1975 silly placeDep ROOT @isaacs/cliui@8.0.2 OK for: jackspeak@2.3.6 want: ^8.0.2
1976 silly placeDep ROOT @pkgjs/parseargs@0.11.0 OK for: jackspeak@2.3.6 want: ^0.11.0
1977 silly fetch manifest wrap-ansi@^8.1.0
1978 silly packumentCache full:https://registry.npmjs.org/wrap-ansi cache-miss
1979 silly fetch manifest strip-ansi@^7.0.1
1980 silly packumentCache full:https://registry.npmjs.org/strip-ansi cache-miss
1981 silly fetch manifest string-width@^5.1.2
1982 silly packumentCache full:https://registry.npmjs.org/string-width cache-miss
1983 silly fetch manifest wrap-ansi-cjs@npm:wrap-ansi@^7.0.0
1984 silly packumentCache full:https://registry.npmjs.org/wrap-ansi cache-miss
1985 silly fetch manifest strip-ansi-cjs@npm:strip-ansi@^6.0.1
1986 silly packumentCache full:https://registry.npmjs.org/strip-ansi cache-miss
1987 silly fetch manifest string-width-cjs@npm:string-width@^4.2.0
1988 silly packumentCache full:https://registry.npmjs.org/string-width cache-miss
1989 http cache https://registry.npmjs.org/strip-ansi 5ms (cache hit)
1990 silly packumentCache full:https://registry.npmjs.org/strip-ansi set size:44998 disposed:false
1991 http cache https://registry.npmjs.org/strip-ansi 5ms (cache hit)
1992 silly packumentCache full:https://registry.npmjs.org/strip-ansi set size:44998 disposed:false
1993 silly packumentCache full:https://registry.npmjs.org/strip-ansi dispose
1994 http fetch GET 200 https://registry.npmjs.org/wrap-ansi 38ms (cache miss)
1995 silly packumentCache full:https://registry.npmjs.org/wrap-ansi set size:undefined disposed:false
1996 http fetch GET 200 https://registry.npmjs.org/string-width 39ms (cache miss)
1997 silly packumentCache full:https://registry.npmjs.org/string-width set size:undefined disposed:false
1998 http fetch GET 200 https://registry.npmjs.org/string-width 47ms (cache miss)
1999 silly packumentCache full:https://registry.npmjs.org/string-width set size:undefined disposed:false
2000 http fetch GET 200 https://registry.npmjs.org/wrap-ansi 52ms (cache miss)
2001 silly packumentCache full:https://registry.npmjs.org/wrap-ansi set size:undefined disposed:false
2002 silly placeDep ROOT string-width@5.1.2 OK for: @isaacs/cliui@8.0.2 want: ^5.1.2
2003 silly placeDep ROOT string-width-cjs@4.2.3 OK for: @isaacs/cliui@8.0.2 want: npm:string-width@^4.2.0
2004 silly placeDep node_modules/@isaacs/cliui strip-ansi@7.2.0 OK for: @isaacs/cliui@8.0.2 want: ^7.0.1
2005 silly placeDep ROOT strip-ansi-cjs@6.0.1 OK for: @isaacs/cliui@8.0.2 want: npm:strip-ansi@^6.0.1
2006 silly placeDep ROOT wrap-ansi@8.1.0 OK for: @isaacs/cliui@8.0.2 want: ^8.1.0
2007 silly placeDep ROOT wrap-ansi-cjs@7.0.0 OK for: @isaacs/cliui@8.0.2 want: npm:wrap-ansi@^7.0.0
2008 silly fetch manifest eastasianwidth@^0.2.0
2009 silly packumentCache full:https://registry.npmjs.org/eastasianwidth cache-miss
2010 silly fetch manifest emoji-regex@^8.0.0
2011 silly packumentCache full:https://registry.npmjs.org/emoji-regex cache-miss
2012 silly fetch manifest is-fullwidth-code-point@^3.0.0
2013 silly packumentCache full:https://registry.npmjs.org/is-fullwidth-code-point cache-miss
2014 silly fetch manifest ansi-regex@^6.2.2
2015 silly packumentCache full:https://registry.npmjs.org/ansi-regex cache-miss
2016 silly fetch manifest ansi-styles@^6.1.0
2017 silly packumentCache full:https://registry.npmjs.org/ansi-styles cache-miss
2018 silly fetch manifest string-width@^4.1.0
2019 silly packumentCache full:https://registry.npmjs.org/string-width cache-miss
2020 http cache https://registry.npmjs.org/ansi-regex 5ms (cache hit)
2021 silly packumentCache full:https://registry.npmjs.org/ansi-regex set size:43572 disposed:false
2022 http cache https://registry.npmjs.org/emoji-regex 6ms (cache hit)
2023 silly packumentCache full:https://registry.npmjs.org/emoji-regex set size:89064 disposed:false
2024 http cache https://registry.npmjs.org/string-width 6ms (cache hit)
2025 silly packumentCache full:https://registry.npmjs.org/string-width set size:70381 disposed:false
2026 http cache https://registry.npmjs.org/ansi-styles 7ms (cache hit)
2027 silly packumentCache full:https://registry.npmjs.org/ansi-styles set size:63233 disposed:false
2028 http fetch GET 200 https://registry.npmjs.org/eastasianwidth 48ms (cache miss)
2029 silly packumentCache full:https://registry.npmjs.org/eastasianwidth set size:undefined disposed:false
2030 http fetch GET 200 https://registry.npmjs.org/is-fullwidth-code-point 49ms (cache miss)
2031 silly packumentCache full:https://registry.npmjs.org/is-fullwidth-code-point set size:undefined disposed:false
2032 silly placeDep ROOT argparse@2.0.1 OK for: js-yaml@4.1.1 want: ^2.0.1
2033 silly placeDep ROOT json-buffer@3.0.1 OK for: keyv@4.5.4 want: 3.0.1
2034 silly placeDep ROOT language-subtag-registry@0.3.23 OK for: language-tags@1.0.9 want: ^0.3.20
2035 silly placeDep ROOT prelude-ls@1.2.1 OK for: levn@0.4.1 want: ^1.2.1
2036 silly placeDep ROOT type-check@0.4.0 OK for: levn@0.4.1 want: ~0.4.0
2037 silly placeDep ROOT p-locate@5.0.0 OK for: locate-path@6.0.0 want: ^5.0.0
2038 silly fetch manifest p-limit@^3.0.2
2039 silly packumentCache full:https://registry.npmjs.org/p-limit cache-miss
2040 http fetch GET 200 https://registry.npmjs.org/p-limit 37ms (cache miss)
2041 silly packumentCache full:https://registry.npmjs.org/p-limit set size:undefined disposed:false
2042 silly placeDep ROOT brace-expansion@1.1.14 OK for: minimatch@3.1.5 want: ^1.1.7
2043 silly fetch manifest concat-map@0.0.1
2044 silly packumentCache full:https://registry.npmjs.org/concat-map cache-miss
2045 silly fetch manifest balanced-match@^1.0.0
2046 silly packumentCache full:https://registry.npmjs.org/balanced-match cache-miss
2047 http fetch GET 200 https://registry.npmjs.org/balanced-match 40ms (cache miss)
2048 silly packumentCache full:https://registry.npmjs.org/balanced-match set size:undefined disposed:false
2049 http fetch GET 200 https://registry.npmjs.org/concat-map 252ms (cache miss)
2050 silly packumentCache full:https://registry.npmjs.org/concat-map set size:undefined disposed:false
2051 silly placeDep ROOT balanced-match@1.0.2 OK for: brace-expansion@1.1.14 want: ^1.0.0
2052 silly placeDep ROOT concat-map@0.0.1 OK for: brace-expansion@1.1.14 want: 0.0.1
2053 silly fetch manifest react@^18.2.0
2054 silly packumentCache full:https://registry.npmjs.org/react cache-miss
2055 http cache https://registry.npmjs.org/react 14ms (cache hit)
2056 silly packumentCache full:https://registry.npmjs.org/react set size:6646698 disposed:false
2057 silly placeDep ROOT @next/env@14.2.29 OK for: next@14.2.29 want: 14.2.29
2058 silly placeDep ROOT @next/swc-darwin-arm64@14.2.29 OK for: next@14.2.29 want: 14.2.29
2059 silly placeDep ROOT @next/swc-darwin-x64@14.2.29 OK for: next@14.2.29 want: 14.2.29
2060 silly placeDep ROOT @next/swc-linux-arm64-gnu@14.2.29 OK for: next@14.2.29 want: 14.2.29
2061 silly placeDep ROOT @next/swc-linux-arm64-musl@14.2.29 OK for: next@14.2.29 want: 14.2.29
2062 silly placeDep ROOT @next/swc-linux-x64-gnu@14.2.29 OK for: next@14.2.29 want: 14.2.29
2063 silly placeDep ROOT @next/swc-linux-x64-musl@14.2.29 OK for: next@14.2.29 want: 14.2.29
2064 silly placeDep ROOT @next/swc-win32-arm64-msvc@14.2.29 OK for: next@14.2.29 want: 14.2.29
2065 silly placeDep ROOT @next/swc-win32-ia32-msvc@14.2.29 OK for: next@14.2.29 want: 14.2.29
2066 silly placeDep ROOT @next/swc-win32-x64-msvc@14.2.29 OK for: next@14.2.29 want: 14.2.29
2067 silly placeDep ROOT @swc/helpers@0.5.5 OK for: next@14.2.29 want: 0.5.5
2068 silly placeDep ROOT busboy@1.6.0 OK for: next@14.2.29 want: 1.6.0
2069 silly placeDep ROOT graceful-fs@4.2.11 OK for: next@14.2.29 want: ^4.2.11
2070 silly placeDep node_modules/next postcss@8.4.31 OK for: next@14.2.29 want: 8.4.31
2071 silly placeDep ROOT styled-jsx@5.1.1 OK for: next@14.2.29 want: 5.1.1
2072 silly fetch manifest @swc/counter@^0.1.3
2073 silly packumentCache full:https://registry.npmjs.org/@swc%2fcounter cache-miss
2074 silly fetch manifest streamsearch@^1.1.0
2075 silly packumentCache full:https://registry.npmjs.org/streamsearch cache-miss
2076 silly fetch manifest nanoid@^3.3.6
2077 silly packumentCache full:https://registry.npmjs.org/nanoid cache-miss
2078 silly fetch manifest source-map-js@^1.0.2
2079 silly packumentCache full:https://registry.npmjs.org/source-map-js cache-miss
2080 silly fetch manifest client-only@0.0.1
2081 silly packumentCache full:https://registry.npmjs.org/client-only cache-miss
2082 http cache https://registry.npmjs.org/source-map-js 6ms (cache hit)
2083 silly packumentCache full:https://registry.npmjs.org/source-map-js set size:62640 disposed:false
2084 http cache https://registry.npmjs.org/nanoid 7ms (cache hit)
2085 silly packumentCache full:https://registry.npmjs.org/nanoid set size:310559 disposed:false
2086 http fetch GET 200 https://registry.npmjs.org/streamsearch 93ms (cache miss)
2087 silly packumentCache full:https://registry.npmjs.org/streamsearch set size:undefined disposed:false
2088 http fetch GET 200 https://registry.npmjs.org/client-only 275ms (cache miss)
2089 silly packumentCache full:https://registry.npmjs.org/client-only set size:undefined disposed:false
2090 http fetch GET 200 https://registry.npmjs.org/@swc%2fcounter 478ms (cache miss)
2091 silly packumentCache full:https://registry.npmjs.org/@swc%2fcounter set size:undefined disposed:false
2092 silly placeDep ROOT @swc/counter@0.1.3 OK for: @swc/helpers@0.5.5 want: ^0.1.3
2093 silly placeDep ROOT streamsearch@1.1.0 OK for: busboy@1.6.0 want: ^1.1.0
2094 silly placeDep ROOT deep-is@0.1.4 OK for: optionator@0.9.4 want: ^0.1.3
2095 silly placeDep ROOT fast-levenshtein@2.0.6 OK for: optionator@0.9.4 want: ^2.0.6
2096 silly placeDep ROOT word-wrap@1.2.5 OK for: optionator@0.9.4 want: ^1.2.5
2097 silly placeDep ROOT p-limit@3.1.0 OK for: p-locate@5.0.0 want: ^3.0.2
2098 silly fetch manifest yocto-queue@^0.1.0
2099 silly packumentCache full:https://registry.npmjs.org/yocto-queue cache-miss
2100 http fetch GET 200 https://registry.npmjs.org/yocto-queue 32ms (cache miss)
2101 silly packumentCache full:https://registry.npmjs.org/yocto-queue set size:undefined disposed:false
2102 silly placeDep ROOT yocto-queue@0.1.0 OK for: p-limit@3.1.0 want: ^0.1.0
2103 silly placeDep ROOT callsites@3.1.0 OK for: parent-module@1.0.1 want: ^3.0.0
2104 silly placeDep ROOT lru-cache@10.4.3 OK for: path-scurry@1.11.1 want: ^10.2.0
2105 silly placeDep ROOT nanoid@3.3.12 OK for: postcss@8.5.14 want: ^3.3.11
2106 silly placeDep ROOT source-map-js@1.2.1 OK for: postcss@8.5.14 want: ^1.2.1
2107 silly placeDep ROOT loose-envify@1.4.0 OK for: prop-types@15.8.1 want: ^1.4.0
2108 silly placeDep ROOT object-assign@4.1.1 OK for: prop-types@15.8.1 want: ^4.1.1
2109 silly placeDep ROOT react-is@16.13.1 OK for: prop-types@15.8.1 want: ^16.13.1
2110 silly fetch manifest js-tokens@^3.0.0 || ^4.0.0
2111 silly packumentCache full:https://registry.npmjs.org/js-tokens cache-miss
2112 http fetch GET 200 https://registry.npmjs.org/js-tokens 33ms (cache miss)
2113 silly packumentCache full:https://registry.npmjs.org/js-tokens set size:undefined disposed:false
2114 silly placeDep ROOT js-tokens@4.0.0 OK for: loose-envify@1.4.0 want: ^3.0.0 || ^4.0.0
2115 silly placeDep ROOT scheduler@0.23.2 OK for: react-dom@18.3.1 want: ^0.23.2
2116 silly placeDep ROOT node-exports-info@1.6.0 OK for: resolve@2.0.0-next.6 want: ^1.6.0
2117 silly placeDep ROOT path-parse@1.0.7 OK for: resolve@2.0.0-next.6 want: ^1.0.7
2118 silly placeDep ROOT supports-preserve-symlinks-flag@1.0.0 OK for: resolve@2.0.0-next.6 want: ^1.0.0
2119 silly placeDep node_modules/node-exports-info semver@6.3.1 OK for: node-exports-info@1.6.0 want: ^6.3.1
2120 silly placeDep node_modules/rimraf glob@7.2.3 OK for: rimraf@3.0.2 want: ^7.1.3
2121 silly fetch manifest once@^1.3.0
2122 silly packumentCache full:https://registry.npmjs.org/once cache-miss
2123 silly fetch manifest inflight@^1.0.4
2124 silly packumentCache full:https://registry.npmjs.org/inflight cache-miss
2125 silly fetch manifest inherits@2
2126 silly packumentCache full:https://registry.npmjs.org/inherits cache-miss
2127 silly fetch manifest fs.realpath@^1.0.0
2128 silly packumentCache full:https://registry.npmjs.org/fs.realpath cache-miss
2129 silly fetch manifest path-is-absolute@^1.0.0
2130 silly packumentCache full:https://registry.npmjs.org/path-is-absolute cache-miss
2131 http fetch GET 200 https://registry.npmjs.org/inflight 33ms (cache miss)
2132 silly packumentCache full:https://registry.npmjs.org/inflight set size:undefined disposed:false
2133 http fetch GET 200 https://registry.npmjs.org/inherits 33ms (cache miss)
2134 silly packumentCache full:https://registry.npmjs.org/inherits set size:undefined disposed:false
2135 http fetch GET 200 https://registry.npmjs.org/fs.realpath 53ms (cache miss)
2136 silly packumentCache full:https://registry.npmjs.org/fs.realpath set size:undefined disposed:false
2137 http fetch GET 200 https://registry.npmjs.org/once 55ms (cache miss)
2138 silly packumentCache full:https://registry.npmjs.org/once set size:undefined disposed:false
2139 http fetch GET 200 https://registry.npmjs.org/path-is-absolute 274ms (cache miss)
2140 silly packumentCache full:https://registry.npmjs.org/path-is-absolute set size:undefined disposed:false
2141 silly placeDep ROOT queue-microtask@1.2.3 OK for: run-parallel@1.2.0 want: ^1.2.2
2142 silly placeDep ROOT isarray@2.0.5 OK for: safe-array-concat@1.1.4 want: ^2.0.5
2143 silly placeDep ROOT shebang-regex@3.0.0 OK for: shebang-command@2.0.0 want: ^3.0.0
2144 silly placeDep ROOT side-channel-list@1.0.1 OK for: side-channel@1.1.0 want: ^1.0.0
2145 silly placeDep ROOT side-channel-map@1.0.1 OK for: side-channel@1.1.0 want: ^1.0.1
2146 silly placeDep ROOT side-channel-weakmap@1.0.2 OK for: side-channel@1.1.0 want: ^1.0.2
2147 silly placeDep ROOT eastasianwidth@0.2.0 OK for: string-width@5.1.2 want: ^0.2.0
2148 silly placeDep node_modules/string-width strip-ansi@7.2.0 OK for: string-width@5.1.2 want: ^7.0.1
2149 silly placeDep node_modules/string-width-cjs emoji-regex@8.0.0 OK for: string-width@4.2.3 want: ^8.0.0
2150 silly placeDep ROOT is-fullwidth-code-point@3.0.0 OK for: string-width@4.2.3 want: ^3.0.0
2151 silly placeDep ROOT ansi-regex@5.0.1 OK for: strip-ansi@6.0.1 want: ^5.0.1
2152 silly placeDep ROOT client-only@0.0.1 OK for: styled-jsx@5.1.1 want: 0.0.1
2153 silly placeDep ROOT has-flag@4.0.0 OK for: supports-color@7.2.0 want: ^4.0.0
2154 silly fetch manifest postcss@^8.4.47
2155 silly packumentCache full:https://registry.npmjs.org/postcss cache-hit
2156 silly fetch manifest tsx@^4.8.1
2157 silly packumentCache full:https://registry.npmjs.org/tsx cache-miss
2158 http fetch GET 200 https://registry.npmjs.org/tsx 64ms (cache miss)
2159 silly packumentCache full:https://registry.npmjs.org/tsx set size:undefined disposed:false
2160 silly fetch manifest yaml@^2.4.2
2161 silly packumentCache full:https://registry.npmjs.org/yaml cache-miss
2162 http fetch GET 200 https://registry.npmjs.org/yaml 64ms (cache miss)
2163 silly packumentCache full:https://registry.npmjs.org/yaml set size:undefined disposed:false
2164 silly placeDep ROOT @alloc/quick-lru@5.2.0 OK for: tailwindcss@3.4.19 want: ^5.2.0
2165 silly placeDep ROOT arg@5.0.2 OK for: tailwindcss@3.4.19 want: ^5.0.2
2166 silly placeDep ROOT chokidar@3.6.0 OK for: tailwindcss@3.4.19 want: ^3.6.0
2167 silly placeDep ROOT didyoumean@1.2.2 OK for: tailwindcss@3.4.19 want: ^1.2.2
2168 silly placeDep ROOT dlv@1.1.3 OK for: tailwindcss@3.4.19 want: ^1.1.3
2169 silly placeDep ROOT fast-glob@3.3.3 OK for: tailwindcss@3.4.19 want: ^3.3.2
2170 silly placeDep ROOT jiti@1.21.7 OK for: tailwindcss@3.4.19 want: ^1.21.7
2171 silly placeDep ROOT lilconfig@3.1.3 OK for: tailwindcss@3.4.19 want: ^3.1.3
2172 silly placeDep ROOT micromatch@4.0.8 OK for: tailwindcss@3.4.19 want: ^4.0.8
2173 silly placeDep ROOT normalize-path@3.0.0 OK for: tailwindcss@3.4.19 want: ^3.0.0
2174 silly placeDep ROOT object-hash@3.0.0 OK for: tailwindcss@3.4.19 want: ^3.0.0
2175 silly placeDep ROOT postcss-import@15.1.0 OK for: tailwindcss@3.4.19 want: ^15.1.0
2176 silly placeDep ROOT postcss-js@4.1.0 OK for: tailwindcss@3.4.19 want: ^4.0.1
2177 silly placeDep ROOT postcss-load-config@6.0.1 OK for: tailwindcss@3.4.19 want: ^4.0.2 || ^5.0 || ^6.0
2178 silly placeDep ROOT postcss-nested@6.2.0 OK for: tailwindcss@3.4.19 want: ^6.2.0
2179 silly placeDep ROOT postcss-selector-parser@6.1.2 OK for: tailwindcss@3.4.19 want: ^6.1.2
2180 silly placeDep node_modules/tailwindcss resolve@1.22.12 OK for: tailwindcss@3.4.19 want: ^1.22.8
2181 silly placeDep ROOT sucrase@3.35.1 OK for: tailwindcss@3.4.19 want: ^3.35.0
2182 silly fetch manifest braces@~3.0.2
2183 silly packumentCache full:https://registry.npmjs.org/braces cache-miss
2184 silly fetch manifest anymatch@~3.1.2
2185 silly packumentCache full:https://registry.npmjs.org/anymatch cache-miss
2186 silly fetch manifest readdirp@~3.6.0
2187 silly packumentCache full:https://registry.npmjs.org/readdirp cache-miss
2188 silly fetch manifest glob-parent@~5.1.2
2189 silly packumentCache full:https://registry.npmjs.org/glob-parent cache-miss
2190 silly fetch manifest is-binary-path@~2.1.0
2191 silly packumentCache full:https://registry.npmjs.org/is-binary-path cache-miss
2192 silly fetch manifest normalize-path@~3.0.0
2193 silly packumentCache full:https://registry.npmjs.org/normalize-path cache-miss
2194 silly fetch manifest fsevents@~2.3.2
2195 silly packumentCache full:https://registry.npmjs.org/fsevents cache-miss
2196 silly fetch manifest glob-parent@^5.1.2
2197 silly packumentCache full:https://registry.npmjs.org/glob-parent cache-miss
2198 silly fetch manifest merge2@^1.3.0
2199 silly packumentCache full:https://registry.npmjs.org/merge2 cache-miss
2200 silly fetch manifest braces@^3.0.3
2201 silly packumentCache full:https://registry.npmjs.org/braces cache-miss
2202 silly fetch manifest picomatch@^2.3.1
2203 silly packumentCache full:https://registry.npmjs.org/picomatch cache-miss
2204 silly fetch manifest resolve@^1.1.7
2205 silly packumentCache full:https://registry.npmjs.org/resolve cache-hit
2206 silly fetch manifest read-cache@^1.0.0
2207 silly packumentCache full:https://registry.npmjs.org/read-cache cache-miss
2208 silly fetch manifest camelcase-css@^2.0.1
2209 silly packumentCache full:https://registry.npmjs.org/camelcase-css cache-miss
2210 silly fetch manifest postcss-selector-parser@^6.1.1
2211 silly packumentCache full:https://registry.npmjs.org/postcss-selector-parser cache-miss
2212 silly fetch manifest cssesc@^3.0.0
2213 silly packumentCache full:https://registry.npmjs.org/cssesc cache-miss
2214 http cache https://registry.npmjs.org/glob-parent 11ms (cache hit)
2215 silly packumentCache full:https://registry.npmjs.org/glob-parent set size:42445 disposed:false
2216 silly fetch manifest util-deprecate@^1.0.2
2217 silly packumentCache full:https://registry.npmjs.org/util-deprecate cache-miss
2218 http cache https://registry.npmjs.org/picomatch 10ms (cache hit)
2219 silly packumentCache full:https://registry.npmjs.org/picomatch set size:126376 disposed:false
2220 silly fetch manifest @jridgewell/gen-mapping@^0.3.2
2221 silly packumentCache full:https://registry.npmjs.org/@jridgewell%2fgen-mapping cache-miss
2222 http cache https://registry.npmjs.org/normalize-path 14ms (cache hit)
2223 silly packumentCache full:https://registry.npmjs.org/normalize-path set size:28713 disposed:false
2224 silly fetch manifest commander@^4.0.0
2225 silly packumentCache full:https://registry.npmjs.org/commander cache-miss
2226 http cache https://registry.npmjs.org/glob-parent 15ms (cache hit)
2227 silly packumentCache full:https://registry.npmjs.org/glob-parent set size:42445 disposed:false
2228 silly packumentCache full:https://registry.npmjs.org/glob-parent dispose
2229 silly fetch manifest lines-and-columns@^1.1.6
2230 silly packumentCache full:https://registry.npmjs.org/lines-and-columns cache-miss
2231 http cache https://registry.npmjs.org/postcss-selector-parser 13ms (cache hit)
2232 silly packumentCache full:https://registry.npmjs.org/postcss-selector-parser set size:177140 disposed:false
2233 silly fetch manifest mz@^2.7.0
2234 silly packumentCache full:https://registry.npmjs.org/mz cache-miss
2235 http fetch GET 200 https://registry.npmjs.org/read-cache 34ms (cache miss)
2236 silly packumentCache full:https://registry.npmjs.org/read-cache set size:undefined disposed:false
2237 silly fetch manifest pirates@^4.0.1
2238 silly packumentCache full:https://registry.npmjs.org/pirates cache-miss
2239 http fetch GET 200 https://registry.npmjs.org/braces 39ms (cache miss)
2240 silly packumentCache full:https://registry.npmjs.org/braces set size:undefined disposed:false
2241 silly fetch manifest ts-interface-checker@^0.1.9
2242 silly packumentCache full:https://registry.npmjs.org/ts-interface-checker cache-miss
2243 http fetch GET 200 https://registry.npmjs.org/camelcase-css 42ms (cache miss)
2244 silly packumentCache full:https://registry.npmjs.org/camelcase-css set size:undefined disposed:false
2245 http fetch GET 200 https://registry.npmjs.org/braces 46ms (cache miss)
2246 silly packumentCache full:https://registry.npmjs.org/braces set size:undefined disposed:false
2247 http fetch GET 200 https://registry.npmjs.org/cssesc 44ms (cache miss)
2248 silly packumentCache full:https://registry.npmjs.org/cssesc set size:undefined disposed:false
2249 http fetch GET 200 https://registry.npmjs.org/merge2 47ms (cache miss)
2250 silly packumentCache full:https://registry.npmjs.org/merge2 set size:undefined disposed:false
2251 http fetch GET 200 https://registry.npmjs.org/anymatch 50ms (cache miss)
2252 silly packumentCache full:https://registry.npmjs.org/anymatch set size:undefined disposed:false
2253 http fetch GET 200 https://registry.npmjs.org/util-deprecate 41ms (cache miss)
2254 silly packumentCache full:https://registry.npmjs.org/util-deprecate set size:undefined disposed:false
2255 http fetch GET 200 https://registry.npmjs.org/is-binary-path 53ms (cache miss)
2256 silly packumentCache full:https://registry.npmjs.org/is-binary-path set size:undefined disposed:false
2257 http fetch GET 200 https://registry.npmjs.org/lines-and-columns 40ms (cache miss)
2258 silly packumentCache full:https://registry.npmjs.org/lines-and-columns set size:undefined disposed:false
2259 http fetch GET 200 https://registry.npmjs.org/pirates 53ms (cache miss)
2260 silly packumentCache full:https://registry.npmjs.org/pirates set size:undefined disposed:false
2261 http fetch GET 200 https://registry.npmjs.org/mz 71ms (cache miss)
2262 silly packumentCache full:https://registry.npmjs.org/mz set size:undefined disposed:false
2263 http fetch GET 200 https://registry.npmjs.org/ts-interface-checker 48ms (cache miss)
2264 silly packumentCache full:https://registry.npmjs.org/ts-interface-checker set size:undefined disposed:false
2265 http fetch GET 200 https://registry.npmjs.org/commander 77ms (cache miss)
2266 silly packumentCache full:https://registry.npmjs.org/commander set size:undefined disposed:false
2267 http fetch GET 200 https://registry.npmjs.org/readdirp 279ms (cache miss)
2268 silly packumentCache full:https://registry.npmjs.org/readdirp set size:undefined disposed:false
2269 http fetch GET 200 https://registry.npmjs.org/fsevents 290ms (cache miss)
2270 silly packumentCache full:https://registry.npmjs.org/fsevents set size:undefined disposed:false
2271 http fetch GET 200 https://registry.npmjs.org/@jridgewell%2fgen-mapping 367ms (cache miss)
2272 silly packumentCache full:https://registry.npmjs.org/@jridgewell%2fgen-mapping set size:undefined disposed:false
2273 silly placeDep ROOT anymatch@3.1.3 OK for: chokidar@3.6.0 want: ~3.1.2
2274 silly placeDep ROOT braces@3.0.3 OK for: chokidar@3.6.0 want: ~3.0.2
2275 silly placeDep ROOT fsevents@2.3.3 OK for: chokidar@3.6.0 want: ~2.3.2
2276 silly placeDep node_modules/chokidar glob-parent@5.1.2 OK for: chokidar@3.6.0 want: ~5.1.2
2277 silly placeDep ROOT is-binary-path@2.1.0 OK for: chokidar@3.6.0 want: ~2.1.0
2278 silly placeDep ROOT readdirp@3.6.0 OK for: chokidar@3.6.0 want: ~3.6.0
2279 silly fetch manifest picomatch@^2.0.4
2280 silly packumentCache full:https://registry.npmjs.org/picomatch cache-hit
2281 silly fetch manifest fill-range@^7.1.1
2282 silly packumentCache full:https://registry.npmjs.org/fill-range cache-miss
2283 silly fetch manifest binary-extensions@^2.0.0
2284 silly packumentCache full:https://registry.npmjs.org/binary-extensions cache-miss
2285 silly fetch manifest picomatch@^2.2.1
2286 silly packumentCache full:https://registry.npmjs.org/picomatch cache-hit
2287 http fetch GET 200 https://registry.npmjs.org/binary-extensions 41ms (cache miss)
2288 silly packumentCache full:https://registry.npmjs.org/binary-extensions set size:undefined disposed:false
2289 http fetch GET 200 https://registry.npmjs.org/fill-range 43ms (cache miss)
2290 silly packumentCache full:https://registry.npmjs.org/fill-range set size:undefined disposed:false
2291 silly placeDep ROOT picomatch@2.3.2 OK for: anymatch@3.1.3 want: ^2.0.4
2292 silly placeDep ROOT fill-range@7.1.1 OK for: braces@3.0.3 want: ^7.1.1
2293 silly fetch manifest to-regex-range@^5.0.1
2294 silly packumentCache full:https://registry.npmjs.org/to-regex-range cache-miss
2295 http fetch GET 200 https://registry.npmjs.org/to-regex-range 39ms (cache miss)
2296 silly packumentCache full:https://registry.npmjs.org/to-regex-range set size:undefined disposed:false
2297 silly placeDep node_modules/fast-glob glob-parent@5.1.2 OK for: fast-glob@3.3.3 want: ^5.1.2
2298 silly placeDep ROOT merge2@1.4.1 OK for: fast-glob@3.3.3 want: ^1.3.0
2299 silly placeDep ROOT to-regex-range@5.0.1 OK for: fill-range@7.1.1 want: ^5.0.1
2300 silly fetch manifest is-number@^7.0.0
2301 silly packumentCache full:https://registry.npmjs.org/is-number cache-miss
2302 http fetch GET 200 https://registry.npmjs.org/is-number 28ms (cache miss)
2303 silly packumentCache full:https://registry.npmjs.org/is-number set size:undefined disposed:false
2304 silly placeDep ROOT binary-extensions@2.3.0 OK for: is-binary-path@2.1.0 want: ^2.0.0
2305 silly placeDep ROOT read-cache@1.0.0 OK for: postcss-import@15.1.0 want: ^1.0.0
2306 silly placeDep node_modules/postcss-import resolve@1.22.12 OK for: postcss-import@15.1.0 want: ^1.1.7
2307 silly fetch manifest pify@^2.3.0
2308 silly packumentCache full:https://registry.npmjs.org/pify cache-miss
2309 http fetch GET 200 https://registry.npmjs.org/pify 70ms (cache miss)
2310 silly packumentCache full:https://registry.npmjs.org/pify set size:undefined disposed:false
2311 silly placeDep ROOT camelcase-css@2.0.1 OK for: postcss-js@4.1.0 want: ^2.0.1
2312 silly placeDep ROOT cssesc@3.0.0 OK for: postcss-selector-parser@6.1.2 want: ^3.0.0
2313 silly placeDep ROOT util-deprecate@1.0.2 OK for: postcss-selector-parser@6.1.2 want: ^1.0.2
2314 silly placeDep ROOT pify@2.3.0 OK for: read-cache@1.0.0 want: ^2.3.0
2315 silly placeDep ROOT @jridgewell/gen-mapping@0.3.13 OK for: sucrase@3.35.1 want: ^0.3.2
2316 silly placeDep ROOT commander@4.1.1 OK for: sucrase@3.35.1 want: ^4.0.0
2317 silly placeDep ROOT lines-and-columns@1.2.4 OK for: sucrase@3.35.1 want: ^1.1.6
2318 silly placeDep ROOT mz@2.7.0 OK for: sucrase@3.35.1 want: ^2.7.0
2319 silly placeDep ROOT pirates@4.0.7 OK for: sucrase@3.35.1 want: ^4.0.1
2320 silly placeDep ROOT ts-interface-checker@0.1.13 OK for: sucrase@3.35.1 want: ^0.1.9
2321 silly fetch manifest @jridgewell/sourcemap-codec@^1.5.0
2322 silly packumentCache full:https://registry.npmjs.org/@jridgewell%2fsourcemap-codec cache-miss
2323 silly fetch manifest @jridgewell/trace-mapping@^0.3.24
2324 silly packumentCache full:https://registry.npmjs.org/@jridgewell%2ftrace-mapping cache-miss
2325 silly fetch manifest any-promise@^1.0.0
2326 silly packumentCache full:https://registry.npmjs.org/any-promise cache-miss
2327 silly fetch manifest thenify-all@^1.0.0
2328 silly packumentCache full:https://registry.npmjs.org/thenify-all cache-miss
2329 http fetch GET 200 https://registry.npmjs.org/thenify-all 32ms (cache miss)
2330 silly packumentCache full:https://registry.npmjs.org/thenify-all set size:undefined disposed:false
2331 http fetch GET 200 https://registry.npmjs.org/any-promise 46ms (cache miss)
2332 silly packumentCache full:https://registry.npmjs.org/any-promise set size:undefined disposed:false
2333 http fetch GET 200 https://registry.npmjs.org/@jridgewell%2fsourcemap-codec 95ms (cache miss)
2334 silly packumentCache full:https://registry.npmjs.org/@jridgewell%2fsourcemap-codec set size:undefined disposed:false
2335 http fetch GET 200 https://registry.npmjs.org/@jridgewell%2ftrace-mapping 419ms (cache miss)
2336 silly packumentCache full:https://registry.npmjs.org/@jridgewell%2ftrace-mapping set size:undefined disposed:false
2337 silly placeDep ROOT @jridgewell/sourcemap-codec@1.5.5 OK for: @jridgewell/gen-mapping@0.3.13 want: ^1.5.0
2338 silly placeDep ROOT @jridgewell/trace-mapping@0.3.31 OK for: @jridgewell/gen-mapping@0.3.13 want: ^0.3.24
2339 silly fetch manifest @jridgewell/resolve-uri@^3.1.0
2340 silly packumentCache full:https://registry.npmjs.org/@jridgewell%2fresolve-uri cache-miss
2341 http fetch GET 200 https://registry.npmjs.org/@jridgewell%2fresolve-uri 55ms (cache miss)
2342 silly packumentCache full:https://registry.npmjs.org/@jridgewell%2fresolve-uri set size:undefined disposed:false
2343 silly placeDep ROOT @jridgewell/resolve-uri@3.1.2 OK for: @jridgewell/trace-mapping@0.3.31 want: ^3.1.0
2344 silly placeDep ROOT any-promise@1.3.0 OK for: mz@2.7.0 want: ^1.0.0
2345 silly placeDep ROOT thenify-all@1.6.0 OK for: mz@2.7.0 want: ^1.0.0
2346 silly fetch manifest thenify@>= 3.1.0 < 4
2347 silly packumentCache full:https://registry.npmjs.org/thenify cache-miss
2348 http fetch GET 200 https://registry.npmjs.org/thenify 300ms (cache miss)
2349 silly packumentCache full:https://registry.npmjs.org/thenify set size:undefined disposed:false
2350 silly placeDep ROOT thenify@3.3.1 OK for: thenify-all@1.6.0 want: >= 3.1.0 < 4
2351 silly placeDep node_modules/tinyglobby fdir@6.5.0 OK for: tinyglobby@0.2.16 want: ^6.5.0
2352 silly placeDep node_modules/tinyglobby picomatch@4.0.4 OK for: fdir@6.5.0 want: ^3 || ^4
2353 silly placeDep ROOT is-number@7.0.0 OK for: to-regex-range@5.0.1 want: ^7.0.0
2354 silly placeDep ROOT @types/json5@0.0.29 OK for: tsconfig-paths@3.15.0 want: ^0.0.29
2355 silly placeDep ROOT json5@1.0.2 OK for: tsconfig-paths@3.15.0 want: ^1.0.2
2356 silly placeDep ROOT minimist@1.2.8 OK for: tsconfig-paths@3.15.0 want: ^1.2.6
2357 silly placeDep ROOT strip-bom@3.0.0 OK for: tsconfig-paths@3.15.0 want: ^3.0.0
2358 silly fetch manifest minimist@^1.2.0
2359 silly packumentCache full:https://registry.npmjs.org/minimist cache-miss
2360 http cache https://registry.npmjs.org/minimist 2ms (cache hit)
2361 silly packumentCache full:https://registry.npmjs.org/minimist set size:77063 disposed:false
2362 silly placeDep ROOT for-each@0.3.5 OK for: typed-array-byte-length@1.0.3 want: ^0.3.3
2363 silly placeDep ROOT reflect.getprototypeof@1.0.10 OK for: typed-array-byte-offset@1.0.4 want: ^1.0.9
2364 silly fetch manifest which-builtin-type@^1.2.1
2365 silly packumentCache full:https://registry.npmjs.org/which-builtin-type cache-miss
2366 http fetch GET 200 https://registry.npmjs.org/which-builtin-type 42ms (cache miss)
2367 silly packumentCache full:https://registry.npmjs.org/which-builtin-type set size:undefined disposed:false
2368 silly placeDep ROOT which-builtin-type@1.2.1 OK for: reflect.getprototypeof@1.0.10 want: ^1.2.1
2369 silly fetch manifest is-async-function@^2.0.0
2370 silly packumentCache full:https://registry.npmjs.org/is-async-function cache-miss
2371 silly fetch manifest is-finalizationregistry@^1.1.0
2372 silly packumentCache full:https://registry.npmjs.org/is-finalizationregistry cache-miss
2373 silly fetch manifest is-generator-function@^1.0.10
2374 silly packumentCache full:https://registry.npmjs.org/is-generator-function cache-miss
2375 silly fetch manifest which-boxed-primitive@^1.1.0
2376 silly packumentCache full:https://registry.npmjs.org/which-boxed-primitive cache-miss
2377 silly fetch manifest which-collection@^1.0.2
2378 silly packumentCache full:https://registry.npmjs.org/which-collection cache-miss
2379 http cache https://registry.npmjs.org/which-boxed-primitive 4ms (cache hit)
2380 silly packumentCache full:https://registry.npmjs.org/which-boxed-primitive set size:19407 disposed:false
2381 http fetch GET 200 https://registry.npmjs.org/is-async-function 34ms (cache miss)
2382 silly packumentCache full:https://registry.npmjs.org/is-async-function set size:undefined disposed:false
2383 http fetch GET 200 https://registry.npmjs.org/is-finalizationregistry 45ms (cache miss)
2384 silly packumentCache full:https://registry.npmjs.org/is-finalizationregistry set size:undefined disposed:false
2385 http fetch GET 200 https://registry.npmjs.org/is-generator-function 64ms (cache miss)
2386 silly packumentCache full:https://registry.npmjs.org/is-generator-function set size:undefined disposed:false
2387 http fetch GET 200 https://registry.npmjs.org/which-collection 253ms (cache miss)
2388 silly packumentCache full:https://registry.npmjs.org/which-collection set size:undefined disposed:false
2389 silly placeDep ROOT has-bigints@1.1.0 OK for: unbox-primitive@1.1.0 want: ^1.0.2
2390 silly placeDep ROOT which-boxed-primitive@1.1.1 OK for: unbox-primitive@1.1.0 want: ^1.1.1
2391 silly fetch manifest is-bigint@^1.1.0
2392 silly packumentCache full:https://registry.npmjs.org/is-bigint cache-miss
2393 silly fetch manifest is-boolean-object@^1.2.1
2394 silly packumentCache full:https://registry.npmjs.org/is-boolean-object cache-miss
2395 silly fetch manifest is-number-object@^1.1.1
2396 silly packumentCache full:https://registry.npmjs.org/is-number-object cache-miss
2397 http fetch GET 200 https://registry.npmjs.org/is-bigint 39ms (cache miss)
2398 silly packumentCache full:https://registry.npmjs.org/is-bigint set size:undefined disposed:false
2399 http fetch GET 200 https://registry.npmjs.org/is-boolean-object 40ms (cache miss)
2400 silly packumentCache full:https://registry.npmjs.org/is-boolean-object set size:undefined disposed:false
2401 http fetch GET 200 https://registry.npmjs.org/is-number-object 342ms (cache miss)
2402 silly packumentCache full:https://registry.npmjs.org/is-number-object set size:undefined disposed:false
2403 silly placeDep ROOT @unrs/resolver-binding-android-arm-eabi@1.11.1 OK for: unrs-resolver@1.11.1 want: 1.11.1
2404 silly placeDep ROOT @unrs/resolver-binding-android-arm64@1.11.1 OK for: unrs-resolver@1.11.1 want: 1.11.1
2405 silly placeDep ROOT @unrs/resolver-binding-darwin-arm64@1.11.1 OK for: unrs-resolver@1.11.1 want: 1.11.1
2406 silly placeDep ROOT @unrs/resolver-binding-darwin-x64@1.11.1 OK for: unrs-resolver@1.11.1 want: 1.11.1
2407 silly placeDep ROOT @unrs/resolver-binding-freebsd-x64@1.11.1 OK for: unrs-resolver@1.11.1 want: 1.11.1
2408 silly placeDep ROOT @unrs/resolver-binding-linux-arm-gnueabihf@1.11.1 OK for: unrs-resolver@1.11.1 want: 1.11.1
2409 silly placeDep ROOT @unrs/resolver-binding-linux-arm-musleabihf@1.11.1 OK for: unrs-resolver@1.11.1 want: 1.11.1
2410 silly placeDep ROOT @unrs/resolver-binding-linux-arm64-gnu@1.11.1 OK for: unrs-resolver@1.11.1 want: 1.11.1
2411 silly placeDep ROOT @unrs/resolver-binding-linux-arm64-musl@1.11.1 OK for: unrs-resolver@1.11.1 want: 1.11.1
2412 silly placeDep ROOT @unrs/resolver-binding-linux-ppc64-gnu@1.11.1 OK for: unrs-resolver@1.11.1 want: 1.11.1
2413 silly placeDep ROOT @unrs/resolver-binding-linux-riscv64-gnu@1.11.1 OK for: unrs-resolver@1.11.1 want: 1.11.1
2414 silly placeDep ROOT @unrs/resolver-binding-linux-riscv64-musl@1.11.1 OK for: unrs-resolver@1.11.1 want: 1.11.1
2415 silly placeDep ROOT @unrs/resolver-binding-linux-s390x-gnu@1.11.1 OK for: unrs-resolver@1.11.1 want: 1.11.1
2416 silly placeDep ROOT @unrs/resolver-binding-linux-x64-gnu@1.11.1 OK for: unrs-resolver@1.11.1 want: 1.11.1
2417 silly placeDep ROOT @unrs/resolver-binding-linux-x64-musl@1.11.1 OK for: unrs-resolver@1.11.1 want: 1.11.1
2418 silly placeDep ROOT @unrs/resolver-binding-wasm32-wasi@1.11.1 OK for: unrs-resolver@1.11.1 want: 1.11.1
2419 silly placeDep ROOT @unrs/resolver-binding-win32-arm64-msvc@1.11.1 OK for: unrs-resolver@1.11.1 want: 1.11.1
2420 silly placeDep ROOT @unrs/resolver-binding-win32-ia32-msvc@1.11.1 OK for: unrs-resolver@1.11.1 want: 1.11.1
2421 silly placeDep ROOT @unrs/resolver-binding-win32-x64-msvc@1.11.1 OK for: unrs-resolver@1.11.1 want: 1.11.1
2422 silly placeDep ROOT napi-postinstall@0.3.4 OK for: unrs-resolver@1.11.1 want: ^0.3.0
2423 silly fetch manifest @napi-rs/wasm-runtime@^0.2.11
2424 silly packumentCache full:https://registry.npmjs.org/@napi-rs%2fwasm-runtime cache-miss
2425 http fetch GET 200 https://registry.npmjs.org/@napi-rs%2fwasm-runtime 49ms (cache miss)
2426 silly packumentCache full:https://registry.npmjs.org/@napi-rs%2fwasm-runtime set size:undefined disposed:false
2427 silly placeDep ROOT @napi-rs/wasm-runtime@0.2.12 OK for: @unrs/resolver-binding-wasm32-wasi@1.11.1 want: ^0.2.11
2428 silly fetch manifest @emnapi/core@^1.4.3
2429 silly packumentCache full:https://registry.npmjs.org/@emnapi%2fcore cache-miss
2430 silly fetch manifest @emnapi/runtime@^1.4.3
2431 silly packumentCache full:https://registry.npmjs.org/@emnapi%2fruntime cache-miss
2432 silly fetch manifest @tybys/wasm-util@^0.10.0
2433 silly packumentCache full:https://registry.npmjs.org/@tybys%2fwasm-util cache-miss
2434 http fetch GET 200 https://registry.npmjs.org/@emnapi%2fcore 45ms (cache miss)
2435 silly packumentCache full:https://registry.npmjs.org/@emnapi%2fcore set size:undefined disposed:false
2436 http fetch GET 200 https://registry.npmjs.org/@tybys%2fwasm-util 90ms (cache miss)
2437 silly packumentCache full:https://registry.npmjs.org/@tybys%2fwasm-util set size:undefined disposed:false
2438 http fetch GET 200 https://registry.npmjs.org/@emnapi%2fruntime 603ms (cache miss)
2439 silly packumentCache full:https://registry.npmjs.org/@emnapi%2fruntime set size:undefined disposed:false
2440 silly placeDep ROOT @emnapi/core@1.10.0 OK for: @napi-rs/wasm-runtime@0.2.12 want: ^1.4.3
2441 silly placeDep ROOT @emnapi/runtime@1.10.0 OK for: @napi-rs/wasm-runtime@0.2.12 want: ^1.4.3
2442 silly placeDep ROOT @tybys/wasm-util@0.10.2 OK for: @napi-rs/wasm-runtime@0.2.12 want: ^0.10.0
2443 silly fetch manifest @emnapi/wasi-threads@1.2.1
2444 silly packumentCache full:https://registry.npmjs.org/@emnapi%2fwasi-threads cache-miss
2445 http fetch GET 200 https://registry.npmjs.org/@emnapi%2fwasi-threads 339ms (cache miss)
2446 silly packumentCache full:https://registry.npmjs.org/@emnapi%2fwasi-threads set size:undefined disposed:false
2447 silly placeDep ROOT @emnapi/wasi-threads@1.2.1 OK for: @emnapi/core@1.10.0 want: 1.2.1
2448 silly placeDep ROOT escalade@3.2.0 OK for: update-browserslist-db@1.2.3 want: ^3.2.0
2449 silly placeDep ROOT punycode@2.3.1 OK for: uri-js@4.4.1 want: ^2.1.0
2450 silly placeDep ROOT isexe@2.0.0 OK for: which@2.0.2 want: ^2.0.0
2451 silly placeDep ROOT is-bigint@1.1.0 OK for: which-boxed-primitive@1.1.1 want: ^1.1.0
2452 silly placeDep ROOT is-boolean-object@1.2.2 OK for: which-boxed-primitive@1.1.1 want: ^1.2.1
2453 silly placeDep ROOT is-number-object@1.1.1 OK for: which-boxed-primitive@1.1.1 want: ^1.1.1
2454 silly placeDep ROOT is-async-function@2.1.1 OK for: which-builtin-type@1.2.1 want: ^2.0.0
2455 silly placeDep ROOT is-finalizationregistry@1.1.1 OK for: which-builtin-type@1.2.1 want: ^1.1.0
2456 silly placeDep ROOT is-generator-function@1.1.2 OK for: which-builtin-type@1.2.1 want: ^1.0.10
2457 silly placeDep ROOT which-collection@1.0.2 OK for: which-builtin-type@1.2.1 want: ^1.0.2
2458 silly fetch manifest async-function@^1.0.0
2459 silly packumentCache full:https://registry.npmjs.org/async-function cache-miss
2460 silly fetch manifest generator-function@^2.0.0
2461 silly packumentCache full:https://registry.npmjs.org/generator-function cache-miss
2462 silly fetch manifest is-map@^2.0.3
2463 silly packumentCache full:https://registry.npmjs.org/is-map cache-miss
2464 silly fetch manifest is-weakmap@^2.0.2
2465 silly packumentCache full:https://registry.npmjs.org/is-weakmap cache-miss
2466 silly fetch manifest is-weakset@^2.0.3
2467 silly packumentCache full:https://registry.npmjs.org/is-weakset cache-miss
2468 http fetch GET 200 https://registry.npmjs.org/async-function 27ms (cache miss)
2469 silly packumentCache full:https://registry.npmjs.org/async-function set size:undefined disposed:false
2470 http fetch GET 200 https://registry.npmjs.org/is-weakmap 32ms (cache miss)
2471 silly packumentCache full:https://registry.npmjs.org/is-weakmap set size:undefined disposed:false
2472 http fetch GET 200 https://registry.npmjs.org/is-weakset 39ms (cache miss)
2473 silly packumentCache full:https://registry.npmjs.org/is-weakset set size:undefined disposed:false
2474 http fetch GET 200 https://registry.npmjs.org/is-map 42ms (cache miss)
2475 silly packumentCache full:https://registry.npmjs.org/is-map set size:undefined disposed:false
2476 http fetch GET 200 https://registry.npmjs.org/generator-function 54ms (cache miss)
2477 silly packumentCache full:https://registry.npmjs.org/generator-function set size:undefined disposed:false
2478 silly placeDep ROOT async-function@1.0.0 OK for: is-async-function@2.1.1 want: ^1.0.0
2479 silly placeDep ROOT generator-function@2.0.1 OK for: is-generator-function@1.1.2 want: ^2.0.0
2480 silly placeDep ROOT is-map@2.0.3 OK for: which-collection@1.0.2 want: ^2.0.3
2481 silly placeDep ROOT is-weakmap@2.0.2 OK for: which-collection@1.0.2 want: ^2.0.2
2482 silly placeDep ROOT is-weakset@2.0.4 OK for: which-collection@1.0.2 want: ^2.0.3
2483 silly placeDep node_modules/wrap-ansi ansi-styles@6.2.3 OK for: wrap-ansi@8.1.0 want: ^6.1.0
2484 silly placeDep node_modules/wrap-ansi strip-ansi@7.2.0 OK for: wrap-ansi@8.1.0 want: ^7.0.1
2485 silly placeDep node_modules/wrap-ansi-cjs string-width@4.2.3 OK for: wrap-ansi@7.0.0 want: ^4.1.0
2486 silly placeDep node_modules/@isaacs/cliui ansi-regex@6.2.2 OK for: strip-ansi@7.2.0 want: ^6.2.2
2487 silly placeDep node_modules/@typescript-eslint/typescript-estree brace-expansion@5.0.5 OK for: minimatch@10.2.5 want: ^5.0.5
2488 silly fetch manifest balanced-match@^4.0.2
2489 silly packumentCache full:https://registry.npmjs.org/balanced-match cache-miss
2490 http cache https://registry.npmjs.org/balanced-match 2ms (cache hit)
2491 silly packumentCache full:https://registry.npmjs.org/balanced-match set size:39082 disposed:false
2492 silly placeDep node_modules/@typescript-eslint/typescript-estree balanced-match@4.0.4 OK for: brace-expansion@5.0.5 want: ^4.0.2
2493 silly placeDep node_modules/glob brace-expansion@2.1.0 OK for: minimatch@9.0.9 want: ^2.0.2
2494 silly placeDep ROOT fs.realpath@1.0.0 OK for: glob@7.2.3 want: ^1.0.0
2495 silly placeDep ROOT inflight@1.0.6 OK for: glob@7.2.3 want: ^1.0.4
2496 silly placeDep ROOT inherits@2.0.4 OK for: glob@7.2.3 want: 2
2497 silly placeDep ROOT once@1.4.0 OK for: glob@7.2.3 want: ^1.3.0
2498 silly placeDep ROOT path-is-absolute@1.0.1 OK for: glob@7.2.3 want: ^1.0.0
2499 silly fetch manifest wrappy@1
2500 silly packumentCache full:https://registry.npmjs.org/wrappy cache-miss
2501 silly fetch manifest wrappy@1
2502 silly packumentCache full:https://registry.npmjs.org/wrappy cache-miss
2503 http fetch GET 200 https://registry.npmjs.org/wrappy 32ms (cache miss)
2504 silly packumentCache full:https://registry.npmjs.org/wrappy set size:undefined disposed:false
2505 http fetch GET 200 https://registry.npmjs.org/wrappy 325ms (cache miss)
2506 silly packumentCache full:https://registry.npmjs.org/wrappy set size:undefined disposed:false
2507 silly placeDep ROOT wrappy@1.0.2 OK for: inflight@1.0.6 want: 1
2508 silly placeDep node_modules/string-width ansi-regex@6.2.2 OK for: strip-ansi@7.2.0 want: ^6.2.2
2509 silly placeDep node_modules/wrap-ansi-cjs emoji-regex@8.0.0 OK for: string-width@4.2.3 want: ^8.0.0
2510 silly placeDep node_modules/wrap-ansi ansi-regex@6.2.2 OK for: strip-ansi@7.2.0 want: ^6.2.2
2511 silly reify moves {}
2512 silly audit bulk request {
2512 silly audit   '@supabase/supabase-js': [ '2.105.3' ],
2512 silly audit   '@types/node': [ '20.19.39' ],
2512 silly audit   '@types/react': [ '18.3.28' ],
2512 silly audit   '@types/react-dom': [ '18.3.7' ],
2512 silly audit   autoprefixer: [ '10.5.0' ],
2512 silly audit   postcss: [ '8.5.14', '8.4.31' ],
2512 silly audit   clsx: [ '2.1.1' ],
2512 silly audit   eslint: [ '8.57.1' ],
2512 silly audit   'eslint-config-next': [ '14.2.29' ],
2512 silly audit   'fluent-ffmpeg': [ '2.1.3' ],
2512 silly audit   'lucide-react': [ '0.460.0' ],
2512 silly audit   react: [ '18.3.1' ],
2512 silly audit   next: [ '14.2.29' ],
2512 silly audit   'react-dom': [ '18.3.1' ],
2512 silly audit   stripe: [ '22.1.1' ],
2512 silly audit   tailwindcss: [ '3.4.19' ],
2512 silly audit   typescript: [ '5.9.3' ],
2512 silly audit   '@supabase/auth-js': [ '2.105.3' ],
2512 silly audit   '@supabase/functions-js': [ '2.105.3' ],
2512 silly audit   '@supabase/postgrest-js': [ '2.105.3' ],
2512 silly audit   '@supabase/realtime-js': [ '2.105.3' ],
2512 silly audit   '@supabase/storage-js': [ '2.105.3' ],
2512 silly audit   tslib: [ '2.8.1' ],
2512 silly audit   '@supabase/phoenix': [ '0.4.1' ],
2512 silly audit   '@types/ws': [ '8.18.1' ],
2512 silly audit   ws: [ '8.20.0' ],
2512 silly audit   'iceberg-js': [ '0.8.1' ],
2512 silly audit   'undici-types': [ '6.21.0' ],
2512 silly audit   '@types/prop-types': [ '15.7.15' ],
2512 silly audit   csstype: [ '3.2.3' ],
2512 silly audit   browserslist: [ '4.28.2' ],
2512 silly audit   'caniuse-lite': [ '1.0.30001792' ],
2512 silly audit   'fraction.js': [ '5.3.4' ],
2512 silly audit   picocolors: [ '1.1.1' ],
2512 silly audit   'postcss-value-parser': [ '4.2.0' ],
2512 silly audit   'baseline-browser-mapping': [ '2.10.27' ],
2512 silly audit   'electron-to-chromium': [ '1.5.352' ],
2512 silly audit   'node-releases': [ '2.0.38' ],
2512 silly audit   'update-browserslist-db': [ '1.2.3' ],
2512 silly audit   '@eslint-community/eslint-utils': [ '4.9.1' ],
2512 silly audit   '@eslint-community/regexpp': [ '4.12.2' ],
2512 silly audit   '@eslint/eslintrc': [ '2.1.4' ],
2512 silly audit   '@eslint/js': [ '8.57.1' ],
2512 silly audit   '@humanwhocodes/config-array': [ '0.13.0' ],
2512 silly audit   '@humanwhocodes/module-importer': [ '1.0.1' ],
2512 silly audit   '@nodelib/fs.walk': [ '1.2.8' ],
2512 silly audit   '@ungap/structured-clone': [ '1.3.1' ],
2512 silly audit   ajv: [ '6.15.0' ],
2512 silly audit   chalk: [ '4.1.2' ],
2512 silly audit   'cross-spawn': [ '7.0.6' ],
2512 silly audit   debug: [ '4.4.3', '3.2.7' ],
2512 silly audit   doctrine: [ '3.0.0', '2.1.0' ],
2512 silly audit   'escape-string-regexp': [ '4.0.0' ],
2512 silly audit   'eslint-scope': [ '7.2.2' ],
2512 silly audit   'eslint-visitor-keys': [ '3.4.3', '5.0.1' ],
2512 silly audit   espree: [ '9.6.1' ],
2512 silly audit   esquery: [ '1.7.0' ],
2512 silly audit   esutils: [ '2.0.3' ],
2512 silly audit   'fast-deep-equal': [ '3.1.3' ],
2512 silly audit   'file-entry-cache': [ '6.0.1' ],
2512 silly audit   'find-up': [ '5.0.0' ],
2512 silly audit   'glob-parent': [ '6.0.2', '5.1.2' ],
2512 silly audit   globals: [ '13.24.0' ],
2512 silly audit   graphemer: [ '1.4.0' ],
2512 silly audit   ignore: [ '5.3.2', '7.0.5' ],
2512 silly audit   imurmurhash: [ '0.1.4' ],
2512 silly audit   'is-glob': [ '4.0.3' ],
2512 silly audit   'is-path-inside': [ '3.0.3' ],
2512 silly audit   'js-yaml': [ '4.1.1' ],
2512 silly audit   'json-stable-stringify-without-jsonify': [ '1.0.1' ],
2512 silly audit   levn: [ '0.4.1' ],
2512 silly audit   'lodash.merge': [ '4.6.2' ],
2512 silly audit   minimatch: [ '3.1.5', '10.2.5', '9.0.9' ],
2512 silly audit   'natural-compare': [ '1.4.0' ],
2512 silly audit   optionator: [ '0.9.4' ],
2512 silly audit   'strip-ansi': [ '6.0.1', '7.2.0' ],
2512 silly audit   'text-table': [ '0.2.0' ],
2512 silly audit   'import-fresh': [ '3.3.1' ],
2512 silly audit   'strip-json-comments': [ '3.1.1' ],
2512 silly audit   '@humanwhocodes/object-schema': [ '2.0.3' ],
2512 silly audit   '@nodelib/fs.scandir': [ '2.1.5' ],
2512 silly audit   fastq: [ '1.20.1' ],
2512 silly audit   '@nodelib/fs.stat': [ '2.0.5' ],
2512 silly audit   'run-parallel': [ '1.2.0' ],
2512 silly audit   'fast-json-stable-stringify': [ '2.1.0' ],
2512 silly audit   'json-schema-traverse': [ '0.4.1' ],
2512 silly audit   'uri-js': [ '4.4.1' ],
2512 silly audit   'ansi-styles': [ '4.3.0', '6.2.3' ],
2512 silly audit   'supports-color': [ '7.2.0' ],
2512 silly audit   'color-convert': [ '2.0.1' ],
2512 silly audit   'color-name': [ '1.1.4' ],
2512 silly audit   'path-key': [ '3.1.1' ],
2512 silly audit   'shebang-command': [ '2.0.0' ],
2512 silly audit   which: [ '2.0.2', '1.3.1' ],
2512 silly audit   ms: [ '2.1.3' ],
2512 silly audit   '@next/eslint-plugin-next': [ '14.2.29' ],
2512 silly audit   '@rushstack/eslint-patch': [ '1.16.1' ],
2512 silly audit   '@typescript-eslint/eslint-plugin': [ '8.59.2' ],
2512 silly audit   '@typescript-eslint/parser': [ '8.59.2' ],
2512 silly audit   'eslint-import-resolver-node': [ '0.3.10' ],
2512 silly audit   'eslint-import-resolver-typescript': [ '3.10.1' ],
2512 silly audit   'eslint-plugin-import': [ '2.32.0' ],
2512 silly audit   'eslint-plugin-jsx-a11y': [ '6.10.2' ],
2512 silly audit   'eslint-plugin-react': [ '7.37.5' ],
2512 silly audit   'eslint-plugin-react-hooks': [ '5.0.0-canary-7118f5dd7-20230705' ],
2512 silly audit   glob: [ '10.3.10', '7.2.3' ],
2512 silly audit   '@typescript-eslint/scope-manager': [ '8.59.2' ],
2512 silly audit   '@typescript-eslint/type-utils': [ '8.59.2' ],
2512 silly audit   '@typescript-eslint/utils': [ '8.59.2' ],
2512 silly audit   '@typescript-eslint/visitor-keys': [ '8.59.2' ],
2512 silly audit   'ts-api-utils': [ '2.5.0' ],
2512 silly audit   '@typescript-eslint/types': [ '8.59.2' ],
2512 silly audit   '@typescript-eslint/typescript-estree': [ '8.59.2' ],
2512 silly audit   '@typescript-eslint/project-service': [ '8.59.2' ],
2512 silly audit   '@typescript-eslint/tsconfig-utils': [ '8.59.2' ],
2512 silly audit   semver: [ '7.7.4', '6.3.1' ],
2512 silly audit   tinyglobby: [ '0.2.16' ],
2512 silly audit   'is-core-module': [ '2.16.2' ],
2512 silly audit   resolve: [ '2.0.0-next.6', '1.22.12' ],
2512 silly audit   '@nolyfill/is-core-module': [ '1.0.39' ],
2512 silly audit   'get-tsconfig': [ '4.14.0' ],
2512 silly audit   'is-bun-module': [ '2.0.0' ],
2512 silly audit   'stable-hash': [ '0.0.5' ],
2512 silly audit   'unrs-resolver': [ '1.11.1' ],
2512 silly audit   '@rtsao/scc': [ '1.1.0' ],
2512 silly audit   'array-includes': [ '3.1.9' ],
2512 silly audit   'array.prototype.findlastindex': [ '1.2.6' ],
2512 silly audit   'array.prototype.flat': [ '1.3.3' ],
2512 silly audit   'array.prototype.flatmap': [ '1.3.3' ],
2512 silly audit   'eslint-module-utils': [ '2.12.1' ],
2512 silly audit   hasown: [ '2.0.3' ],
2512 silly audit   'object.fromentries': [ '2.0.8' ],
2512 silly audit   'object.groupby': [ '1.0.3' ],
2512 silly audit   'object.values': [ '1.2.1' ],
2512 silly audit   'string.prototype.trimend': [ '1.0.9' ],
2512 silly audit   'tsconfig-paths': [ '3.15.0' ],
2512 silly audit   'call-bind': [ '1.0.9' ],
2512 silly audit   'call-bound': [ '1.0.4' ],
2512 silly audit   'define-properties': [ '1.2.1' ],
2512 silly audit   'es-abstract': [ '1.24.2' ],
2512 silly audit   'es-object-atoms': [ '1.1.1' ],
2512 silly audit   'get-intrinsic': [ '1.3.0' ],
2512 silly audit   'is-string': [ '1.1.1' ],
2512 silly audit   'math-intrinsics': [ '1.1.0' ],
2512 silly audit   'es-errors': [ '1.3.0' ],
2512 silly audit   'es-shim-unscopables': [ '1.1.0' ],
2512 silly audit   'call-bind-apply-helpers': [ '1.0.2' ],
2512 silly audit   'es-define-property': [ '1.0.1' ],
2512 silly audit   'set-function-length': [ '1.2.2' ],
2512 silly audit   'function-bind': [ '1.1.2' ],
2512 silly audit   'define-data-property': [ '1.1.4' ],
2512 silly audit   'has-property-descriptors': [ '1.0.2' ],
2512 silly audit   'object-keys': [ '1.1.1' ],
2512 silly audit   gopd: [ '1.2.0' ],
2512 silly audit   'array-buffer-byte-length': [ '1.0.2' ],
2512 silly audit   'arraybuffer.prototype.slice': [ '1.0.4' ],
2512 silly audit   'available-typed-arrays': [ '1.0.7' ],
2512 silly audit   'data-view-buffer': [ '1.0.2' ],
2512 silly audit   'data-view-byte-length': [ '1.0.2' ],
2512 silly audit   'data-view-byte-offset': [ '1.0.1' ],
2512 silly audit   'es-set-tostringtag': [ '2.1.0' ],
2512 silly audit   'es-to-primitive': [ '1.3.0' ],
2512 silly audit   'function.prototype.name': [ '1.1.8' ],
2512 silly audit   'get-proto': [ '1.0.1' ],
2512 silly audit   'get-symbol-description': [ '1.1.0' ],
2512 silly audit   globalthis: [ '1.0.4' ],
2512 silly audit   'has-proto': [ '1.2.0' ],
2512 silly audit   'has-symbols': [ '1.1.0' ],
2512 silly audit   'internal-slot': [ '1.1.0' ],
2512 silly audit   'is-array-buffer': [ '3.0.5' ],
2512 silly audit   'is-callable': [ '1.2.7' ],
2512 silly audit   'is-data-view': [ '1.0.2' ],
2512 silly audit   'is-negative-zero': [ '2.0.3' ],
2512 silly audit   'is-regex': [ '1.2.1' ],
2512 silly audit   'is-set': [ '2.0.3' ],
2512 silly audit   'is-shared-array-buffer': [ '1.0.4' ],
2512 silly audit   'is-typed-array': [ '1.1.15' ],
2512 silly audit   'is-weakref': [ '1.1.1' ],
2512 silly audit   'object-inspect': [ '1.13.4' ],
2512 silly audit   'object.assign': [ '4.1.7' ],
2512 silly audit   'own-keys': [ '1.0.1' ],
2512 silly audit   'regexp.prototype.flags': [ '1.5.4' ],
2512 silly audit   'safe-array-concat': [ '1.1.4' ],
2512 silly audit   'safe-push-apply': [ '1.0.0' ],
2512 silly audit   'safe-regex-test': [ '1.1.0' ],
2512 silly audit   'set-proto': [ '1.0.0' ],
2512 silly audit   'stop-iteration-iterator': [ '1.1.0' ],
2512 silly audit   'string.prototype.trim': [ '1.2.10' ],
2512 silly audit   'string.prototype.trimstart': [ '1.0.8' ],
2512 silly audit   'typed-array-buffer': [ '1.0.3' ],
2512 silly audit   'typed-array-byte-length': [ '1.0.3' ],
2512 silly audit   'typed-array-byte-offset': [ '1.0.4' ],
2512 silly audit   'typed-array-length': [ '1.0.7' ],
2512 silly audit   'unbox-primitive': [ '1.1.0' ],
2512 silly audit   'which-typed-array': [ '1.1.20' ],
2512 silly audit   'possible-typed-array-names': [ '1.1.0' ],
2512 silly audit   'has-tostringtag': [ '1.0.2' ],
2512 silly audit   'is-date-object': [ '1.1.0' ],
2512 silly audit   'is-symbol': [ '1.1.1' ],
2512 silly audit   'aria-query': [ '5.3.2' ],
2512 silly audit   'ast-types-flow': [ '0.0.8' ],
2512 silly audit   'axe-core': [ '4.11.4' ],
2512 silly audit   'axobject-query': [ '4.1.0' ],
2512 silly audit   'damerau-levenshtein': [ '1.0.8' ],
2512 silly audit   'emoji-regex': [ '9.2.2', '8.0.0' ],
2512 silly audit   'jsx-ast-utils': [ '3.3.5' ],
2512 silly audit   'language-tags': [ '1.0.9' ],
2512 silly audit   'string.prototype.includes': [ '2.0.1' ],
2512 silly audit   'array.prototype.findlast': [ '1.2.5' ],
2512 silly audit   'array.prototype.tosorted': [ '1.1.4' ],
2512 silly audit   'es-iterator-helpers': [ '1.3.2' ],
2512 silly audit   estraverse: [ '5.3.0' ],
2512 silly audit   'object.entries': [ '1.1.9' ],
2512 silly audit   'prop-types': [ '15.8.1' ],
2512 silly audit   'string.prototype.matchall': [ '4.0.12' ],
2512 silly audit   'string.prototype.repeat': [ '1.0.0' ],
2512 silly audit   'iterator.prototype': [ '1.1.5' ],
2512 silly audit   esrecurse: [ '4.3.0' ],
2512 silly audit   acorn: [ '8.16.0' ],
2512 silly audit   'acorn-jsx': [ '5.3.2' ],
2512 silly audit   reusify: [ '1.1.0' ],
2512 silly audit   'flat-cache': [ '3.2.0' ],
2512 silly audit   'locate-path': [ '6.0.0' ],
2512 silly audit   'path-exists': [ '4.0.0' ],
2512 silly audit   flatted: [ '3.4.2' ],
2512 silly audit   keyv: [ '4.5.4' ],
2512 silly audit   rimraf: [ '3.0.2' ],
2512 silly audit   async: [ '0.2.10' ],
2512 silly audit   'functions-have-names': [ '1.2.3' ],
2512 silly audit   'dunder-proto': [ '1.0.1' ],
2512 silly audit   'resolve-pkg-maps': [ '1.0.0' ],
2512 silly audit   'foreground-child': [ '3.3.1' ],
2512 silly audit   jackspeak: [ '2.3.6' ],
2512 silly audit   minipass: [ '7.1.3' ],
2512 silly audit   'path-scurry': [ '1.11.1' ],
2512 silly audit   'signal-exit': [ '4.1.0' ],
2512 silly audit   'type-fest': [ '0.20.2' ],
2512 silly audit   'parent-module': [ '1.0.1' ],
2512 silly audit   'resolve-from': [ '4.0.0' ],
2512 silly audit   'side-channel': [ '1.1.0' ],
2512 silly audit   'is-extglob': [ '2.1.1' ],
2512 silly audit   'set-function-name': [ '2.0.2' ],
2512 silly audit   '@isaacs/cliui': [ '8.0.2' ],
2512 silly audit   '@pkgjs/parseargs': [ '0.11.0' ],
2512 silly audit   'string-width': [ '5.1.2', '4.2.3' ],
2512 silly audit   'wrap-ansi': [ '8.1.0', '7.0.0' ],
2512 silly audit   argparse: [ '2.0.1' ],
2512 silly audit   'json-buffer': [ '3.0.1' ],
2512 silly audit   'language-subtag-registry': [ '0.3.23' ],
2512 silly audit   'prelude-ls': [ '1.2.1' ],
2512 silly audit   'type-check': [ '0.4.0' ],
2512 silly audit   'p-locate': [ '5.0.0' ],
2512 silly audit   'brace-expansion': [ '1.1.14', '5.0.5', '2.1.0' ],
2512 silly audit   'balanced-match': [ '1.0.2', '4.0.4' ],
2512 silly audit   'concat-map': [ '0.0.1' ],
2512 silly audit   '@next/env': [ '14.2.29' ],
2512 silly audit   '@next/swc-darwin-arm64': [ '14.2.29' ],
2512 silly audit   '@next/swc-darwin-x64': [ '14.2.29' ],
2512 silly audit   '@next/swc-linux-arm64-gnu': [ '14.2.29' ],
2512 silly audit   '@next/swc-linux-arm64-musl': [ '14.2.29' ],
2512 silly audit   '@next/swc-linux-x64-gnu': [ '14.2.29' ],
2512 silly audit   '@next/swc-linux-x64-musl': [ '14.2.29' ],
2512 silly audit   '@next/swc-win32-arm64-msvc': [ '14.2.29' ],
2512 silly audit   '@next/swc-win32-ia32-msvc': [ '14.2.29' ],
2512 silly audit   '@next/swc-win32-x64-msvc': [ '14.2.29' ],
2512 silly audit   '@swc/helpers': [ '0.5.5' ],
2512 silly audit   busboy: [ '1.6.0' ],
2512 silly audit   'graceful-fs': [ '4.2.11' ],
2512 silly audit   'styled-jsx': [ '5.1.1' ],
2512 silly audit   '@swc/counter': [ '0.1.3' ],
2512 silly audit   streamsearch: [ '1.1.0' ],
2512 silly audit   'deep-is': [ '0.1.4' ],
2512 silly audit   'fast-levenshtein': [ '2.0.6' ],
2512 silly audit   'word-wrap': [ '1.2.5' ],
2512 silly audit   'p-limit': [ '3.1.0' ],
2512 silly audit   'yocto-queue': [ '0.1.0' ],
2512 silly audit   callsites: [ '3.1.0' ],
2512 silly audit   'lru-cache': [ '10.4.3' ],
2512 silly audit   nanoid: [ '3.3.12' ],
2512 silly audit   'source-map-js': [ '1.2.1' ],
2512 silly audit   'loose-envify': [ '1.4.0' ],
2512 silly audit   'object-assign': [ '4.1.1' ],
2512 silly audit   'react-is': [ '16.13.1' ],
2512 silly audit   'js-tokens': [ '4.0.0' ],
2512 silly audit   scheduler: [ '0.23.2' ],
2512 silly audit   'node-exports-info': [ '1.6.0' ],
2512 silly audit   'path-parse': [ '1.0.7' ],
2512 silly audit   'supports-preserve-symlinks-flag': [ '1.0.0' ],
2512 silly audit   'queue-microtask': [ '1.2.3' ],
2512 silly audit   isarray: [ '2.0.5' ],
2512 silly audit   'shebang-regex': [ '3.0.0' ],
2512 silly audit   'side-channel-list': [ '1.0.1' ],
2512 silly audit   'side-channel-map': [ '1.0.1' ],
2512 silly audit   'side-channel-weakmap': [ '1.0.2' ],
2512 silly audit   eastasianwidth: [ '0.2.0' ],
2512 silly audit   'is-fullwidth-code-point': [ '3.0.0' ],
2512 silly audit   'ansi-regex': [ '5.0.1', '6.2.2' ],
2512 silly audit   'client-only': [ '0.0.1' ],
2512 silly audit   'has-flag': [ '4.0.0' ],
2512 silly audit   '@alloc/quick-lru': [ '5.2.0' ],
2512 silly audit   arg: [ '5.0.2' ],
2512 silly audit   chokidar: [ '3.6.0' ],
2512 silly audit   didyoumean: [ '1.2.2' ],
2512 silly audit   dlv: [ '1.1.3' ],
2512 silly audit   'fast-glob': [ '3.3.3' ],
2512 silly audit   jiti: [ '1.21.7' ],
2512 silly audit   lilconfig: [ '3.1.3' ],
2512 silly audit   micromatch: [ '4.0.8' ],
2512 silly audit   'normalize-path': [ '3.0.0' ],
2512 silly audit   'object-hash': [ '3.0.0' ],
2512 silly audit   'postcss-import': [ '15.1.0' ],
2512 silly audit   'postcss-js': [ '4.1.0' ],
2512 silly audit   'postcss-load-config': [ '6.0.1' ],
2512 silly audit   'postcss-nested': [ '6.2.0' ],
2512 silly audit   'postcss-selector-parser': [ '6.1.2' ],
2512 silly audit   sucrase: [ '3.35.1' ],
2512 silly audit   anymatch: [ '3.1.3' ],
2512 silly audit   braces: [ '3.0.3' ],
2512 silly audit   fsevents: [ '2.3.3' ],
2512 silly audit   'is-binary-path': [ '2.1.0' ],
2512 silly audit   readdirp: [ '3.6.0' ],
2512 silly audit   picomatch: [ '2.3.2', '4.0.4' ],
2512 silly audit   'fill-range': [ '7.1.1' ],
2512 silly audit   merge2: [ '1.4.1' ],
2512 silly audit   'to-regex-range': [ '5.0.1' ],
2512 silly audit   'binary-extensions': [ '2.3.0' ],
2512 silly audit   'read-cache': [ '1.0.0' ],
2512 silly audit   'camelcase-css': [ '2.0.1' ],
2512 silly audit   cssesc: [ '3.0.0' ],
2512 silly audit   'util-deprecate': [ '1.0.2' ],
2512 silly audit   pify: [ '2.3.0' ],
2512 silly audit   '@jridgewell/gen-mapping': [ '0.3.13' ],
2512 silly audit   commander: [ '4.1.1' ],
2512 silly audit   'lines-and-columns': [ '1.2.4' ],
2512 silly audit   mz: [ '2.7.0' ],
2512 silly audit   pirates: [ '4.0.7' ],
2512 silly audit   'ts-interface-checker': [ '0.1.13' ],
2512 silly audit   '@jridgewell/sourcemap-codec': [ '1.5.5' ],
2512 silly audit   '@jridgewell/trace-mapping': [ '0.3.31' ],
2512 silly audit   '@jridgewell/resolve-uri': [ '3.1.2' ],
2512 silly audit   'any-promise': [ '1.3.0' ],
2512 silly audit   'thenify-all': [ '1.6.0' ],
2512 silly audit   thenify: [ '3.3.1' ],
2512 silly audit   fdir: [ '6.5.0' ],
2512 silly audit   'is-number': [ '7.0.0' ],
2512 silly audit   '@types/json5': [ '0.0.29' ],
2512 silly audit   json5: [ '1.0.2' ],
2512 silly audit   minimist: [ '1.2.8' ],
2512 silly audit   'strip-bom': [ '3.0.0' ],
2512 silly audit   'for-each': [ '0.3.5' ],
2512 silly audit   'reflect.getprototypeof': [ '1.0.10' ],
2512 silly audit   'which-builtin-type': [ '1.2.1' ],
2512 silly audit   'has-bigints': [ '1.1.0' ],
2512 silly audit   'which-boxed-primitive': [ '1.1.1' ],
2512 silly audit   '@unrs/resolver-binding-android-arm-eabi': [ '1.11.1' ],
2512 silly audit   '@unrs/resolver-binding-android-arm64': [ '1.11.1' ],
2512 silly audit   '@unrs/resolver-binding-darwin-arm64': [ '1.11.1' ],
2512 silly audit   '@unrs/resolver-binding-darwin-x64': [ '1.11.1' ],
2512 silly audit   '@unrs/resolver-binding-freebsd-x64': [ '1.11.1' ],
2512 silly audit   '@unrs/resolver-binding-linux-arm-gnueabihf': [ '1.11.1' ],
2512 silly audit   '@unrs/resolver-binding-linux-arm-musleabihf': [ '1.11.1' ],
2512 silly audit   '@unrs/resolver-binding-linux-arm64-gnu': [ '1.11.1' ],
2512 silly audit   '@unrs/resolver-binding-linux-arm64-musl': [ '1.11.1' ],
2512 silly audit   '@unrs/resolver-binding-linux-ppc64-gnu': [ '1.11.1' ],
2512 silly audit   '@unrs/resolver-binding-linux-riscv64-gnu': [ '1.11.1' ],
2512 silly audit   '@unrs/resolver-binding-linux-riscv64-musl': [ '1.11.1' ],
2512 silly audit   '@unrs/resolver-binding-linux-s390x-gnu': [ '1.11.1' ],
2512 silly audit   '@unrs/resolver-binding-linux-x64-gnu': [ '1.11.1' ],
2512 silly audit   '@unrs/resolver-binding-linux-x64-musl': [ '1.11.1' ],
2512 silly audit   '@unrs/resolver-binding-wasm32-wasi': [ '1.11.1' ],
2512 silly audit   '@unrs/resolver-binding-win32-arm64-msvc': [ '1.11.1' ],
2512 silly audit   '@unrs/resolver-binding-win32-ia32-msvc': [ '1.11.1' ],
2512 silly audit   '@unrs/resolver-binding-win32-x64-msvc': [ '1.11.1' ],
2512 silly audit   'napi-postinstall': [ '0.3.4' ],
2512 silly audit   '@napi-rs/wasm-runtime': [ '0.2.12' ],
2512 silly audit   '@emnapi/core': [ '1.10.0' ],
2512 silly audit   '@emnapi/runtime': [ '1.10.0' ],
2512 silly audit   '@tybys/wasm-util': [ '0.10.2' ],
2512 silly audit   '@emnapi/wasi-threads': [ '1.2.1' ],
2512 silly audit   escalade: [ '3.2.0' ],
2512 silly audit   punycode: [ '2.3.1' ],
2512 silly audit   isexe: [ '2.0.0' ],
2512 silly audit   'is-bigint': [ '1.1.0' ],
2512 silly audit   'is-boolean-object': [ '1.2.2' ],
2512 silly audit   'is-number-object': [ '1.1.1' ],
2512 silly audit   'is-async-function': [ '2.1.1' ],
2512 silly audit   'is-finalizationregistry': [ '1.1.1' ],
2512 silly audit   'is-generator-function': [ '1.1.2' ],
2512 silly audit   'which-collection': [ '1.0.2' ],
2512 silly audit   'async-function': [ '1.0.0' ],
2512 silly audit   'generator-function': [ '2.0.1' ],
2512 silly audit   'is-map': [ '2.0.3' ],
2512 silly audit   'is-weakmap': [ '2.0.2' ],
2512 silly audit   'is-weakset': [ '2.0.4' ],
2512 silly audit   'fs.realpath': [ '1.0.0' ],
2512 silly audit   inflight: [ '1.0.6' ],
2512 silly audit   inherits: [ '2.0.4' ],
2512 silly audit   once: [ '1.4.0' ],
2512 silly audit   'path-is-absolute': [ '1.0.1' ],
2512 silly audit   wrappy: [ '1.0.2' ]
2512 silly audit }
2513 http cache wrappy@https://registry.npmjs.org/wrappy/-/wrappy-1.0.2.tgz 0ms (cache hit)
2514 http cache path-is-absolute@https://registry.npmjs.org/path-is-absolute/-/path-is-absolute-1.0.1.tgz 0ms (cache hit)
2515 http cache inflight@https://registry.npmjs.org/inflight/-/inflight-1.0.6.tgz 0ms (cache hit)
2516 http cache fs.realpath@https://registry.npmjs.org/fs.realpath/-/fs.realpath-1.0.0.tgz 0ms (cache hit)
2517 http cache inherits@https://registry.npmjs.org/inherits/-/inherits-2.0.4.tgz 0ms (cache hit)
2518 http cache is-weakset@https://registry.npmjs.org/is-weakset/-/is-weakset-2.0.4.tgz 0ms (cache hit)
2519 http cache is-weakmap@https://registry.npmjs.org/is-weakmap/-/is-weakmap-2.0.2.tgz 0ms (cache hit)
2520 http cache once@https://registry.npmjs.org/once/-/once-1.4.0.tgz 0ms (cache hit)
2521 http cache generator-function@https://registry.npmjs.org/generator-function/-/generator-function-2.0.1.tgz 0ms (cache hit)
2522 http cache async-function@https://registry.npmjs.org/async-function/-/async-function-1.0.0.tgz 0ms (cache hit)
2523 http cache which-collection@https://registry.npmjs.org/which-collection/-/which-collection-1.0.2.tgz 0ms (cache hit)
2524 http cache is-map@https://registry.npmjs.org/is-map/-/is-map-2.0.3.tgz 0ms (cache hit)
2525 http cache is-finalizationregistry@https://registry.npmjs.org/is-finalizationregistry/-/is-finalizationregistry-1.1.1.tgz 0ms (cache hit)
2526 http cache is-async-function@https://registry.npmjs.org/is-async-function/-/is-async-function-2.1.1.tgz 0ms (cache hit)
2527 http cache is-number-object@https://registry.npmjs.org/is-number-object/-/is-number-object-1.1.1.tgz 0ms (cache hit)
2528 http cache is-generator-function@https://registry.npmjs.org/is-generator-function/-/is-generator-function-1.1.2.tgz 0ms (cache hit)
2529 http cache is-boolean-object@https://registry.npmjs.org/is-boolean-object/-/is-boolean-object-1.2.2.tgz 0ms (cache hit)
2530 http cache is-bigint@https://registry.npmjs.org/is-bigint/-/is-bigint-1.1.0.tgz 0ms (cache hit)
2531 http cache isexe@https://registry.npmjs.org/isexe/-/isexe-2.0.0.tgz 0ms (cache hit)
2532 http cache punycode@https://registry.npmjs.org/punycode/-/punycode-2.3.1.tgz 0ms (cache hit)
2533 http cache escalade@https://registry.npmjs.org/escalade/-/escalade-3.2.0.tgz 0ms (cache hit)
2534 http cache @unrs/resolver-binding-darwin-x64@https://registry.npmjs.org/@unrs/resolver-binding-darwin-x64/-/resolver-binding-darwin-x64-1.11.1.tgz 0ms (cache hit)
2535 http cache napi-postinstall@https://registry.npmjs.org/napi-postinstall/-/napi-postinstall-0.3.4.tgz 0ms (cache hit)
2536 http cache which-boxed-primitive@https://registry.npmjs.org/which-boxed-primitive/-/which-boxed-primitive-1.1.1.tgz 0ms (cache hit)
2537 http cache has-bigints@https://registry.npmjs.org/has-bigints/-/has-bigints-1.1.0.tgz 0ms (cache hit)
2538 http cache reflect.getprototypeof@https://registry.npmjs.org/reflect.getprototypeof/-/reflect.getprototypeof-1.0.10.tgz 0ms (cache hit)
2539 http cache for-each@https://registry.npmjs.org/for-each/-/for-each-0.3.5.tgz 0ms (cache hit)
2540 http cache strip-bom@https://registry.npmjs.org/strip-bom/-/strip-bom-3.0.0.tgz 0ms (cache hit)
2541 http cache which-builtin-type@https://registry.npmjs.org/which-builtin-type/-/which-builtin-type-1.2.1.tgz 0ms (cache hit)
2542 http cache minimist@https://registry.npmjs.org/minimist/-/minimist-1.2.8.tgz 0ms (cache hit)
2543 http cache json5@https://registry.npmjs.org/json5/-/json5-1.0.2.tgz 0ms (cache hit)
2544 http cache @types/json5@https://registry.npmjs.org/@types/json5/-/json5-0.0.29.tgz 0ms (cache hit)
2545 http cache is-number@https://registry.npmjs.org/is-number/-/is-number-7.0.0.tgz 0ms (cache hit)
2546 http cache thenify@https://registry.npmjs.org/thenify/-/thenify-3.3.1.tgz 0ms (cache hit)
2547 http cache thenify-all@https://registry.npmjs.org/thenify-all/-/thenify-all-1.6.0.tgz 0ms (cache hit)
2548 http cache any-promise@https://registry.npmjs.org/any-promise/-/any-promise-1.3.0.tgz 0ms (cache hit)
2549 http cache @jridgewell/resolve-uri@https://registry.npmjs.org/@jridgewell/resolve-uri/-/resolve-uri-3.1.2.tgz 0ms (cache hit)
2550 http cache @jridgewell/trace-mapping@https://registry.npmjs.org/@jridgewell/trace-mapping/-/trace-mapping-0.3.31.tgz 0ms (cache hit)
2551 http cache ts-interface-checker@https://registry.npmjs.org/ts-interface-checker/-/ts-interface-checker-0.1.13.tgz 0ms (cache hit)
2552 http cache @jridgewell/sourcemap-codec@https://registry.npmjs.org/@jridgewell/sourcemap-codec/-/sourcemap-codec-1.5.5.tgz 0ms (cache hit)
2553 http cache pirates@https://registry.npmjs.org/pirates/-/pirates-4.0.7.tgz 0ms (cache hit)
2554 http cache mz@https://registry.npmjs.org/mz/-/mz-2.7.0.tgz 0ms (cache hit)
2555 http cache lines-and-columns@https://registry.npmjs.org/lines-and-columns/-/lines-and-columns-1.2.4.tgz 0ms (cache hit)
2556 http cache commander@https://registry.npmjs.org/commander/-/commander-4.1.1.tgz 0ms (cache hit)
2557 http cache pify@https://registry.npmjs.org/pify/-/pify-2.3.0.tgz 0ms (cache hit)
2558 http cache util-deprecate@https://registry.npmjs.org/util-deprecate/-/util-deprecate-1.0.2.tgz 0ms (cache hit)
2559 http cache @jridgewell/gen-mapping@https://registry.npmjs.org/@jridgewell/gen-mapping/-/gen-mapping-0.3.13.tgz 0ms (cache hit)
2560 http cache camelcase-css@https://registry.npmjs.org/camelcase-css/-/camelcase-css-2.0.1.tgz 0ms (cache hit)
2561 http cache cssesc@https://registry.npmjs.org/cssesc/-/cssesc-3.0.0.tgz 0ms (cache hit)
2562 http cache read-cache@https://registry.npmjs.org/read-cache/-/read-cache-1.0.0.tgz 0ms (cache hit)
2563 http cache binary-extensions@https://registry.npmjs.org/binary-extensions/-/binary-extensions-2.3.0.tgz 0ms (cache hit)
2564 http cache to-regex-range@https://registry.npmjs.org/to-regex-range/-/to-regex-range-5.0.1.tgz 0ms (cache hit)
2565 http cache merge2@https://registry.npmjs.org/merge2/-/merge2-1.4.1.tgz 0ms (cache hit)
2566 http cache fill-range@https://registry.npmjs.org/fill-range/-/fill-range-7.1.1.tgz 0ms (cache hit)
2567 http cache picomatch@https://registry.npmjs.org/picomatch/-/picomatch-2.3.2.tgz 0ms (cache hit)
2568 http cache readdirp@https://registry.npmjs.org/readdirp/-/readdirp-3.6.0.tgz 0ms (cache hit)
2569 http cache is-binary-path@https://registry.npmjs.org/is-binary-path/-/is-binary-path-2.1.0.tgz 0ms (cache hit)
2570 http cache fsevents@https://registry.npmjs.org/fsevents/-/fsevents-2.3.3.tgz 0ms (cache hit)
2571 http cache braces@https://registry.npmjs.org/braces/-/braces-3.0.3.tgz 0ms (cache hit)
2572 http cache sucrase@https://registry.npmjs.org/sucrase/-/sucrase-3.35.1.tgz 0ms (cache hit)
2573 http cache anymatch@https://registry.npmjs.org/anymatch/-/anymatch-3.1.3.tgz 0ms (cache hit)
2574 http cache postcss-selector-parser@https://registry.npmjs.org/postcss-selector-parser/-/postcss-selector-parser-6.1.2.tgz 0ms (cache hit)
2575 http cache postcss-nested@https://registry.npmjs.org/postcss-nested/-/postcss-nested-6.2.0.tgz 0ms (cache hit)
2576 http cache postcss-load-config@https://registry.npmjs.org/postcss-load-config/-/postcss-load-config-6.0.1.tgz 0ms (cache hit)
2577 http cache postcss-import@https://registry.npmjs.org/postcss-import/-/postcss-import-15.1.0.tgz 0ms (cache hit)
2578 http cache postcss-js@https://registry.npmjs.org/postcss-js/-/postcss-js-4.1.0.tgz 0ms (cache hit)
2579 http cache object-hash@https://registry.npmjs.org/object-hash/-/object-hash-3.0.0.tgz 0ms (cache hit)
2580 http cache normalize-path@https://registry.npmjs.org/normalize-path/-/normalize-path-3.0.0.tgz 0ms (cache hit)
2581 http cache micromatch@https://registry.npmjs.org/micromatch/-/micromatch-4.0.8.tgz 0ms (cache hit)
2582 http cache lilconfig@https://registry.npmjs.org/lilconfig/-/lilconfig-3.1.3.tgz 0ms (cache hit)
2583 http cache jiti@https://registry.npmjs.org/jiti/-/jiti-1.21.7.tgz 0ms (cache hit)
2584 http cache fast-glob@https://registry.npmjs.org/fast-glob/-/fast-glob-3.3.3.tgz 0ms (cache hit)
2585 http cache didyoumean@https://registry.npmjs.org/didyoumean/-/didyoumean-1.2.2.tgz 0ms (cache hit)
2586 http cache chokidar@https://registry.npmjs.org/chokidar/-/chokidar-3.6.0.tgz 0ms (cache hit)
2587 http cache arg@https://registry.npmjs.org/arg/-/arg-5.0.2.tgz 0ms (cache hit)
2588 http cache dlv@https://registry.npmjs.org/dlv/-/dlv-1.1.3.tgz 0ms (cache hit)
2589 http cache has-flag@https://registry.npmjs.org/has-flag/-/has-flag-4.0.0.tgz 0ms (cache hit)
2590 http cache @alloc/quick-lru@https://registry.npmjs.org/@alloc/quick-lru/-/quick-lru-5.2.0.tgz 0ms (cache hit)
2591 http cache ansi-regex@https://registry.npmjs.org/ansi-regex/-/ansi-regex-5.0.1.tgz 0ms (cache hit)
2592 http cache client-only@https://registry.npmjs.org/client-only/-/client-only-0.0.1.tgz 0ms (cache hit)
2593 http cache is-fullwidth-code-point@https://registry.npmjs.org/is-fullwidth-code-point/-/is-fullwidth-code-point-3.0.0.tgz 0ms (cache hit)
2594 http cache eastasianwidth@https://registry.npmjs.org/eastasianwidth/-/eastasianwidth-0.2.0.tgz 0ms (cache hit)
2595 http cache side-channel-weakmap@https://registry.npmjs.org/side-channel-weakmap/-/side-channel-weakmap-1.0.2.tgz 0ms (cache hit)
2596 http cache side-channel-map@https://registry.npmjs.org/side-channel-map/-/side-channel-map-1.0.1.tgz 0ms (cache hit)
2597 http cache side-channel-list@https://registry.npmjs.org/side-channel-list/-/side-channel-list-1.0.1.tgz 0ms (cache hit)
2598 http cache shebang-regex@https://registry.npmjs.org/shebang-regex/-/shebang-regex-3.0.0.tgz 0ms (cache hit)
2599 http cache isarray@https://registry.npmjs.org/isarray/-/isarray-2.0.5.tgz 0ms (cache hit)
2600 http cache supports-preserve-symlinks-flag@https://registry.npmjs.org/supports-preserve-symlinks-flag/-/supports-preserve-symlinks-flag-1.0.0.tgz 0ms (cache hit)
2601 http cache path-parse@https://registry.npmjs.org/path-parse/-/path-parse-1.0.7.tgz 0ms (cache hit)
2602 http cache queue-microtask@https://registry.npmjs.org/queue-microtask/-/queue-microtask-1.2.3.tgz 0ms (cache hit)
2603 http cache node-exports-info@https://registry.npmjs.org/node-exports-info/-/node-exports-info-1.6.0.tgz 0ms (cache hit)
2604 http cache scheduler@https://registry.npmjs.org/scheduler/-/scheduler-0.23.2.tgz 0ms (cache hit)
2605 http cache react-is@https://registry.npmjs.org/react-is/-/react-is-16.13.1.tgz 0ms (cache hit)
2606 http cache js-tokens@https://registry.npmjs.org/js-tokens/-/js-tokens-4.0.0.tgz 0ms (cache hit)
2607 http cache object-assign@https://registry.npmjs.org/object-assign/-/object-assign-4.1.1.tgz 0ms (cache hit)
2608 http cache source-map-js@https://registry.npmjs.org/source-map-js/-/source-map-js-1.2.1.tgz 0ms (cache hit)
2609 http cache loose-envify@https://registry.npmjs.org/loose-envify/-/loose-envify-1.4.0.tgz 0ms (cache hit)
2610 http cache nanoid@https://registry.npmjs.org/nanoid/-/nanoid-3.3.12.tgz 0ms (cache hit)
2611 http cache lru-cache@https://registry.npmjs.org/lru-cache/-/lru-cache-10.4.3.tgz 0ms (cache hit)
2612 http cache callsites@https://registry.npmjs.org/callsites/-/callsites-3.1.0.tgz 0ms (cache hit)
2613 http cache yocto-queue@https://registry.npmjs.org/yocto-queue/-/yocto-queue-0.1.0.tgz 0ms (cache hit)
2614 http cache p-limit@https://registry.npmjs.org/p-limit/-/p-limit-3.1.0.tgz 0ms (cache hit)
2615 http cache word-wrap@https://registry.npmjs.org/word-wrap/-/word-wrap-1.2.5.tgz 0ms (cache hit)
2616 http cache fast-levenshtein@https://registry.npmjs.org/fast-levenshtein/-/fast-levenshtein-2.0.6.tgz 0ms (cache hit)
2617 http cache deep-is@https://registry.npmjs.org/deep-is/-/deep-is-0.1.4.tgz 0ms (cache hit)
2618 http cache @swc/counter@https://registry.npmjs.org/@swc/counter/-/counter-0.1.3.tgz 0ms (cache hit)
2619 http cache styled-jsx@https://registry.npmjs.org/styled-jsx/-/styled-jsx-5.1.1.tgz 0ms (cache hit)
2620 http cache streamsearch@https://registry.npmjs.org/streamsearch/-/streamsearch-1.1.0.tgz 0ms (cache hit)
2621 http cache graceful-fs@https://registry.npmjs.org/graceful-fs/-/graceful-fs-4.2.11.tgz 0ms (cache hit)
2622 http cache busboy@https://registry.npmjs.org/busboy/-/busboy-1.6.0.tgz 0ms (cache hit)
2623 http cache @swc/helpers@https://registry.npmjs.org/@swc/helpers/-/helpers-0.5.5.tgz 0ms (cache hit)
2624 http cache @next/env@https://registry.npmjs.org/@next/env/-/env-14.2.29.tgz 0ms (cache hit)
2625 http cache @next/swc-darwin-x64@https://registry.npmjs.org/@next/swc-darwin-x64/-/swc-darwin-x64-14.2.29.tgz 0ms (cache hit)
2626 http cache concat-map@https://registry.npmjs.org/concat-map/-/concat-map-0.0.1.tgz 0ms (cache hit)
2627 http cache balanced-match@https://registry.npmjs.org/balanced-match/-/balanced-match-1.0.2.tgz 0ms (cache hit)
2628 http cache brace-expansion@https://registry.npmjs.org/brace-expansion/-/brace-expansion-1.1.14.tgz 0ms (cache hit)
2629 http cache p-locate@https://registry.npmjs.org/p-locate/-/p-locate-5.0.0.tgz 0ms (cache hit)
2630 http cache type-check@https://registry.npmjs.org/type-check/-/type-check-0.4.0.tgz 0ms (cache hit)
2631 http cache language-subtag-registry@https://registry.npmjs.org/language-subtag-registry/-/language-subtag-registry-0.3.23.tgz 0ms (cache hit)
2632 http cache json-buffer@https://registry.npmjs.org/json-buffer/-/json-buffer-3.0.1.tgz 0ms (cache hit)
2633 http cache argparse@https://registry.npmjs.org/argparse/-/argparse-2.0.1.tgz 0ms (cache hit)
2634 http cache prelude-ls@https://registry.npmjs.org/prelude-ls/-/prelude-ls-1.2.1.tgz 0ms (cache hit)
2635 http cache wrap-ansi-cjs@https://registry.npmjs.org/wrap-ansi/-/wrap-ansi-7.0.0.tgz 0ms (cache hit)
2636 http cache wrap-ansi@https://registry.npmjs.org/wrap-ansi/-/wrap-ansi-8.1.0.tgz 0ms (cache hit)
2637 http cache strip-ansi-cjs@https://registry.npmjs.org/strip-ansi/-/strip-ansi-6.0.1.tgz 0ms (cache hit)
2638 http cache string-width-cjs@https://registry.npmjs.org/string-width/-/string-width-4.2.3.tgz 0ms (cache hit)
2639 http cache string-width@https://registry.npmjs.org/string-width/-/string-width-5.1.2.tgz 0ms (cache hit)
2640 http cache @pkgjs/parseargs@https://registry.npmjs.org/@pkgjs/parseargs/-/parseargs-0.11.0.tgz 0ms (cache hit)
2641 http cache is-extglob@https://registry.npmjs.org/is-extglob/-/is-extglob-2.1.1.tgz 0ms (cache hit)
2642 http cache set-function-name@https://registry.npmjs.org/set-function-name/-/set-function-name-2.0.2.tgz 0ms (cache hit)
2643 http cache side-channel@https://registry.npmjs.org/side-channel/-/side-channel-1.1.0.tgz 0ms (cache hit)
2644 http cache @isaacs/cliui@https://registry.npmjs.org/@isaacs/cliui/-/cliui-8.0.2.tgz 0ms (cache hit)
2645 http cache parent-module@https://registry.npmjs.org/parent-module/-/parent-module-1.0.1.tgz 0ms (cache hit)
2646 http cache resolve-from@https://registry.npmjs.org/resolve-from/-/resolve-from-4.0.0.tgz 0ms (cache hit)
2647 http cache signal-exit@https://registry.npmjs.org/signal-exit/-/signal-exit-4.1.0.tgz 0ms (cache hit)
2648 http cache type-fest@https://registry.npmjs.org/type-fest/-/type-fest-0.20.2.tgz 0ms (cache hit)
2649 http cache path-scurry@https://registry.npmjs.org/path-scurry/-/path-scurry-1.11.1.tgz 0ms (cache hit)
2650 http cache jackspeak@https://registry.npmjs.org/jackspeak/-/jackspeak-2.3.6.tgz 0ms (cache hit)
2651 http cache foreground-child@https://registry.npmjs.org/foreground-child/-/foreground-child-3.3.1.tgz 0ms (cache hit)
2652 http cache minipass@https://registry.npmjs.org/minipass/-/minipass-7.1.3.tgz 0ms (cache hit)
2653 http cache resolve-pkg-maps@https://registry.npmjs.org/resolve-pkg-maps/-/resolve-pkg-maps-1.0.0.tgz 0ms (cache hit)
2654 http cache dunder-proto@https://registry.npmjs.org/dunder-proto/-/dunder-proto-1.0.1.tgz 0ms (cache hit)
2655 http cache functions-have-names@https://registry.npmjs.org/functions-have-names/-/functions-have-names-1.2.3.tgz 0ms (cache hit)
2656 http cache rimraf@https://registry.npmjs.org/rimraf/-/rimraf-3.0.2.tgz 0ms (cache hit)
2657 http cache keyv@https://registry.npmjs.org/keyv/-/keyv-4.5.4.tgz 0ms (cache hit)
2658 http cache async@https://registry.npmjs.org/async/-/async-0.2.10.tgz 0ms (cache hit)
2659 http cache flatted@https://registry.npmjs.org/flatted/-/flatted-3.4.2.tgz 0ms (cache hit)
2660 http cache path-exists@https://registry.npmjs.org/path-exists/-/path-exists-4.0.0.tgz 0ms (cache hit)
2661 http cache locate-path@https://registry.npmjs.org/locate-path/-/locate-path-6.0.0.tgz 0ms (cache hit)
2662 http cache flat-cache@https://registry.npmjs.org/flat-cache/-/flat-cache-3.2.0.tgz 0ms (cache hit)
2663 http cache reusify@https://registry.npmjs.org/reusify/-/reusify-1.1.0.tgz 0ms (cache hit)
2664 http cache acorn@https://registry.npmjs.org/acorn/-/acorn-8.16.0.tgz 0ms (cache hit)
2665 http cache esrecurse@https://registry.npmjs.org/esrecurse/-/esrecurse-4.3.0.tgz 0ms (cache hit)
2666 http cache acorn-jsx@https://registry.npmjs.org/acorn-jsx/-/acorn-jsx-5.3.2.tgz 0ms (cache hit)
2667 http cache string.prototype.repeat@https://registry.npmjs.org/string.prototype.repeat/-/string.prototype.repeat-1.0.0.tgz 0ms (cache hit)
2668 http cache string.prototype.matchall@https://registry.npmjs.org/string.prototype.matchall/-/string.prototype.matchall-4.0.12.tgz 0ms (cache hit)
2669 http cache prop-types@https://registry.npmjs.org/prop-types/-/prop-types-15.8.1.tgz 0ms (cache hit)
2670 http cache object.entries@https://registry.npmjs.org/object.entries/-/object.entries-1.1.9.tgz 0ms (cache hit)
2671 http cache estraverse@https://registry.npmjs.org/estraverse/-/estraverse-5.3.0.tgz 0ms (cache hit)
2672 http cache iterator.prototype@https://registry.npmjs.org/iterator.prototype/-/iterator.prototype-1.1.5.tgz 0ms (cache hit)
2673 http cache array.prototype.tosorted@https://registry.npmjs.org/array.prototype.tosorted/-/array.prototype.tosorted-1.1.4.tgz 0ms (cache hit)
2674 http cache es-iterator-helpers@https://registry.npmjs.org/es-iterator-helpers/-/es-iterator-helpers-1.3.2.tgz 0ms (cache hit)
2675 http cache array.prototype.findlast@https://registry.npmjs.org/array.prototype.findlast/-/array.prototype.findlast-1.2.5.tgz 0ms (cache hit)
2676 http cache string.prototype.includes@https://registry.npmjs.org/string.prototype.includes/-/string.prototype.includes-2.0.1.tgz 0ms (cache hit)
2677 http cache jsx-ast-utils@https://registry.npmjs.org/jsx-ast-utils/-/jsx-ast-utils-3.3.5.tgz 0ms (cache hit)
2678 http cache emoji-regex@https://registry.npmjs.org/emoji-regex/-/emoji-regex-9.2.2.tgz 0ms (cache hit)
2679 http cache language-tags@https://registry.npmjs.org/language-tags/-/language-tags-1.0.9.tgz 0ms (cache hit)
2680 http cache damerau-levenshtein@https://registry.npmjs.org/damerau-levenshtein/-/damerau-levenshtein-1.0.8.tgz 0ms (cache hit)
2681 http cache axe-core@https://registry.npmjs.org/axe-core/-/axe-core-4.11.4.tgz 0ms (cache hit)
2682 http cache axobject-query@https://registry.npmjs.org/axobject-query/-/axobject-query-4.1.0.tgz 0ms (cache hit)
2683 http cache ast-types-flow@https://registry.npmjs.org/ast-types-flow/-/ast-types-flow-0.0.8.tgz 0ms (cache hit)
2684 http cache aria-query@https://registry.npmjs.org/aria-query/-/aria-query-5.3.2.tgz 0ms (cache hit)
2685 http cache is-symbol@https://registry.npmjs.org/is-symbol/-/is-symbol-1.1.1.tgz 0ms (cache hit)
2686 http cache is-date-object@https://registry.npmjs.org/is-date-object/-/is-date-object-1.1.0.tgz 0ms (cache hit)
2687 http cache has-tostringtag@https://registry.npmjs.org/has-tostringtag/-/has-tostringtag-1.0.2.tgz 0ms (cache hit)
2688 http cache possible-typed-array-names@https://registry.npmjs.org/possible-typed-array-names/-/possible-typed-array-names-1.1.0.tgz 0ms (cache hit)
2689 http cache which-typed-array@https://registry.npmjs.org/which-typed-array/-/which-typed-array-1.1.20.tgz 0ms (cache hit)
2690 http cache unbox-primitive@https://registry.npmjs.org/unbox-primitive/-/unbox-primitive-1.1.0.tgz 0ms (cache hit)
2691 http cache typed-array-length@https://registry.npmjs.org/typed-array-length/-/typed-array-length-1.0.7.tgz 0ms (cache hit)
2692 http cache typed-array-byte-offset@https://registry.npmjs.org/typed-array-byte-offset/-/typed-array-byte-offset-1.0.4.tgz 0ms (cache hit)
2693 http cache typed-array-byte-length@https://registry.npmjs.org/typed-array-byte-length/-/typed-array-byte-length-1.0.3.tgz 0ms (cache hit)
2694 http cache typed-array-buffer@https://registry.npmjs.org/typed-array-buffer/-/typed-array-buffer-1.0.3.tgz 0ms (cache hit)
2695 http cache string.prototype.trimstart@https://registry.npmjs.org/string.prototype.trimstart/-/string.prototype.trimstart-1.0.8.tgz 0ms (cache hit)
2696 http cache string.prototype.trim@https://registry.npmjs.org/string.prototype.trim/-/string.prototype.trim-1.2.10.tgz 0ms (cache hit)
2697 http cache safe-push-apply@https://registry.npmjs.org/safe-push-apply/-/safe-push-apply-1.0.0.tgz 0ms (cache hit)
2698 http cache safe-regex-test@https://registry.npmjs.org/safe-regex-test/-/safe-regex-test-1.1.0.tgz 0ms (cache hit)
2699 http cache set-proto@https://registry.npmjs.org/set-proto/-/set-proto-1.0.0.tgz 0ms (cache hit)
2700 http cache stop-iteration-iterator@https://registry.npmjs.org/stop-iteration-iterator/-/stop-iteration-iterator-1.1.0.tgz 0ms (cache hit)
2701 http cache safe-array-concat@https://registry.npmjs.org/safe-array-concat/-/safe-array-concat-1.1.4.tgz 0ms (cache hit)
2702 http cache own-keys@https://registry.npmjs.org/own-keys/-/own-keys-1.0.1.tgz 0ms (cache hit)
2703 http cache regexp.prototype.flags@https://registry.npmjs.org/regexp.prototype.flags/-/regexp.prototype.flags-1.5.4.tgz 0ms (cache hit)
2704 http cache object-inspect@https://registry.npmjs.org/object-inspect/-/object-inspect-1.13.4.tgz 0ms (cache hit)
2705 http cache object.assign@https://registry.npmjs.org/object.assign/-/object.assign-4.1.7.tgz 0ms (cache hit)
2706 http cache is-typed-array@https://registry.npmjs.org/is-typed-array/-/is-typed-array-1.1.15.tgz 0ms (cache hit)
2707 http cache is-shared-array-buffer@https://registry.npmjs.org/is-shared-array-buffer/-/is-shared-array-buffer-1.0.4.tgz 0ms (cache hit)
2708 http cache is-set@https://registry.npmjs.org/is-set/-/is-set-2.0.3.tgz 0ms (cache hit)
2709 http cache is-weakref@https://registry.npmjs.org/is-weakref/-/is-weakref-1.1.1.tgz 0ms (cache hit)
2710 http cache is-regex@https://registry.npmjs.org/is-regex/-/is-regex-1.2.1.tgz 0ms (cache hit)
2711 http cache is-data-view@https://registry.npmjs.org/is-data-view/-/is-data-view-1.0.2.tgz 0ms (cache hit)
2712 http cache is-callable@https://registry.npmjs.org/is-callable/-/is-callable-1.2.7.tgz 0ms (cache hit)
2713 http cache is-negative-zero@https://registry.npmjs.org/is-negative-zero/-/is-negative-zero-2.0.3.tgz 0ms (cache hit)
2714 http cache is-array-buffer@https://registry.npmjs.org/is-array-buffer/-/is-array-buffer-3.0.5.tgz 0ms (cache hit)
2715 http cache internal-slot@https://registry.npmjs.org/internal-slot/-/internal-slot-1.1.0.tgz 0ms (cache hit)
2716 http cache has-symbols@https://registry.npmjs.org/has-symbols/-/has-symbols-1.1.0.tgz 0ms (cache hit)
2717 http cache has-proto@https://registry.npmjs.org/has-proto/-/has-proto-1.2.0.tgz 0ms (cache hit)
2718 http cache globalthis@https://registry.npmjs.org/globalthis/-/globalthis-1.0.4.tgz 0ms (cache hit)
2719 http cache get-symbol-description@https://registry.npmjs.org/get-symbol-description/-/get-symbol-description-1.1.0.tgz 0ms (cache hit)
2720 http cache es-to-primitive@https://registry.npmjs.org/es-to-primitive/-/es-to-primitive-1.3.0.tgz 0ms (cache hit)
2721 http cache get-proto@https://registry.npmjs.org/get-proto/-/get-proto-1.0.1.tgz 0ms (cache hit)
2722 http cache function.prototype.name@https://registry.npmjs.org/function.prototype.name/-/function.prototype.name-1.1.8.tgz 0ms (cache hit)
2723 http cache data-view-byte-offset@https://registry.npmjs.org/data-view-byte-offset/-/data-view-byte-offset-1.0.1.tgz 0ms (cache hit)
2724 http cache es-set-tostringtag@https://registry.npmjs.org/es-set-tostringtag/-/es-set-tostringtag-2.1.0.tgz 0ms (cache hit)
2725 http cache data-view-byte-length@https://registry.npmjs.org/data-view-byte-length/-/data-view-byte-length-1.0.2.tgz 0ms (cache hit)
2726 http cache data-view-buffer@https://registry.npmjs.org/data-view-buffer/-/data-view-buffer-1.0.2.tgz 0ms (cache hit)
2727 http cache available-typed-arrays@https://registry.npmjs.org/available-typed-arrays/-/available-typed-arrays-1.0.7.tgz 0ms (cache hit)
2728 http cache arraybuffer.prototype.slice@https://registry.npmjs.org/arraybuffer.prototype.slice/-/arraybuffer.prototype.slice-1.0.4.tgz 0ms (cache hit)
2729 http cache array-buffer-byte-length@https://registry.npmjs.org/array-buffer-byte-length/-/array-buffer-byte-length-1.0.2.tgz 0ms (cache hit)
2730 http cache gopd@https://registry.npmjs.org/gopd/-/gopd-1.2.0.tgz 0ms (cache hit)
2731 http cache object-keys@https://registry.npmjs.org/object-keys/-/object-keys-1.1.1.tgz 0ms (cache hit)
2732 http cache has-property-descriptors@https://registry.npmjs.org/has-property-descriptors/-/has-property-descriptors-1.0.2.tgz 0ms (cache hit)
2733 http cache define-data-property@https://registry.npmjs.org/define-data-property/-/define-data-property-1.1.4.tgz 1ms (cache hit)
2734 http cache function-bind@https://registry.npmjs.org/function-bind/-/function-bind-1.1.2.tgz 0ms (cache hit)
2735 http cache set-function-length@https://registry.npmjs.org/set-function-length/-/set-function-length-1.2.2.tgz 0ms (cache hit)
2736 http cache es-define-property@https://registry.npmjs.org/es-define-property/-/es-define-property-1.0.1.tgz 0ms (cache hit)
2737 http cache call-bind-apply-helpers@https://registry.npmjs.org/call-bind-apply-helpers/-/call-bind-apply-helpers-1.0.2.tgz 0ms (cache hit)
2738 http cache es-shim-unscopables@https://registry.npmjs.org/es-shim-unscopables/-/es-shim-unscopables-1.1.0.tgz 0ms (cache hit)
2739 http cache es-errors@https://registry.npmjs.org/es-errors/-/es-errors-1.3.0.tgz 0ms (cache hit)
2740 http cache math-intrinsics@https://registry.npmjs.org/math-intrinsics/-/math-intrinsics-1.1.0.tgz 0ms (cache hit)
2741 http cache es-object-atoms@https://registry.npmjs.org/es-object-atoms/-/es-object-atoms-1.1.1.tgz 0ms (cache hit)
2742 http cache is-string@https://registry.npmjs.org/is-string/-/is-string-1.1.1.tgz 0ms (cache hit)
2743 http cache es-abstract@https://registry.npmjs.org/es-abstract/-/es-abstract-1.24.2.tgz 0ms (cache hit)
2744 http cache define-properties@https://registry.npmjs.org/define-properties/-/define-properties-1.2.1.tgz 0ms (cache hit)
2745 http cache call-bound@https://registry.npmjs.org/call-bound/-/call-bound-1.0.4.tgz 0ms (cache hit)
2746 http cache call-bind@https://registry.npmjs.org/call-bind/-/call-bind-1.0.9.tgz 0ms (cache hit)
2747 http cache tsconfig-paths@https://registry.npmjs.org/tsconfig-paths/-/tsconfig-paths-3.15.0.tgz 0ms (cache hit)
2748 http cache string.prototype.trimend@https://registry.npmjs.org/string.prototype.trimend/-/string.prototype.trimend-1.0.9.tgz 0ms (cache hit)
2749 http cache object.values@https://registry.npmjs.org/object.values/-/object.values-1.2.1.tgz 0ms (cache hit)
2750 http cache object.groupby@https://registry.npmjs.org/object.groupby/-/object.groupby-1.0.3.tgz 0ms (cache hit)
2751 http cache object.fromentries@https://registry.npmjs.org/object.fromentries/-/object.fromentries-2.0.8.tgz 0ms (cache hit)
2752 http cache hasown@https://registry.npmjs.org/hasown/-/hasown-2.0.3.tgz 0ms (cache hit)
2753 http cache eslint-module-utils@https://registry.npmjs.org/eslint-module-utils/-/eslint-module-utils-2.12.1.tgz 0ms (cache hit)
2754 http cache array.prototype.flatmap@https://registry.npmjs.org/array.prototype.flatmap/-/array.prototype.flatmap-1.3.3.tgz 0ms (cache hit)
2755 http cache array.prototype.flat@https://registry.npmjs.org/array.prototype.flat/-/array.prototype.flat-1.3.3.tgz 0ms (cache hit)
2756 http cache array.prototype.findlastindex@https://registry.npmjs.org/array.prototype.findlastindex/-/array.prototype.findlastindex-1.2.6.tgz 0ms (cache hit)
2757 http cache array-includes@https://registry.npmjs.org/array-includes/-/array-includes-3.1.9.tgz 0ms (cache hit)
2758 http cache @rtsao/scc@https://registry.npmjs.org/@rtsao/scc/-/scc-1.1.0.tgz 0ms (cache hit)
2759 http cache unrs-resolver@https://registry.npmjs.org/unrs-resolver/-/unrs-resolver-1.11.1.tgz 0ms (cache hit)
2760 http cache stable-hash@https://registry.npmjs.org/stable-hash/-/stable-hash-0.0.5.tgz 0ms (cache hit)
2761 http cache get-intrinsic@https://registry.npmjs.org/get-intrinsic/-/get-intrinsic-1.3.0.tgz 0ms (cache hit)
2762 http cache is-bun-module@https://registry.npmjs.org/is-bun-module/-/is-bun-module-2.0.0.tgz 0ms (cache hit)
2763 http cache get-tsconfig@https://registry.npmjs.org/get-tsconfig/-/get-tsconfig-4.14.0.tgz 0ms (cache hit)
2764 http cache @nolyfill/is-core-module@https://registry.npmjs.org/@nolyfill/is-core-module/-/is-core-module-1.0.39.tgz 0ms (cache hit)
2765 http cache is-core-module@https://registry.npmjs.org/is-core-module/-/is-core-module-2.16.2.tgz 0ms (cache hit)
2766 http cache tinyglobby@https://registry.npmjs.org/tinyglobby/-/tinyglobby-0.2.16.tgz 0ms (cache hit)
2767 http cache semver@https://registry.npmjs.org/semver/-/semver-7.7.4.tgz 0ms (cache hit)
2768 http cache @typescript-eslint/tsconfig-utils@https://registry.npmjs.org/@typescript-eslint/tsconfig-utils/-/tsconfig-utils-8.59.2.tgz 0ms (cache hit)
2769 http cache @typescript-eslint/project-service@https://registry.npmjs.org/@typescript-eslint/project-service/-/project-service-8.59.2.tgz 0ms (cache hit)
2770 http cache resolve@https://registry.npmjs.org/resolve/-/resolve-2.0.0-next.6.tgz 0ms (cache hit)
2771 http cache @typescript-eslint/typescript-estree@https://registry.npmjs.org/@typescript-eslint/typescript-estree/-/typescript-estree-8.59.2.tgz 0ms (cache hit)
2772 http cache @typescript-eslint/types@https://registry.npmjs.org/@typescript-eslint/types/-/types-8.59.2.tgz 0ms (cache hit)
2773 http cache ts-api-utils@https://registry.npmjs.org/ts-api-utils/-/ts-api-utils-2.5.0.tgz 0ms (cache hit)
2774 http cache @typescript-eslint/utils@https://registry.npmjs.org/@typescript-eslint/utils/-/utils-8.59.2.tgz 0ms (cache hit)
2775 http cache @typescript-eslint/visitor-keys@https://registry.npmjs.org/@typescript-eslint/visitor-keys/-/visitor-keys-8.59.2.tgz 0ms (cache hit)
2776 http cache @typescript-eslint/scope-manager@https://registry.npmjs.org/@typescript-eslint/scope-manager/-/scope-manager-8.59.2.tgz 0ms (cache hit)
2777 http cache glob@https://registry.npmjs.org/glob/-/glob-10.3.10.tgz 0ms (cache hit)
2778 http cache eslint-plugin-react-hooks@https://registry.npmjs.org/eslint-plugin-react-hooks/-/eslint-plugin-react-hooks-5.0.0-canary-7118f5dd7-20230705.tgz 0ms (cache hit)
2779 http cache @typescript-eslint/type-utils@https://registry.npmjs.org/@typescript-eslint/type-utils/-/type-utils-8.59.2.tgz 0ms (cache hit)
2780 http cache eslint-plugin-react@https://registry.npmjs.org/eslint-plugin-react/-/eslint-plugin-react-7.37.5.tgz 0ms (cache hit)
2781 http cache eslint-plugin-jsx-a11y@https://registry.npmjs.org/eslint-plugin-jsx-a11y/-/eslint-plugin-jsx-a11y-6.10.2.tgz 0ms (cache hit)
2782 http cache eslint-plugin-import@https://registry.npmjs.org/eslint-plugin-import/-/eslint-plugin-import-2.32.0.tgz 0ms (cache hit)
2783 http cache eslint-import-resolver-node@https://registry.npmjs.org/eslint-import-resolver-node/-/eslint-import-resolver-node-0.3.10.tgz 0ms (cache hit)
2784 http cache eslint-import-resolver-typescript@https://registry.npmjs.org/eslint-import-resolver-typescript/-/eslint-import-resolver-typescript-3.10.1.tgz 0ms (cache hit)
2785 http cache @typescript-eslint/parser@https://registry.npmjs.org/@typescript-eslint/parser/-/parser-8.59.2.tgz 0ms (cache hit)
2786 http cache @typescript-eslint/eslint-plugin@https://registry.npmjs.org/@typescript-eslint/eslint-plugin/-/eslint-plugin-8.59.2.tgz 0ms (cache hit)
2787 http cache @rushstack/eslint-patch@https://registry.npmjs.org/@rushstack/eslint-patch/-/eslint-patch-1.16.1.tgz 0ms (cache hit)
2788 http cache @next/eslint-plugin-next@https://registry.npmjs.org/@next/eslint-plugin-next/-/eslint-plugin-next-14.2.29.tgz 0ms (cache hit)
2789 http cache ms@https://registry.npmjs.org/ms/-/ms-2.1.3.tgz 0ms (cache hit)
2790 http cache which@https://registry.npmjs.org/which/-/which-2.0.2.tgz 0ms (cache hit)
2791 http cache shebang-command@https://registry.npmjs.org/shebang-command/-/shebang-command-2.0.0.tgz 0ms (cache hit)
2792 http cache path-key@https://registry.npmjs.org/path-key/-/path-key-3.1.1.tgz 0ms (cache hit)
2793 http cache color-name@https://registry.npmjs.org/color-name/-/color-name-1.1.4.tgz 0ms (cache hit)
2794 http cache color-convert@https://registry.npmjs.org/color-convert/-/color-convert-2.0.1.tgz 0ms (cache hit)
2795 http cache supports-color@https://registry.npmjs.org/supports-color/-/supports-color-7.2.0.tgz 0ms (cache hit)
2796 http cache ansi-styles@https://registry.npmjs.org/ansi-styles/-/ansi-styles-4.3.0.tgz 0ms (cache hit)
2797 http cache uri-js@https://registry.npmjs.org/uri-js/-/uri-js-4.4.1.tgz 0ms (cache hit)
2798 http cache json-schema-traverse@https://registry.npmjs.org/json-schema-traverse/-/json-schema-traverse-0.4.1.tgz 0ms (cache hit)
2799 http cache fast-json-stable-stringify@https://registry.npmjs.org/fast-json-stable-stringify/-/fast-json-stable-stringify-2.1.0.tgz 0ms (cache hit)
2800 http cache run-parallel@https://registry.npmjs.org/run-parallel/-/run-parallel-1.2.0.tgz 0ms (cache hit)
2801 http cache fastq@https://registry.npmjs.org/fastq/-/fastq-1.20.1.tgz 0ms (cache hit)
2802 http cache @nodelib/fs.stat@https://registry.npmjs.org/@nodelib/fs.stat/-/fs.stat-2.0.5.tgz 0ms (cache hit)
2803 http cache @nodelib/fs.scandir@https://registry.npmjs.org/@nodelib/fs.scandir/-/fs.scandir-2.1.5.tgz 0ms (cache hit)
2804 http cache @humanwhocodes/object-schema@https://registry.npmjs.org/@humanwhocodes/object-schema/-/object-schema-2.0.3.tgz 0ms (cache hit)
2805 http cache import-fresh@https://registry.npmjs.org/import-fresh/-/import-fresh-3.3.1.tgz 0ms (cache hit)
2806 http cache strip-json-comments@https://registry.npmjs.org/strip-json-comments/-/strip-json-comments-3.1.1.tgz 0ms (cache hit)
2807 http cache text-table@https://registry.npmjs.org/text-table/-/text-table-0.2.0.tgz 0ms (cache hit)
2808 http cache strip-ansi@https://registry.npmjs.org/strip-ansi/-/strip-ansi-6.0.1.tgz 0ms (cache hit)
2809 http cache optionator@https://registry.npmjs.org/optionator/-/optionator-0.9.4.tgz 0ms (cache hit)
2810 http cache natural-compare@https://registry.npmjs.org/natural-compare/-/natural-compare-1.4.0.tgz 0ms (cache hit)
2811 http cache lodash.merge@https://registry.npmjs.org/lodash.merge/-/lodash.merge-4.6.2.tgz 0ms (cache hit)
2812 http cache minimatch@https://registry.npmjs.org/minimatch/-/minimatch-3.1.5.tgz 0ms (cache hit)
2813 http cache levn@https://registry.npmjs.org/levn/-/levn-0.4.1.tgz 0ms (cache hit)
2814 http cache json-stable-stringify-without-jsonify@https://registry.npmjs.org/json-stable-stringify-without-jsonify/-/json-stable-stringify-without-jsonify-1.0.1.tgz 0ms (cache hit)
2815 http cache js-yaml@https://registry.npmjs.org/js-yaml/-/js-yaml-4.1.1.tgz 0ms (cache hit)
2816 http cache is-path-inside@https://registry.npmjs.org/is-path-inside/-/is-path-inside-3.0.3.tgz 0ms (cache hit)
2817 http cache is-glob@https://registry.npmjs.org/is-glob/-/is-glob-4.0.3.tgz 0ms (cache hit)
2818 http cache imurmurhash@https://registry.npmjs.org/imurmurhash/-/imurmurhash-0.1.4.tgz 0ms (cache hit)
2819 http cache ignore@https://registry.npmjs.org/ignore/-/ignore-5.3.2.tgz 0ms (cache hit)
2820 http cache graphemer@https://registry.npmjs.org/graphemer/-/graphemer-1.4.0.tgz 0ms (cache hit)
2821 http cache glob-parent@https://registry.npmjs.org/glob-parent/-/glob-parent-6.0.2.tgz 0ms (cache hit)
2822 http cache globals@https://registry.npmjs.org/globals/-/globals-13.24.0.tgz 0ms (cache hit)
2823 http cache find-up@https://registry.npmjs.org/find-up/-/find-up-5.0.0.tgz 0ms (cache hit)
2824 http cache file-entry-cache@https://registry.npmjs.org/file-entry-cache/-/file-entry-cache-6.0.1.tgz 0ms (cache hit)
2825 http cache fast-deep-equal@https://registry.npmjs.org/fast-deep-equal/-/fast-deep-equal-3.1.3.tgz 0ms (cache hit)
2826 http cache esutils@https://registry.npmjs.org/esutils/-/esutils-2.0.3.tgz 0ms (cache hit)
2827 http cache esquery@https://registry.npmjs.org/esquery/-/esquery-1.7.0.tgz 0ms (cache hit)
2828 http cache espree@https://registry.npmjs.org/espree/-/espree-9.6.1.tgz 0ms (cache hit)
2829 http cache eslint-visitor-keys@https://registry.npmjs.org/eslint-visitor-keys/-/eslint-visitor-keys-3.4.3.tgz 0ms (cache hit)
2830 http cache escape-string-regexp@https://registry.npmjs.org/escape-string-regexp/-/escape-string-regexp-4.0.0.tgz 0ms (cache hit)
2831 http cache eslint-scope@https://registry.npmjs.org/eslint-scope/-/eslint-scope-7.2.2.tgz 0ms (cache hit)
2832 http cache doctrine@https://registry.npmjs.org/doctrine/-/doctrine-3.0.0.tgz 0ms (cache hit)
2833 http cache debug@https://registry.npmjs.org/debug/-/debug-4.4.3.tgz 0ms (cache hit)
2834 http cache cross-spawn@https://registry.npmjs.org/cross-spawn/-/cross-spawn-7.0.6.tgz 0ms (cache hit)
2835 http cache chalk@https://registry.npmjs.org/chalk/-/chalk-4.1.2.tgz 0ms (cache hit)
2836 http cache ajv@https://registry.npmjs.org/ajv/-/ajv-6.15.0.tgz 0ms (cache hit)
2837 http cache @ungap/structured-clone@https://registry.npmjs.org/@ungap/structured-clone/-/structured-clone-1.3.1.tgz 0ms (cache hit)
2838 http cache @nodelib/fs.walk@https://registry.npmjs.org/@nodelib/fs.walk/-/fs.walk-1.2.8.tgz 0ms (cache hit)
2839 http cache @humanwhocodes/module-importer@https://registry.npmjs.org/@humanwhocodes/module-importer/-/module-importer-1.0.1.tgz 0ms (cache hit)
2840 http cache @eslint/js@https://registry.npmjs.org/@eslint/js/-/js-8.57.1.tgz 0ms (cache hit)
2841 http cache @humanwhocodes/config-array@https://registry.npmjs.org/@humanwhocodes/config-array/-/config-array-0.13.0.tgz 0ms (cache hit)
2842 http cache @eslint/eslintrc@https://registry.npmjs.org/@eslint/eslintrc/-/eslintrc-2.1.4.tgz 0ms (cache hit)
2843 http cache @eslint-community/regexpp@https://registry.npmjs.org/@eslint-community/regexpp/-/regexpp-4.12.2.tgz 0ms (cache hit)
2844 http cache update-browserslist-db@https://registry.npmjs.org/update-browserslist-db/-/update-browserslist-db-1.2.3.tgz 1ms (cache hit)
2845 http cache @eslint-community/eslint-utils@https://registry.npmjs.org/@eslint-community/eslint-utils/-/eslint-utils-4.9.1.tgz 0ms (cache hit)
2846 http cache node-releases@https://registry.npmjs.org/node-releases/-/node-releases-2.0.38.tgz 0ms (cache hit)
2847 http cache electron-to-chromium@https://registry.npmjs.org/electron-to-chromium/-/electron-to-chromium-1.5.352.tgz 0ms (cache hit)
2848 http cache baseline-browser-mapping@https://registry.npmjs.org/baseline-browser-mapping/-/baseline-browser-mapping-2.10.27.tgz 0ms (cache hit)
2849 http cache postcss-value-parser@https://registry.npmjs.org/postcss-value-parser/-/postcss-value-parser-4.2.0.tgz 0ms (cache hit)
2850 http cache picocolors@https://registry.npmjs.org/picocolors/-/picocolors-1.1.1.tgz 0ms (cache hit)
2851 http cache fraction.js@https://registry.npmjs.org/fraction.js/-/fraction.js-5.3.4.tgz 0ms (cache hit)
2852 http cache caniuse-lite@https://registry.npmjs.org/caniuse-lite/-/caniuse-lite-1.0.30001792.tgz 0ms (cache hit)
2853 http cache csstype@https://registry.npmjs.org/csstype/-/csstype-3.2.3.tgz 0ms (cache hit)
2854 http cache browserslist@https://registry.npmjs.org/browserslist/-/browserslist-4.28.2.tgz 0ms (cache hit)
2855 http cache @types/prop-types@https://registry.npmjs.org/@types/prop-types/-/prop-types-15.7.15.tgz 0ms (cache hit)
2856 http cache undici-types@https://registry.npmjs.org/undici-types/-/undici-types-6.21.0.tgz 0ms (cache hit)
2857 http cache iceberg-js@https://registry.npmjs.org/iceberg-js/-/iceberg-js-0.8.1.tgz 0ms (cache hit)
2858 http cache ws@https://registry.npmjs.org/ws/-/ws-8.20.0.tgz 0ms (cache hit)
2859 http cache @types/ws@https://registry.npmjs.org/@types/ws/-/ws-8.18.1.tgz 0ms (cache hit)
2860 http cache @supabase/phoenix@https://registry.npmjs.org/@supabase/phoenix/-/phoenix-0.4.1.tgz 0ms (cache hit)
2861 http cache @supabase/storage-js@https://registry.npmjs.org/@supabase/storage-js/-/storage-js-2.105.3.tgz 0ms (cache hit)
2862 http cache @supabase/realtime-js@https://registry.npmjs.org/@supabase/realtime-js/-/realtime-js-2.105.3.tgz 0ms (cache hit)
2863 http cache @supabase/postgrest-js@https://registry.npmjs.org/@supabase/postgrest-js/-/postgrest-js-2.105.3.tgz 0ms (cache hit)
2864 http cache tslib@https://registry.npmjs.org/tslib/-/tslib-2.8.1.tgz 0ms (cache hit)
2865 http cache @supabase/functions-js@https://registry.npmjs.org/@supabase/functions-js/-/functions-js-2.105.3.tgz 0ms (cache hit)
2866 http cache typescript@https://registry.npmjs.org/typescript/-/typescript-5.9.3.tgz 0ms (cache hit)
2867 http cache tailwindcss@https://registry.npmjs.org/tailwindcss/-/tailwindcss-3.4.19.tgz 0ms (cache hit)
2868 http cache @supabase/auth-js@https://registry.npmjs.org/@supabase/auth-js/-/auth-js-2.105.3.tgz 0ms (cache hit)
2869 http cache stripe@https://registry.npmjs.org/stripe/-/stripe-22.1.1.tgz 0ms (cache hit)
2870 http cache next@https://registry.npmjs.org/next/-/next-14.2.29.tgz 0ms (cache hit)
2871 http cache react-dom@https://registry.npmjs.org/react-dom/-/react-dom-18.3.1.tgz 0ms (cache hit)
2872 http cache lucide-react@https://registry.npmjs.org/lucide-react/-/lucide-react-0.460.0.tgz 0ms (cache hit)
2873 http cache react@https://registry.npmjs.org/react/-/react-18.3.1.tgz 0ms (cache hit)
2874 http cache fluent-ffmpeg@https://registry.npmjs.org/fluent-ffmpeg/-/fluent-ffmpeg-2.1.3.tgz 0ms (cache hit)
2875 http cache eslint-config-next@https://registry.npmjs.org/eslint-config-next/-/eslint-config-next-14.2.29.tgz 0ms (cache hit)
2876 http cache eslint@https://registry.npmjs.org/eslint/-/eslint-8.57.1.tgz 0ms (cache hit)
2877 http cache postcss@https://registry.npmjs.org/postcss/-/postcss-8.5.14.tgz 0ms (cache hit)
2878 http cache clsx@https://registry.npmjs.org/clsx/-/clsx-2.1.1.tgz 0ms (cache hit)
2879 http cache autoprefixer@https://registry.npmjs.org/autoprefixer/-/autoprefixer-10.5.0.tgz 0ms (cache hit)
2880 http cache @types/react@https://registry.npmjs.org/@types/react/-/react-18.3.28.tgz 0ms (cache hit)
2881 http cache @types/react-dom@https://registry.npmjs.org/@types/react-dom/-/react-dom-18.3.7.tgz 0ms (cache hit)
2882 http cache @types/node@https://registry.npmjs.org/@types/node/-/node-20.19.39.tgz 0ms (cache hit)
2883 http cache @supabase/supabase-js@https://registry.npmjs.org/@supabase/supabase-js/-/supabase-js-2.105.3.tgz 0ms (cache hit)
2884 http cache glob-parent@https://registry.npmjs.org/glob-parent/-/glob-parent-5.1.2.tgz 0ms (cache hit)
2885 http cache resolve@https://registry.npmjs.org/resolve/-/resolve-1.22.12.tgz 0ms (cache hit)
2886 http cache semver@https://registry.npmjs.org/semver/-/semver-6.3.1.tgz 0ms (cache hit)
2887 http cache glob-parent@https://registry.npmjs.org/glob-parent/-/glob-parent-5.1.2.tgz 0ms (cache hit)
2888 http cache emoji-regex@https://registry.npmjs.org/emoji-regex/-/emoji-regex-8.0.0.tgz 0ms (cache hit)
2889 http cache ansi-regex@https://registry.npmjs.org/ansi-regex/-/ansi-regex-6.2.2.tgz 0ms (cache hit)
2890 http cache string-width@https://registry.npmjs.org/string-width/-/string-width-4.2.3.tgz 0ms (cache hit)
2891 http cache strip-ansi@https://registry.npmjs.org/strip-ansi/-/strip-ansi-7.2.0.tgz 0ms (cache hit)
2892 http cache ansi-styles@https://registry.npmjs.org/ansi-styles/-/ansi-styles-6.2.3.tgz 0ms (cache hit)
2893 http cache emoji-regex@https://registry.npmjs.org/emoji-regex/-/emoji-regex-8.0.0.tgz 0ms (cache hit)
2894 http cache ansi-regex@https://registry.npmjs.org/ansi-regex/-/ansi-regex-6.2.2.tgz 0ms (cache hit)
2895 http cache strip-ansi@https://registry.npmjs.org/strip-ansi/-/strip-ansi-7.2.0.tgz 0ms (cache hit)
2896 http cache ansi-regex@https://registry.npmjs.org/ansi-regex/-/ansi-regex-6.2.2.tgz 0ms (cache hit)
2897 http cache glob@https://registry.npmjs.org/glob/-/glob-7.2.3.tgz 0ms (cache hit)
2898 http cache strip-ansi@https://registry.npmjs.org/strip-ansi/-/strip-ansi-7.2.0.tgz 0ms (cache hit)
2899 http cache fdir@https://registry.npmjs.org/fdir/-/fdir-6.5.0.tgz 0ms (cache hit)
2900 http cache picomatch@https://registry.npmjs.org/picomatch/-/picomatch-4.0.4.tgz 0ms (cache hit)
2901 http cache debug@https://registry.npmjs.org/debug/-/debug-3.2.7.tgz 0ms (cache hit)
2902 http cache brace-expansion@https://registry.npmjs.org/brace-expansion/-/brace-expansion-5.0.5.tgz 0ms (cache hit)
2903 http cache minimatch@https://registry.npmjs.org/minimatch/-/minimatch-10.2.5.tgz 0ms (cache hit)
2904 http cache eslint-visitor-keys@https://registry.npmjs.org/eslint-visitor-keys/-/eslint-visitor-keys-5.0.1.tgz 0ms (cache hit)
2905 http cache balanced-match@https://registry.npmjs.org/balanced-match/-/balanced-match-4.0.4.tgz 0ms (cache hit)
2906 http cache brace-expansion@https://registry.npmjs.org/brace-expansion/-/brace-expansion-2.1.0.tgz 0ms (cache hit)
2907 http cache semver@https://registry.npmjs.org/semver/-/semver-6.3.1.tgz 0ms (cache hit)
2908 http cache minimatch@https://registry.npmjs.org/minimatch/-/minimatch-9.0.9.tgz 0ms (cache hit)
2909 http cache doctrine@https://registry.npmjs.org/doctrine/-/doctrine-2.1.0.tgz 0ms (cache hit)
2910 http cache semver@https://registry.npmjs.org/semver/-/semver-6.3.1.tgz 0ms (cache hit)
2911 http cache debug@https://registry.npmjs.org/debug/-/debug-3.2.7.tgz 0ms (cache hit)
2912 http cache doctrine@https://registry.npmjs.org/doctrine/-/doctrine-2.1.0.tgz 0ms (cache hit)
2913 http cache debug@https://registry.npmjs.org/debug/-/debug-3.2.7.tgz 0ms (cache hit)
2914 http cache ignore@https://registry.npmjs.org/ignore/-/ignore-7.0.5.tgz 0ms (cache hit)
2915 http cache resolve@https://registry.npmjs.org/resolve/-/resolve-1.22.12.tgz 0ms (cache hit)
2916 http cache postcss@https://registry.npmjs.org/postcss/-/postcss-8.4.31.tgz 0ms (cache hit)
2917 http cache which@https://registry.npmjs.org/which/-/which-1.3.1.tgz 0ms (cache hit)
2918 silly tarball no local data for wrappy@https://registry.npmjs.org/wrappy/-/wrappy-1.0.2.tgz. Extracting by manifest.
2919 silly tarball no local data for path-is-absolute@https://registry.npmjs.org/path-is-absolute/-/path-is-absolute-1.0.1.tgz. Extracting by manifest.
2920 silly tarball no local data for inflight@https://registry.npmjs.org/inflight/-/inflight-1.0.6.tgz. Extracting by manifest.
2921 silly tarball no local data for fs.realpath@https://registry.npmjs.org/fs.realpath/-/fs.realpath-1.0.0.tgz. Extracting by manifest.
2922 silly tarball no local data for inherits@https://registry.npmjs.org/inherits/-/inherits-2.0.4.tgz. Extracting by manifest.
2923 silly tarball no local data for is-weakset@https://registry.npmjs.org/is-weakset/-/is-weakset-2.0.4.tgz. Extracting by manifest.
2924 silly tarball no local data for is-weakmap@https://registry.npmjs.org/is-weakmap/-/is-weakmap-2.0.2.tgz. Extracting by manifest.
2925 silly tarball no local data for once@https://registry.npmjs.org/once/-/once-1.4.0.tgz. Extracting by manifest.
2926 silly tarball no local data for generator-function@https://registry.npmjs.org/generator-function/-/generator-function-2.0.1.tgz. Extracting by manifest.
2927 silly tarball no local data for async-function@https://registry.npmjs.org/async-function/-/async-function-1.0.0.tgz. Extracting by manifest.
2928 silly tarball no local data for which-collection@https://registry.npmjs.org/which-collection/-/which-collection-1.0.2.tgz. Extracting by manifest.
2929 silly tarball no local data for is-map@https://registry.npmjs.org/is-map/-/is-map-2.0.3.tgz. Extracting by manifest.
2930 silly tarball no local data for is-finalizationregistry@https://registry.npmjs.org/is-finalizationregistry/-/is-finalizationregistry-1.1.1.tgz. Extracting by manifest.
2931 silly tarball no local data for is-async-function@https://registry.npmjs.org/is-async-function/-/is-async-function-2.1.1.tgz. Extracting by manifest.
2932 silly tarball no local data for is-number-object@https://registry.npmjs.org/is-number-object/-/is-number-object-1.1.1.tgz. Extracting by manifest.
2933 silly tarball no local data for is-generator-function@https://registry.npmjs.org/is-generator-function/-/is-generator-function-1.1.2.tgz. Extracting by manifest.
2934 silly tarball no local data for is-boolean-object@https://registry.npmjs.org/is-boolean-object/-/is-boolean-object-1.2.2.tgz. Extracting by manifest.
2935 silly tarball no local data for is-bigint@https://registry.npmjs.org/is-bigint/-/is-bigint-1.1.0.tgz. Extracting by manifest.
2936 silly tarball no local data for isexe@https://registry.npmjs.org/isexe/-/isexe-2.0.0.tgz. Extracting by manifest.
2937 silly tarball no local data for punycode@https://registry.npmjs.org/punycode/-/punycode-2.3.1.tgz. Extracting by manifest.
2938 silly tarball no local data for escalade@https://registry.npmjs.org/escalade/-/escalade-3.2.0.tgz. Extracting by manifest.
2939 silly tarball no local data for @unrs/resolver-binding-darwin-x64@https://registry.npmjs.org/@unrs/resolver-binding-darwin-x64/-/resolver-binding-darwin-x64-1.11.1.tgz. Extracting by manifest.
2940 silly tarball no local data for napi-postinstall@https://registry.npmjs.org/napi-postinstall/-/napi-postinstall-0.3.4.tgz. Extracting by manifest.
2941 silly tarball no local data for which-boxed-primitive@https://registry.npmjs.org/which-boxed-primitive/-/which-boxed-primitive-1.1.1.tgz. Extracting by manifest.
2942 silly tarball no local data for has-bigints@https://registry.npmjs.org/has-bigints/-/has-bigints-1.1.0.tgz. Extracting by manifest.
2943 silly tarball no local data for reflect.getprototypeof@https://registry.npmjs.org/reflect.getprototypeof/-/reflect.getprototypeof-1.0.10.tgz. Extracting by manifest.
2944 silly tarball no local data for for-each@https://registry.npmjs.org/for-each/-/for-each-0.3.5.tgz. Extracting by manifest.
2945 silly tarball no local data for strip-bom@https://registry.npmjs.org/strip-bom/-/strip-bom-3.0.0.tgz. Extracting by manifest.
2946 silly tarball no local data for which-builtin-type@https://registry.npmjs.org/which-builtin-type/-/which-builtin-type-1.2.1.tgz. Extracting by manifest.
2947 silly tarball no local data for minimist@https://registry.npmjs.org/minimist/-/minimist-1.2.8.tgz. Extracting by manifest.
2948 silly tarball no local data for json5@https://registry.npmjs.org/json5/-/json5-1.0.2.tgz. Extracting by manifest.
2949 silly tarball no local data for @types/json5@https://registry.npmjs.org/@types/json5/-/json5-0.0.29.tgz. Extracting by manifest.
2950 silly tarball no local data for is-number@https://registry.npmjs.org/is-number/-/is-number-7.0.0.tgz. Extracting by manifest.
2951 silly tarball no local data for thenify@https://registry.npmjs.org/thenify/-/thenify-3.3.1.tgz. Extracting by manifest.
2952 silly tarball no local data for thenify-all@https://registry.npmjs.org/thenify-all/-/thenify-all-1.6.0.tgz. Extracting by manifest.
2953 silly tarball no local data for any-promise@https://registry.npmjs.org/any-promise/-/any-promise-1.3.0.tgz. Extracting by manifest.
2954 silly tarball no local data for @jridgewell/resolve-uri@https://registry.npmjs.org/@jridgewell/resolve-uri/-/resolve-uri-3.1.2.tgz. Extracting by manifest.
2955 silly tarball no local data for @jridgewell/trace-mapping@https://registry.npmjs.org/@jridgewell/trace-mapping/-/trace-mapping-0.3.31.tgz. Extracting by manifest.
2956 silly tarball no local data for ts-interface-checker@https://registry.npmjs.org/ts-interface-checker/-/ts-interface-checker-0.1.13.tgz. Extracting by manifest.
2957 silly tarball no local data for @jridgewell/sourcemap-codec@https://registry.npmjs.org/@jridgewell/sourcemap-codec/-/sourcemap-codec-1.5.5.tgz. Extracting by manifest.
2958 silly tarball no local data for pirates@https://registry.npmjs.org/pirates/-/pirates-4.0.7.tgz. Extracting by manifest.
2959 silly tarball no local data for mz@https://registry.npmjs.org/mz/-/mz-2.7.0.tgz. Extracting by manifest.
2960 silly tarball no local data for lines-and-columns@https://registry.npmjs.org/lines-and-columns/-/lines-and-columns-1.2.4.tgz. Extracting by manifest.
2961 silly tarball no local data for commander@https://registry.npmjs.org/commander/-/commander-4.1.1.tgz. Extracting by manifest.
2962 silly tarball no local data for pify@https://registry.npmjs.org/pify/-/pify-2.3.0.tgz. Extracting by manifest.
2963 silly tarball no local data for util-deprecate@https://registry.npmjs.org/util-deprecate/-/util-deprecate-1.0.2.tgz. Extracting by manifest.
2964 silly tarball no local data for @jridgewell/gen-mapping@https://registry.npmjs.org/@jridgewell/gen-mapping/-/gen-mapping-0.3.13.tgz. Extracting by manifest.
2965 silly tarball no local data for camelcase-css@https://registry.npmjs.org/camelcase-css/-/camelcase-css-2.0.1.tgz. Extracting by manifest.
2966 silly tarball no local data for cssesc@https://registry.npmjs.org/cssesc/-/cssesc-3.0.0.tgz. Extracting by manifest.
2967 silly tarball no local data for read-cache@https://registry.npmjs.org/read-cache/-/read-cache-1.0.0.tgz. Extracting by manifest.
2968 silly tarball no local data for binary-extensions@https://registry.npmjs.org/binary-extensions/-/binary-extensions-2.3.0.tgz. Extracting by manifest.
2969 silly tarball no local data for to-regex-range@https://registry.npmjs.org/to-regex-range/-/to-regex-range-5.0.1.tgz. Extracting by manifest.
2970 silly tarball no local data for merge2@https://registry.npmjs.org/merge2/-/merge2-1.4.1.tgz. Extracting by manifest.
2971 silly tarball no local data for fill-range@https://registry.npmjs.org/fill-range/-/fill-range-7.1.1.tgz. Extracting by manifest.
2972 silly tarball no local data for picomatch@https://registry.npmjs.org/picomatch/-/picomatch-2.3.2.tgz. Extracting by manifest.
2973 silly tarball no local data for readdirp@https://registry.npmjs.org/readdirp/-/readdirp-3.6.0.tgz. Extracting by manifest.
2974 silly tarball no local data for is-binary-path@https://registry.npmjs.org/is-binary-path/-/is-binary-path-2.1.0.tgz. Extracting by manifest.
2975 silly tarball no local data for fsevents@https://registry.npmjs.org/fsevents/-/fsevents-2.3.3.tgz. Extracting by manifest.
2976 silly tarball no local data for braces@https://registry.npmjs.org/braces/-/braces-3.0.3.tgz. Extracting by manifest.
2977 silly tarball no local data for sucrase@https://registry.npmjs.org/sucrase/-/sucrase-3.35.1.tgz. Extracting by manifest.
2978 silly tarball no local data for anymatch@https://registry.npmjs.org/anymatch/-/anymatch-3.1.3.tgz. Extracting by manifest.
2979 silly tarball no local data for postcss-selector-parser@https://registry.npmjs.org/postcss-selector-parser/-/postcss-selector-parser-6.1.2.tgz. Extracting by manifest.
2980 silly tarball no local data for postcss-nested@https://registry.npmjs.org/postcss-nested/-/postcss-nested-6.2.0.tgz. Extracting by manifest.
2981 silly tarball no local data for postcss-load-config@https://registry.npmjs.org/postcss-load-config/-/postcss-load-config-6.0.1.tgz. Extracting by manifest.
2982 silly tarball no local data for postcss-import@https://registry.npmjs.org/postcss-import/-/postcss-import-15.1.0.tgz. Extracting by manifest.
2983 silly tarball no local data for postcss-js@https://registry.npmjs.org/postcss-js/-/postcss-js-4.1.0.tgz. Extracting by manifest.
2984 silly tarball no local data for object-hash@https://registry.npmjs.org/object-hash/-/object-hash-3.0.0.tgz. Extracting by manifest.
2985 silly tarball no local data for normalize-path@https://registry.npmjs.org/normalize-path/-/normalize-path-3.0.0.tgz. Extracting by manifest.
2986 silly tarball no local data for micromatch@https://registry.npmjs.org/micromatch/-/micromatch-4.0.8.tgz. Extracting by manifest.
2987 silly tarball no local data for lilconfig@https://registry.npmjs.org/lilconfig/-/lilconfig-3.1.3.tgz. Extracting by manifest.
2988 silly tarball no local data for jiti@https://registry.npmjs.org/jiti/-/jiti-1.21.7.tgz. Extracting by manifest.
2989 silly tarball no local data for fast-glob@https://registry.npmjs.org/fast-glob/-/fast-glob-3.3.3.tgz. Extracting by manifest.
2990 silly tarball no local data for didyoumean@https://registry.npmjs.org/didyoumean/-/didyoumean-1.2.2.tgz. Extracting by manifest.
2991 silly tarball no local data for chokidar@https://registry.npmjs.org/chokidar/-/chokidar-3.6.0.tgz. Extracting by manifest.
2992 silly tarball no local data for arg@https://registry.npmjs.org/arg/-/arg-5.0.2.tgz. Extracting by manifest.
2993 silly tarball no local data for dlv@https://registry.npmjs.org/dlv/-/dlv-1.1.3.tgz. Extracting by manifest.
2994 silly tarball no local data for has-flag@https://registry.npmjs.org/has-flag/-/has-flag-4.0.0.tgz. Extracting by manifest.
2995 silly tarball no local data for @alloc/quick-lru@https://registry.npmjs.org/@alloc/quick-lru/-/quick-lru-5.2.0.tgz. Extracting by manifest.
2996 silly tarball no local data for ansi-regex@https://registry.npmjs.org/ansi-regex/-/ansi-regex-5.0.1.tgz. Extracting by manifest.
2997 silly tarball no local data for client-only@https://registry.npmjs.org/client-only/-/client-only-0.0.1.tgz. Extracting by manifest.
2998 silly tarball no local data for is-fullwidth-code-point@https://registry.npmjs.org/is-fullwidth-code-point/-/is-fullwidth-code-point-3.0.0.tgz. Extracting by manifest.
2999 silly tarball no local data for eastasianwidth@https://registry.npmjs.org/eastasianwidth/-/eastasianwidth-0.2.0.tgz. Extracting by manifest.
3000 silly tarball no local data for side-channel-weakmap@https://registry.npmjs.org/side-channel-weakmap/-/side-channel-weakmap-1.0.2.tgz. Extracting by manifest.
3001 silly tarball no local data for side-channel-map@https://registry.npmjs.org/side-channel-map/-/side-channel-map-1.0.1.tgz. Extracting by manifest.
3002 silly tarball no local data for side-channel-list@https://registry.npmjs.org/side-channel-list/-/side-channel-list-1.0.1.tgz. Extracting by manifest.
3003 silly tarball no local data for shebang-regex@https://registry.npmjs.org/shebang-regex/-/shebang-regex-3.0.0.tgz. Extracting by manifest.
3004 silly tarball no local data for isarray@https://registry.npmjs.org/isarray/-/isarray-2.0.5.tgz. Extracting by manifest.
3005 silly tarball no local data for supports-preserve-symlinks-flag@https://registry.npmjs.org/supports-preserve-symlinks-flag/-/supports-preserve-symlinks-flag-1.0.0.tgz. Extracting by manifest.
3006 silly tarball no local data for path-parse@https://registry.npmjs.org/path-parse/-/path-parse-1.0.7.tgz. Extracting by manifest.
3007 silly tarball no local data for queue-microtask@https://registry.npmjs.org/queue-microtask/-/queue-microtask-1.2.3.tgz. Extracting by manifest.
3008 silly tarball no local data for node-exports-info@https://registry.npmjs.org/node-exports-info/-/node-exports-info-1.6.0.tgz. Extracting by manifest.
3009 silly tarball no local data for scheduler@https://registry.npmjs.org/scheduler/-/scheduler-0.23.2.tgz. Extracting by manifest.
3010 silly tarball no local data for react-is@https://registry.npmjs.org/react-is/-/react-is-16.13.1.tgz. Extracting by manifest.
3011 silly tarball no local data for js-tokens@https://registry.npmjs.org/js-tokens/-/js-tokens-4.0.0.tgz. Extracting by manifest.
3012 silly tarball no local data for object-assign@https://registry.npmjs.org/object-assign/-/object-assign-4.1.1.tgz. Extracting by manifest.
3013 silly tarball no local data for source-map-js@https://registry.npmjs.org/source-map-js/-/source-map-js-1.2.1.tgz. Extracting by manifest.
3014 silly tarball no local data for loose-envify@https://registry.npmjs.org/loose-envify/-/loose-envify-1.4.0.tgz. Extracting by manifest.
3015 silly tarball no local data for nanoid@https://registry.npmjs.org/nanoid/-/nanoid-3.3.12.tgz. Extracting by manifest.
3016 silly tarball no local data for lru-cache@https://registry.npmjs.org/lru-cache/-/lru-cache-10.4.3.tgz. Extracting by manifest.
3017 silly tarball no local data for callsites@https://registry.npmjs.org/callsites/-/callsites-3.1.0.tgz. Extracting by manifest.
3018 silly tarball no local data for yocto-queue@https://registry.npmjs.org/yocto-queue/-/yocto-queue-0.1.0.tgz. Extracting by manifest.
3019 silly tarball no local data for p-limit@https://registry.npmjs.org/p-limit/-/p-limit-3.1.0.tgz. Extracting by manifest.
3020 silly tarball no local data for word-wrap@https://registry.npmjs.org/word-wrap/-/word-wrap-1.2.5.tgz. Extracting by manifest.
3021 silly tarball no local data for fast-levenshtein@https://registry.npmjs.org/fast-levenshtein/-/fast-levenshtein-2.0.6.tgz. Extracting by manifest.
3022 silly tarball no local data for deep-is@https://registry.npmjs.org/deep-is/-/deep-is-0.1.4.tgz. Extracting by manifest.
3023 silly tarball no local data for @swc/counter@https://registry.npmjs.org/@swc/counter/-/counter-0.1.3.tgz. Extracting by manifest.
3024 silly tarball no local data for styled-jsx@https://registry.npmjs.org/styled-jsx/-/styled-jsx-5.1.1.tgz. Extracting by manifest.
3025 silly tarball no local data for streamsearch@https://registry.npmjs.org/streamsearch/-/streamsearch-1.1.0.tgz. Extracting by manifest.
3026 silly tarball no local data for graceful-fs@https://registry.npmjs.org/graceful-fs/-/graceful-fs-4.2.11.tgz. Extracting by manifest.
3027 silly tarball no local data for busboy@https://registry.npmjs.org/busboy/-/busboy-1.6.0.tgz. Extracting by manifest.
3028 silly tarball no local data for @swc/helpers@https://registry.npmjs.org/@swc/helpers/-/helpers-0.5.5.tgz. Extracting by manifest.
3029 silly tarball no local data for @next/env@https://registry.npmjs.org/@next/env/-/env-14.2.29.tgz. Extracting by manifest.
3030 silly tarball no local data for @next/swc-darwin-x64@https://registry.npmjs.org/@next/swc-darwin-x64/-/swc-darwin-x64-14.2.29.tgz. Extracting by manifest.
3031 silly tarball no local data for concat-map@https://registry.npmjs.org/concat-map/-/concat-map-0.0.1.tgz. Extracting by manifest.
3032 silly tarball no local data for balanced-match@https://registry.npmjs.org/balanced-match/-/balanced-match-1.0.2.tgz. Extracting by manifest.
3033 silly tarball no local data for brace-expansion@https://registry.npmjs.org/brace-expansion/-/brace-expansion-1.1.14.tgz. Extracting by manifest.
3034 silly tarball no local data for p-locate@https://registry.npmjs.org/p-locate/-/p-locate-5.0.0.tgz. Extracting by manifest.
3035 silly tarball no local data for type-check@https://registry.npmjs.org/type-check/-/type-check-0.4.0.tgz. Extracting by manifest.
3036 silly tarball no local data for language-subtag-registry@https://registry.npmjs.org/language-subtag-registry/-/language-subtag-registry-0.3.23.tgz. Extracting by manifest.
3037 silly tarball no local data for json-buffer@https://registry.npmjs.org/json-buffer/-/json-buffer-3.0.1.tgz. Extracting by manifest.
3038 silly tarball no local data for argparse@https://registry.npmjs.org/argparse/-/argparse-2.0.1.tgz. Extracting by manifest.
3039 silly tarball no local data for prelude-ls@https://registry.npmjs.org/prelude-ls/-/prelude-ls-1.2.1.tgz. Extracting by manifest.
3040 silly tarball no local data for wrap-ansi-cjs@https://registry.npmjs.org/wrap-ansi/-/wrap-ansi-7.0.0.tgz. Extracting by manifest.
3041 silly tarball no local data for wrap-ansi@https://registry.npmjs.org/wrap-ansi/-/wrap-ansi-8.1.0.tgz. Extracting by manifest.
3042 silly tarball no local data for strip-ansi-cjs@https://registry.npmjs.org/strip-ansi/-/strip-ansi-6.0.1.tgz. Extracting by manifest.
3043 silly tarball no local data for string-width-cjs@https://registry.npmjs.org/string-width/-/string-width-4.2.3.tgz. Extracting by manifest.
3044 silly tarball no local data for string-width@https://registry.npmjs.org/string-width/-/string-width-5.1.2.tgz. Extracting by manifest.
3045 silly tarball no local data for @pkgjs/parseargs@https://registry.npmjs.org/@pkgjs/parseargs/-/parseargs-0.11.0.tgz. Extracting by manifest.
3046 silly tarball no local data for is-extglob@https://registry.npmjs.org/is-extglob/-/is-extglob-2.1.1.tgz. Extracting by manifest.
3047 silly tarball no local data for set-function-name@https://registry.npmjs.org/set-function-name/-/set-function-name-2.0.2.tgz. Extracting by manifest.
3048 silly tarball no local data for side-channel@https://registry.npmjs.org/side-channel/-/side-channel-1.1.0.tgz. Extracting by manifest.
3049 silly tarball no local data for @isaacs/cliui@https://registry.npmjs.org/@isaacs/cliui/-/cliui-8.0.2.tgz. Extracting by manifest.
3050 silly tarball no local data for parent-module@https://registry.npmjs.org/parent-module/-/parent-module-1.0.1.tgz. Extracting by manifest.
3051 silly tarball no local data for resolve-from@https://registry.npmjs.org/resolve-from/-/resolve-from-4.0.0.tgz. Extracting by manifest.
3052 silly tarball no local data for signal-exit@https://registry.npmjs.org/signal-exit/-/signal-exit-4.1.0.tgz. Extracting by manifest.
3053 silly tarball no local data for type-fest@https://registry.npmjs.org/type-fest/-/type-fest-0.20.2.tgz. Extracting by manifest.
3054 silly tarball no local data for path-scurry@https://registry.npmjs.org/path-scurry/-/path-scurry-1.11.1.tgz. Extracting by manifest.
3055 silly tarball no local data for jackspeak@https://registry.npmjs.org/jackspeak/-/jackspeak-2.3.6.tgz. Extracting by manifest.
3056 silly tarball no local data for foreground-child@https://registry.npmjs.org/foreground-child/-/foreground-child-3.3.1.tgz. Extracting by manifest.
3057 silly tarball no local data for minipass@https://registry.npmjs.org/minipass/-/minipass-7.1.3.tgz. Extracting by manifest.
3058 silly tarball no local data for resolve-pkg-maps@https://registry.npmjs.org/resolve-pkg-maps/-/resolve-pkg-maps-1.0.0.tgz. Extracting by manifest.
3059 silly tarball no local data for dunder-proto@https://registry.npmjs.org/dunder-proto/-/dunder-proto-1.0.1.tgz. Extracting by manifest.
3060 silly tarball no local data for functions-have-names@https://registry.npmjs.org/functions-have-names/-/functions-have-names-1.2.3.tgz. Extracting by manifest.
3061 silly tarball no local data for rimraf@https://registry.npmjs.org/rimraf/-/rimraf-3.0.2.tgz. Extracting by manifest.
3062 silly tarball no local data for keyv@https://registry.npmjs.org/keyv/-/keyv-4.5.4.tgz. Extracting by manifest.
3063 silly tarball no local data for async@https://registry.npmjs.org/async/-/async-0.2.10.tgz. Extracting by manifest.
3064 silly tarball no local data for flatted@https://registry.npmjs.org/flatted/-/flatted-3.4.2.tgz. Extracting by manifest.
3065 silly tarball no local data for path-exists@https://registry.npmjs.org/path-exists/-/path-exists-4.0.0.tgz. Extracting by manifest.
3066 silly tarball no local data for locate-path@https://registry.npmjs.org/locate-path/-/locate-path-6.0.0.tgz. Extracting by manifest.
3067 silly tarball no local data for flat-cache@https://registry.npmjs.org/flat-cache/-/flat-cache-3.2.0.tgz. Extracting by manifest.
3068 silly tarball no local data for reusify@https://registry.npmjs.org/reusify/-/reusify-1.1.0.tgz. Extracting by manifest.
3069 silly tarball no local data for acorn@https://registry.npmjs.org/acorn/-/acorn-8.16.0.tgz. Extracting by manifest.
3070 silly tarball no local data for esrecurse@https://registry.npmjs.org/esrecurse/-/esrecurse-4.3.0.tgz. Extracting by manifest.
3071 silly tarball no local data for acorn-jsx@https://registry.npmjs.org/acorn-jsx/-/acorn-jsx-5.3.2.tgz. Extracting by manifest.
3072 silly tarball no local data for string.prototype.repeat@https://registry.npmjs.org/string.prototype.repeat/-/string.prototype.repeat-1.0.0.tgz. Extracting by manifest.
3073 silly tarball no local data for string.prototype.matchall@https://registry.npmjs.org/string.prototype.matchall/-/string.prototype.matchall-4.0.12.tgz. Extracting by manifest.
3074 silly tarball no local data for prop-types@https://registry.npmjs.org/prop-types/-/prop-types-15.8.1.tgz. Extracting by manifest.
3075 silly tarball no local data for object.entries@https://registry.npmjs.org/object.entries/-/object.entries-1.1.9.tgz. Extracting by manifest.
3076 silly tarball no local data for estraverse@https://registry.npmjs.org/estraverse/-/estraverse-5.3.0.tgz. Extracting by manifest.
3077 silly tarball no local data for iterator.prototype@https://registry.npmjs.org/iterator.prototype/-/iterator.prototype-1.1.5.tgz. Extracting by manifest.
3078 silly tarball no local data for array.prototype.tosorted@https://registry.npmjs.org/array.prototype.tosorted/-/array.prototype.tosorted-1.1.4.tgz. Extracting by manifest.
3079 silly tarball no local data for es-iterator-helpers@https://registry.npmjs.org/es-iterator-helpers/-/es-iterator-helpers-1.3.2.tgz. Extracting by manifest.
3080 silly tarball no local data for array.prototype.findlast@https://registry.npmjs.org/array.prototype.findlast/-/array.prototype.findlast-1.2.5.tgz. Extracting by manifest.
3081 silly tarball no local data for string.prototype.includes@https://registry.npmjs.org/string.prototype.includes/-/string.prototype.includes-2.0.1.tgz. Extracting by manifest.
3082 silly tarball no local data for jsx-ast-utils@https://registry.npmjs.org/jsx-ast-utils/-/jsx-ast-utils-3.3.5.tgz. Extracting by manifest.
3083 silly tarball no local data for emoji-regex@https://registry.npmjs.org/emoji-regex/-/emoji-regex-9.2.2.tgz. Extracting by manifest.
3084 silly tarball no local data for language-tags@https://registry.npmjs.org/language-tags/-/language-tags-1.0.9.tgz. Extracting by manifest.
3085 silly tarball no local data for damerau-levenshtein@https://registry.npmjs.org/damerau-levenshtein/-/damerau-levenshtein-1.0.8.tgz. Extracting by manifest.
3086 silly tarball no local data for axe-core@https://registry.npmjs.org/axe-core/-/axe-core-4.11.4.tgz. Extracting by manifest.
3087 silly tarball no local data for axobject-query@https://registry.npmjs.org/axobject-query/-/axobject-query-4.1.0.tgz. Extracting by manifest.
3088 silly tarball no local data for ast-types-flow@https://registry.npmjs.org/ast-types-flow/-/ast-types-flow-0.0.8.tgz. Extracting by manifest.
3089 silly tarball no local data for aria-query@https://registry.npmjs.org/aria-query/-/aria-query-5.3.2.tgz. Extracting by manifest.
3090 silly tarball no local data for is-symbol@https://registry.npmjs.org/is-symbol/-/is-symbol-1.1.1.tgz. Extracting by manifest.
3091 silly tarball no local data for is-date-object@https://registry.npmjs.org/is-date-object/-/is-date-object-1.1.0.tgz. Extracting by manifest.
3092 silly tarball no local data for has-tostringtag@https://registry.npmjs.org/has-tostringtag/-/has-tostringtag-1.0.2.tgz. Extracting by manifest.
3093 silly tarball no local data for possible-typed-array-names@https://registry.npmjs.org/possible-typed-array-names/-/possible-typed-array-names-1.1.0.tgz. Extracting by manifest.
3094 silly tarball no local data for which-typed-array@https://registry.npmjs.org/which-typed-array/-/which-typed-array-1.1.20.tgz. Extracting by manifest.
3095 silly tarball no local data for unbox-primitive@https://registry.npmjs.org/unbox-primitive/-/unbox-primitive-1.1.0.tgz. Extracting by manifest.
3096 silly tarball no local data for typed-array-length@https://registry.npmjs.org/typed-array-length/-/typed-array-length-1.0.7.tgz. Extracting by manifest.
3097 silly tarball no local data for typed-array-byte-offset@https://registry.npmjs.org/typed-array-byte-offset/-/typed-array-byte-offset-1.0.4.tgz. Extracting by manifest.
3098 silly tarball no local data for typed-array-byte-length@https://registry.npmjs.org/typed-array-byte-length/-/typed-array-byte-length-1.0.3.tgz. Extracting by manifest.
3099 silly tarball no local data for typed-array-buffer@https://registry.npmjs.org/typed-array-buffer/-/typed-array-buffer-1.0.3.tgz. Extracting by manifest.
3100 silly tarball no local data for string.prototype.trimstart@https://registry.npmjs.org/string.prototype.trimstart/-/string.prototype.trimstart-1.0.8.tgz. Extracting by manifest.
3101 silly tarball no local data for string.prototype.trim@https://registry.npmjs.org/string.prototype.trim/-/string.prototype.trim-1.2.10.tgz. Extracting by manifest.
3102 silly tarball no local data for safe-push-apply@https://registry.npmjs.org/safe-push-apply/-/safe-push-apply-1.0.0.tgz. Extracting by manifest.
3103 silly tarball no local data for safe-regex-test@https://registry.npmjs.org/safe-regex-test/-/safe-regex-test-1.1.0.tgz. Extracting by manifest.
3104 silly tarball no local data for set-proto@https://registry.npmjs.org/set-proto/-/set-proto-1.0.0.tgz. Extracting by manifest.
3105 silly tarball no local data for stop-iteration-iterator@https://registry.npmjs.org/stop-iteration-iterator/-/stop-iteration-iterator-1.1.0.tgz. Extracting by manifest.
3106 silly tarball no local data for safe-array-concat@https://registry.npmjs.org/safe-array-concat/-/safe-array-concat-1.1.4.tgz. Extracting by manifest.
3107 silly tarball no local data for own-keys@https://registry.npmjs.org/own-keys/-/own-keys-1.0.1.tgz. Extracting by manifest.
3108 silly tarball no local data for regexp.prototype.flags@https://registry.npmjs.org/regexp.prototype.flags/-/regexp.prototype.flags-1.5.4.tgz. Extracting by manifest.
3109 silly tarball no local data for object-inspect@https://registry.npmjs.org/object-inspect/-/object-inspect-1.13.4.tgz. Extracting by manifest.
3110 silly tarball no local data for object.assign@https://registry.npmjs.org/object.assign/-/object.assign-4.1.7.tgz. Extracting by manifest.
3111 silly tarball no local data for is-typed-array@https://registry.npmjs.org/is-typed-array/-/is-typed-array-1.1.15.tgz. Extracting by manifest.
3112 silly tarball no local data for is-shared-array-buffer@https://registry.npmjs.org/is-shared-array-buffer/-/is-shared-array-buffer-1.0.4.tgz. Extracting by manifest.
3113 silly tarball no local data for is-set@https://registry.npmjs.org/is-set/-/is-set-2.0.3.tgz. Extracting by manifest.
3114 silly tarball no local data for is-weakref@https://registry.npmjs.org/is-weakref/-/is-weakref-1.1.1.tgz. Extracting by manifest.
3115 silly tarball no local data for is-regex@https://registry.npmjs.org/is-regex/-/is-regex-1.2.1.tgz. Extracting by manifest.
3116 silly tarball no local data for is-data-view@https://registry.npmjs.org/is-data-view/-/is-data-view-1.0.2.tgz. Extracting by manifest.
3117 silly tarball no local data for is-callable@https://registry.npmjs.org/is-callable/-/is-callable-1.2.7.tgz. Extracting by manifest.
3118 silly tarball no local data for is-negative-zero@https://registry.npmjs.org/is-negative-zero/-/is-negative-zero-2.0.3.tgz. Extracting by manifest.
3119 silly tarball no local data for is-array-buffer@https://registry.npmjs.org/is-array-buffer/-/is-array-buffer-3.0.5.tgz. Extracting by manifest.
3120 silly tarball no local data for internal-slot@https://registry.npmjs.org/internal-slot/-/internal-slot-1.1.0.tgz. Extracting by manifest.
3121 silly tarball no local data for has-symbols@https://registry.npmjs.org/has-symbols/-/has-symbols-1.1.0.tgz. Extracting by manifest.
3122 silly tarball no local data for has-proto@https://registry.npmjs.org/has-proto/-/has-proto-1.2.0.tgz. Extracting by manifest.
3123 silly tarball no local data for globalthis@https://registry.npmjs.org/globalthis/-/globalthis-1.0.4.tgz. Extracting by manifest.
3124 silly tarball no local data for get-symbol-description@https://registry.npmjs.org/get-symbol-description/-/get-symbol-description-1.1.0.tgz. Extracting by manifest.
3125 silly tarball no local data for es-to-primitive@https://registry.npmjs.org/es-to-primitive/-/es-to-primitive-1.3.0.tgz. Extracting by manifest.
3126 silly tarball no local data for get-proto@https://registry.npmjs.org/get-proto/-/get-proto-1.0.1.tgz. Extracting by manifest.
3127 silly tarball no local data for function.prototype.name@https://registry.npmjs.org/function.prototype.name/-/function.prototype.name-1.1.8.tgz. Extracting by manifest.
3128 silly tarball no local data for data-view-byte-offset@https://registry.npmjs.org/data-view-byte-offset/-/data-view-byte-offset-1.0.1.tgz. Extracting by manifest.
3129 silly tarball no local data for es-set-tostringtag@https://registry.npmjs.org/es-set-tostringtag/-/es-set-tostringtag-2.1.0.tgz. Extracting by manifest.
3130 silly tarball no local data for data-view-byte-length@https://registry.npmjs.org/data-view-byte-length/-/data-view-byte-length-1.0.2.tgz. Extracting by manifest.
3131 silly tarball no local data for data-view-buffer@https://registry.npmjs.org/data-view-buffer/-/data-view-buffer-1.0.2.tgz. Extracting by manifest.
3132 silly tarball no local data for available-typed-arrays@https://registry.npmjs.org/available-typed-arrays/-/available-typed-arrays-1.0.7.tgz. Extracting by manifest.
3133 silly tarball no local data for arraybuffer.prototype.slice@https://registry.npmjs.org/arraybuffer.prototype.slice/-/arraybuffer.prototype.slice-1.0.4.tgz. Extracting by manifest.
3134 silly tarball no local data for array-buffer-byte-length@https://registry.npmjs.org/array-buffer-byte-length/-/array-buffer-byte-length-1.0.2.tgz. Extracting by manifest.
3135 silly tarball no local data for gopd@https://registry.npmjs.org/gopd/-/gopd-1.2.0.tgz. Extracting by manifest.
3136 silly tarball no local data for object-keys@https://registry.npmjs.org/object-keys/-/object-keys-1.1.1.tgz. Extracting by manifest.
3137 silly tarball no local data for has-property-descriptors@https://registry.npmjs.org/has-property-descriptors/-/has-property-descriptors-1.0.2.tgz. Extracting by manifest.
3138 silly tarball no local data for define-data-property@https://registry.npmjs.org/define-data-property/-/define-data-property-1.1.4.tgz. Extracting by manifest.
3139 silly tarball no local data for function-bind@https://registry.npmjs.org/function-bind/-/function-bind-1.1.2.tgz. Extracting by manifest.
3140 silly tarball no local data for set-function-length@https://registry.npmjs.org/set-function-length/-/set-function-length-1.2.2.tgz. Extracting by manifest.
3141 silly tarball no local data for es-define-property@https://registry.npmjs.org/es-define-property/-/es-define-property-1.0.1.tgz. Extracting by manifest.
3142 silly tarball no local data for call-bind-apply-helpers@https://registry.npmjs.org/call-bind-apply-helpers/-/call-bind-apply-helpers-1.0.2.tgz. Extracting by manifest.
3143 silly tarball no local data for es-shim-unscopables@https://registry.npmjs.org/es-shim-unscopables/-/es-shim-unscopables-1.1.0.tgz. Extracting by manifest.
3144 silly tarball no local data for es-errors@https://registry.npmjs.org/es-errors/-/es-errors-1.3.0.tgz. Extracting by manifest.
3145 silly tarball no local data for math-intrinsics@https://registry.npmjs.org/math-intrinsics/-/math-intrinsics-1.1.0.tgz. Extracting by manifest.
3146 silly tarball no local data for es-object-atoms@https://registry.npmjs.org/es-object-atoms/-/es-object-atoms-1.1.1.tgz. Extracting by manifest.
3147 silly tarball no local data for is-string@https://registry.npmjs.org/is-string/-/is-string-1.1.1.tgz. Extracting by manifest.
3148 silly tarball no local data for es-abstract@https://registry.npmjs.org/es-abstract/-/es-abstract-1.24.2.tgz. Extracting by manifest.
3149 silly tarball no local data for define-properties@https://registry.npmjs.org/define-properties/-/define-properties-1.2.1.tgz. Extracting by manifest.
3150 silly tarball no local data for call-bound@https://registry.npmjs.org/call-bound/-/call-bound-1.0.4.tgz. Extracting by manifest.
3151 silly tarball no local data for call-bind@https://registry.npmjs.org/call-bind/-/call-bind-1.0.9.tgz. Extracting by manifest.
3152 silly tarball no local data for tsconfig-paths@https://registry.npmjs.org/tsconfig-paths/-/tsconfig-paths-3.15.0.tgz. Extracting by manifest.
3153 silly tarball no local data for string.prototype.trimend@https://registry.npmjs.org/string.prototype.trimend/-/string.prototype.trimend-1.0.9.tgz. Extracting by manifest.
3154 silly tarball no local data for object.values@https://registry.npmjs.org/object.values/-/object.values-1.2.1.tgz. Extracting by manifest.
3155 silly tarball no local data for object.groupby@https://registry.npmjs.org/object.groupby/-/object.groupby-1.0.3.tgz. Extracting by manifest.
3156 silly tarball no local data for object.fromentries@https://registry.npmjs.org/object.fromentries/-/object.fromentries-2.0.8.tgz. Extracting by manifest.
3157 silly tarball no local data for hasown@https://registry.npmjs.org/hasown/-/hasown-2.0.3.tgz. Extracting by manifest.
3158 silly tarball no local data for eslint-module-utils@https://registry.npmjs.org/eslint-module-utils/-/eslint-module-utils-2.12.1.tgz. Extracting by manifest.
3159 silly tarball no local data for array.prototype.flatmap@https://registry.npmjs.org/array.prototype.flatmap/-/array.prototype.flatmap-1.3.3.tgz. Extracting by manifest.
3160 silly tarball no local data for array.prototype.flat@https://registry.npmjs.org/array.prototype.flat/-/array.prototype.flat-1.3.3.tgz. Extracting by manifest.
3161 silly tarball no local data for array.prototype.findlastindex@https://registry.npmjs.org/array.prototype.findlastindex/-/array.prototype.findlastindex-1.2.6.tgz. Extracting by manifest.
3162 silly tarball no local data for array-includes@https://registry.npmjs.org/array-includes/-/array-includes-3.1.9.tgz. Extracting by manifest.
3163 silly tarball no local data for @rtsao/scc@https://registry.npmjs.org/@rtsao/scc/-/scc-1.1.0.tgz. Extracting by manifest.
3164 silly tarball no local data for unrs-resolver@https://registry.npmjs.org/unrs-resolver/-/unrs-resolver-1.11.1.tgz. Extracting by manifest.
3165 silly tarball no local data for stable-hash@https://registry.npmjs.org/stable-hash/-/stable-hash-0.0.5.tgz. Extracting by manifest.
3166 silly tarball no local data for get-intrinsic@https://registry.npmjs.org/get-intrinsic/-/get-intrinsic-1.3.0.tgz. Extracting by manifest.
3167 silly tarball no local data for is-bun-module@https://registry.npmjs.org/is-bun-module/-/is-bun-module-2.0.0.tgz. Extracting by manifest.
3168 silly tarball no local data for get-tsconfig@https://registry.npmjs.org/get-tsconfig/-/get-tsconfig-4.14.0.tgz. Extracting by manifest.
3169 silly tarball no local data for @nolyfill/is-core-module@https://registry.npmjs.org/@nolyfill/is-core-module/-/is-core-module-1.0.39.tgz. Extracting by manifest.
3170 silly tarball no local data for is-core-module@https://registry.npmjs.org/is-core-module/-/is-core-module-2.16.2.tgz. Extracting by manifest.
3171 silly tarball no local data for tinyglobby@https://registry.npmjs.org/tinyglobby/-/tinyglobby-0.2.16.tgz. Extracting by manifest.
3172 silly tarball no local data for semver@https://registry.npmjs.org/semver/-/semver-7.7.4.tgz. Extracting by manifest.
3173 silly tarball no local data for @typescript-eslint/tsconfig-utils@https://registry.npmjs.org/@typescript-eslint/tsconfig-utils/-/tsconfig-utils-8.59.2.tgz. Extracting by manifest.
3174 silly tarball no local data for @typescript-eslint/project-service@https://registry.npmjs.org/@typescript-eslint/project-service/-/project-service-8.59.2.tgz. Extracting by manifest.
3175 silly tarball no local data for resolve@https://registry.npmjs.org/resolve/-/resolve-2.0.0-next.6.tgz. Extracting by manifest.
3176 silly tarball no local data for @typescript-eslint/typescript-estree@https://registry.npmjs.org/@typescript-eslint/typescript-estree/-/typescript-estree-8.59.2.tgz. Extracting by manifest.
3177 silly tarball no local data for @typescript-eslint/types@https://registry.npmjs.org/@typescript-eslint/types/-/types-8.59.2.tgz. Extracting by manifest.
3178 silly tarball no local data for ts-api-utils@https://registry.npmjs.org/ts-api-utils/-/ts-api-utils-2.5.0.tgz. Extracting by manifest.
3179 silly tarball no local data for @typescript-eslint/utils@https://registry.npmjs.org/@typescript-eslint/utils/-/utils-8.59.2.tgz. Extracting by manifest.
3180 silly tarball no local data for @typescript-eslint/visitor-keys@https://registry.npmjs.org/@typescript-eslint/visitor-keys/-/visitor-keys-8.59.2.tgz. Extracting by manifest.
3181 silly tarball no local data for @typescript-eslint/scope-manager@https://registry.npmjs.org/@typescript-eslint/scope-manager/-/scope-manager-8.59.2.tgz. Extracting by manifest.
3182 silly tarball no local data for glob@https://registry.npmjs.org/glob/-/glob-10.3.10.tgz. Extracting by manifest.
3183 silly tarball no local data for eslint-plugin-react-hooks@https://registry.npmjs.org/eslint-plugin-react-hooks/-/eslint-plugin-react-hooks-5.0.0-canary-7118f5dd7-20230705.tgz. Extracting by manifest.
3184 silly tarball no local data for @typescript-eslint/type-utils@https://registry.npmjs.org/@typescript-eslint/type-utils/-/type-utils-8.59.2.tgz. Extracting by manifest.
3185 silly tarball no local data for eslint-plugin-react@https://registry.npmjs.org/eslint-plugin-react/-/eslint-plugin-react-7.37.5.tgz. Extracting by manifest.
3186 silly tarball no local data for eslint-plugin-jsx-a11y@https://registry.npmjs.org/eslint-plugin-jsx-a11y/-/eslint-plugin-jsx-a11y-6.10.2.tgz. Extracting by manifest.
3187 silly tarball no local data for eslint-plugin-import@https://registry.npmjs.org/eslint-plugin-import/-/eslint-plugin-import-2.32.0.tgz. Extracting by manifest.
3188 silly tarball no local data for eslint-import-resolver-node@https://registry.npmjs.org/eslint-import-resolver-node/-/eslint-import-resolver-node-0.3.10.tgz. Extracting by manifest.
3189 silly tarball no local data for eslint-import-resolver-typescript@https://registry.npmjs.org/eslint-import-resolver-typescript/-/eslint-import-resolver-typescript-3.10.1.tgz. Extracting by manifest.
3190 silly tarball no local data for @typescript-eslint/parser@https://registry.npmjs.org/@typescript-eslint/parser/-/parser-8.59.2.tgz. Extracting by manifest.
3191 silly tarball no local data for @typescript-eslint/eslint-plugin@https://registry.npmjs.org/@typescript-eslint/eslint-plugin/-/eslint-plugin-8.59.2.tgz. Extracting by manifest.
3192 silly tarball no local data for @rushstack/eslint-patch@https://registry.npmjs.org/@rushstack/eslint-patch/-/eslint-patch-1.16.1.tgz. Extracting by manifest.
3193 silly tarball no local data for @next/eslint-plugin-next@https://registry.npmjs.org/@next/eslint-plugin-next/-/eslint-plugin-next-14.2.29.tgz. Extracting by manifest.
3194 silly tarball no local data for ms@https://registry.npmjs.org/ms/-/ms-2.1.3.tgz. Extracting by manifest.
3195 silly tarball no local data for which@https://registry.npmjs.org/which/-/which-2.0.2.tgz. Extracting by manifest.
3196 silly tarball no local data for shebang-command@https://registry.npmjs.org/shebang-command/-/shebang-command-2.0.0.tgz. Extracting by manifest.
3197 silly tarball no local data for path-key@https://registry.npmjs.org/path-key/-/path-key-3.1.1.tgz. Extracting by manifest.
3198 silly tarball no local data for color-name@https://registry.npmjs.org/color-name/-/color-name-1.1.4.tgz. Extracting by manifest.
3199 silly tarball no local data for color-convert@https://registry.npmjs.org/color-convert/-/color-convert-2.0.1.tgz. Extracting by manifest.
3200 silly tarball no local data for supports-color@https://registry.npmjs.org/supports-color/-/supports-color-7.2.0.tgz. Extracting by manifest.
3201 silly tarball no local data for ansi-styles@https://registry.npmjs.org/ansi-styles/-/ansi-styles-4.3.0.tgz. Extracting by manifest.
3202 silly tarball no local data for uri-js@https://registry.npmjs.org/uri-js/-/uri-js-4.4.1.tgz. Extracting by manifest.
3203 silly tarball no local data for json-schema-traverse@https://registry.npmjs.org/json-schema-traverse/-/json-schema-traverse-0.4.1.tgz. Extracting by manifest.
3204 silly tarball no local data for fast-json-stable-stringify@https://registry.npmjs.org/fast-json-stable-stringify/-/fast-json-stable-stringify-2.1.0.tgz. Extracting by manifest.
3205 silly tarball no local data for run-parallel@https://registry.npmjs.org/run-parallel/-/run-parallel-1.2.0.tgz. Extracting by manifest.
3206 silly tarball no local data for fastq@https://registry.npmjs.org/fastq/-/fastq-1.20.1.tgz. Extracting by manifest.
3207 silly tarball no local data for @nodelib/fs.stat@https://registry.npmjs.org/@nodelib/fs.stat/-/fs.stat-2.0.5.tgz. Extracting by manifest.
3208 silly tarball no local data for @nodelib/fs.scandir@https://registry.npmjs.org/@nodelib/fs.scandir/-/fs.scandir-2.1.5.tgz. Extracting by manifest.
3209 silly tarball no local data for @humanwhocodes/object-schema@https://registry.npmjs.org/@humanwhocodes/object-schema/-/object-schema-2.0.3.tgz. Extracting by manifest.
3210 silly tarball no local data for import-fresh@https://registry.npmjs.org/import-fresh/-/import-fresh-3.3.1.tgz. Extracting by manifest.
3211 silly tarball no local data for strip-json-comments@https://registry.npmjs.org/strip-json-comments/-/strip-json-comments-3.1.1.tgz. Extracting by manifest.
3212 silly tarball no local data for text-table@https://registry.npmjs.org/text-table/-/text-table-0.2.0.tgz. Extracting by manifest.
3213 silly tarball no local data for strip-ansi@https://registry.npmjs.org/strip-ansi/-/strip-ansi-6.0.1.tgz. Extracting by manifest.
3214 silly tarball no local data for optionator@https://registry.npmjs.org/optionator/-/optionator-0.9.4.tgz. Extracting by manifest.
3215 silly tarball no local data for natural-compare@https://registry.npmjs.org/natural-compare/-/natural-compare-1.4.0.tgz. Extracting by manifest.
3216 silly tarball no local data for lodash.merge@https://registry.npmjs.org/lodash.merge/-/lodash.merge-4.6.2.tgz. Extracting by manifest.
3217 silly tarball no local data for minimatch@https://registry.npmjs.org/minimatch/-/minimatch-3.1.5.tgz. Extracting by manifest.
3218 silly tarball no local data for levn@https://registry.npmjs.org/levn/-/levn-0.4.1.tgz. Extracting by manifest.
3219 silly tarball no local data for json-stable-stringify-without-jsonify@https://registry.npmjs.org/json-stable-stringify-without-jsonify/-/json-stable-stringify-without-jsonify-1.0.1.tgz. Extracting by manifest.
3220 silly tarball no local data for js-yaml@https://registry.npmjs.org/js-yaml/-/js-yaml-4.1.1.tgz. Extracting by manifest.
3221 silly tarball no local data for is-path-inside@https://registry.npmjs.org/is-path-inside/-/is-path-inside-3.0.3.tgz. Extracting by manifest.
3222 silly tarball no local data for is-glob@https://registry.npmjs.org/is-glob/-/is-glob-4.0.3.tgz. Extracting by manifest.
3223 silly tarball no local data for imurmurhash@https://registry.npmjs.org/imurmurhash/-/imurmurhash-0.1.4.tgz. Extracting by manifest.
3224 silly tarball no local data for ignore@https://registry.npmjs.org/ignore/-/ignore-5.3.2.tgz. Extracting by manifest.
3225 silly tarball no local data for graphemer@https://registry.npmjs.org/graphemer/-/graphemer-1.4.0.tgz. Extracting by manifest.
3226 silly tarball no local data for glob-parent@https://registry.npmjs.org/glob-parent/-/glob-parent-6.0.2.tgz. Extracting by manifest.
3227 silly tarball no local data for globals@https://registry.npmjs.org/globals/-/globals-13.24.0.tgz. Extracting by manifest.
3228 silly tarball no local data for find-up@https://registry.npmjs.org/find-up/-/find-up-5.0.0.tgz. Extracting by manifest.
3229 silly tarball no local data for file-entry-cache@https://registry.npmjs.org/file-entry-cache/-/file-entry-cache-6.0.1.tgz. Extracting by manifest.
3230 silly tarball no local data for fast-deep-equal@https://registry.npmjs.org/fast-deep-equal/-/fast-deep-equal-3.1.3.tgz. Extracting by manifest.
3231 silly tarball no local data for esutils@https://registry.npmjs.org/esutils/-/esutils-2.0.3.tgz. Extracting by manifest.
3232 silly tarball no local data for esquery@https://registry.npmjs.org/esquery/-/esquery-1.7.0.tgz. Extracting by manifest.
3233 silly tarball no local data for espree@https://registry.npmjs.org/espree/-/espree-9.6.1.tgz. Extracting by manifest.
3234 silly tarball no local data for eslint-visitor-keys@https://registry.npmjs.org/eslint-visitor-keys/-/eslint-visitor-keys-3.4.3.tgz. Extracting by manifest.
3235 silly tarball no local data for escape-string-regexp@https://registry.npmjs.org/escape-string-regexp/-/escape-string-regexp-4.0.0.tgz. Extracting by manifest.
3236 silly tarball no local data for eslint-scope@https://registry.npmjs.org/eslint-scope/-/eslint-scope-7.2.2.tgz. Extracting by manifest.
3237 silly tarball no local data for doctrine@https://registry.npmjs.org/doctrine/-/doctrine-3.0.0.tgz. Extracting by manifest.
3238 silly tarball no local data for debug@https://registry.npmjs.org/debug/-/debug-4.4.3.tgz. Extracting by manifest.
3239 silly tarball no local data for cross-spawn@https://registry.npmjs.org/cross-spawn/-/cross-spawn-7.0.6.tgz. Extracting by manifest.
3240 silly tarball no local data for chalk@https://registry.npmjs.org/chalk/-/chalk-4.1.2.tgz. Extracting by manifest.
3241 silly tarball no local data for ajv@https://registry.npmjs.org/ajv/-/ajv-6.15.0.tgz. Extracting by manifest.
3242 silly tarball no local data for @ungap/structured-clone@https://registry.npmjs.org/@ungap/structured-clone/-/structured-clone-1.3.1.tgz. Extracting by manifest.
3243 silly tarball no local data for @nodelib/fs.walk@https://registry.npmjs.org/@nodelib/fs.walk/-/fs.walk-1.2.8.tgz. Extracting by manifest.
3244 silly tarball no local data for @humanwhocodes/module-importer@https://registry.npmjs.org/@humanwhocodes/module-importer/-/module-importer-1.0.1.tgz. Extracting by manifest.
3245 silly tarball no local data for @eslint/js@https://registry.npmjs.org/@eslint/js/-/js-8.57.1.tgz. Extracting by manifest.
3246 silly tarball no local data for @humanwhocodes/config-array@https://registry.npmjs.org/@humanwhocodes/config-array/-/config-array-0.13.0.tgz. Extracting by manifest.
3247 silly tarball no local data for @eslint/eslintrc@https://registry.npmjs.org/@eslint/eslintrc/-/eslintrc-2.1.4.tgz. Extracting by manifest.
3248 silly tarball no local data for @eslint-community/regexpp@https://registry.npmjs.org/@eslint-community/regexpp/-/regexpp-4.12.2.tgz. Extracting by manifest.
3249 silly tarball no local data for update-browserslist-db@https://registry.npmjs.org/update-browserslist-db/-/update-browserslist-db-1.2.3.tgz. Extracting by manifest.
3250 silly tarball no local data for @eslint-community/eslint-utils@https://registry.npmjs.org/@eslint-community/eslint-utils/-/eslint-utils-4.9.1.tgz. Extracting by manifest.
3251 silly tarball no local data for node-releases@https://registry.npmjs.org/node-releases/-/node-releases-2.0.38.tgz. Extracting by manifest.
3252 silly tarball no local data for electron-to-chromium@https://registry.npmjs.org/electron-to-chromium/-/electron-to-chromium-1.5.352.tgz. Extracting by manifest.
3253 silly tarball no local data for baseline-browser-mapping@https://registry.npmjs.org/baseline-browser-mapping/-/baseline-browser-mapping-2.10.27.tgz. Extracting by manifest.
3254 silly tarball no local data for postcss-value-parser@https://registry.npmjs.org/postcss-value-parser/-/postcss-value-parser-4.2.0.tgz. Extracting by manifest.
3255 silly tarball no local data for picocolors@https://registry.npmjs.org/picocolors/-/picocolors-1.1.1.tgz. Extracting by manifest.
3256 silly tarball no local data for fraction.js@https://registry.npmjs.org/fraction.js/-/fraction.js-5.3.4.tgz. Extracting by manifest.
3257 silly tarball no local data for caniuse-lite@https://registry.npmjs.org/caniuse-lite/-/caniuse-lite-1.0.30001792.tgz. Extracting by manifest.
3258 silly tarball no local data for csstype@https://registry.npmjs.org/csstype/-/csstype-3.2.3.tgz. Extracting by manifest.
3259 silly tarball no local data for browserslist@https://registry.npmjs.org/browserslist/-/browserslist-4.28.2.tgz. Extracting by manifest.
3260 silly tarball no local data for @types/prop-types@https://registry.npmjs.org/@types/prop-types/-/prop-types-15.7.15.tgz. Extracting by manifest.
3261 silly tarball no local data for undici-types@https://registry.npmjs.org/undici-types/-/undici-types-6.21.0.tgz. Extracting by manifest.
3262 silly tarball no local data for iceberg-js@https://registry.npmjs.org/iceberg-js/-/iceberg-js-0.8.1.tgz. Extracting by manifest.
3263 silly tarball no local data for ws@https://registry.npmjs.org/ws/-/ws-8.20.0.tgz. Extracting by manifest.
3264 silly tarball no local data for @types/ws@https://registry.npmjs.org/@types/ws/-/ws-8.18.1.tgz. Extracting by manifest.
3265 silly tarball no local data for @supabase/phoenix@https://registry.npmjs.org/@supabase/phoenix/-/phoenix-0.4.1.tgz. Extracting by manifest.
3266 silly tarball no local data for @supabase/storage-js@https://registry.npmjs.org/@supabase/storage-js/-/storage-js-2.105.3.tgz. Extracting by manifest.
3267 silly tarball no local data for @supabase/realtime-js@https://registry.npmjs.org/@supabase/realtime-js/-/realtime-js-2.105.3.tgz. Extracting by manifest.
3268 silly tarball no local data for @supabase/postgrest-js@https://registry.npmjs.org/@supabase/postgrest-js/-/postgrest-js-2.105.3.tgz. Extracting by manifest.
3269 silly tarball no local data for tslib@https://registry.npmjs.org/tslib/-/tslib-2.8.1.tgz. Extracting by manifest.
3270 silly tarball no local data for @supabase/functions-js@https://registry.npmjs.org/@supabase/functions-js/-/functions-js-2.105.3.tgz. Extracting by manifest.
3271 silly tarball no local data for typescript@https://registry.npmjs.org/typescript/-/typescript-5.9.3.tgz. Extracting by manifest.
3272 silly tarball no local data for tailwindcss@https://registry.npmjs.org/tailwindcss/-/tailwindcss-3.4.19.tgz. Extracting by manifest.
3273 silly tarball no local data for @supabase/auth-js@https://registry.npmjs.org/@supabase/auth-js/-/auth-js-2.105.3.tgz. Extracting by manifest.
3274 silly tarball no local data for stripe@https://registry.npmjs.org/stripe/-/stripe-22.1.1.tgz. Extracting by manifest.
3275 silly tarball no local data for next@https://registry.npmjs.org/next/-/next-14.2.29.tgz. Extracting by manifest.
3276 silly tarball no local data for react-dom@https://registry.npmjs.org/react-dom/-/react-dom-18.3.1.tgz. Extracting by manifest.
3277 silly tarball no local data for lucide-react@https://registry.npmjs.org/lucide-react/-/lucide-react-0.460.0.tgz. Extracting by manifest.
3278 silly tarball no local data for react@https://registry.npmjs.org/react/-/react-18.3.1.tgz. Extracting by manifest.
3279 silly tarball no local data for fluent-ffmpeg@https://registry.npmjs.org/fluent-ffmpeg/-/fluent-ffmpeg-2.1.3.tgz. Extracting by manifest.
3280 silly tarball no local data for eslint-config-next@https://registry.npmjs.org/eslint-config-next/-/eslint-config-next-14.2.29.tgz. Extracting by manifest.
3281 silly tarball no local data for eslint@https://registry.npmjs.org/eslint/-/eslint-8.57.1.tgz. Extracting by manifest.
3282 silly tarball no local data for postcss@https://registry.npmjs.org/postcss/-/postcss-8.5.14.tgz. Extracting by manifest.
3283 silly tarball no local data for clsx@https://registry.npmjs.org/clsx/-/clsx-2.1.1.tgz. Extracting by manifest.
3284 silly tarball no local data for autoprefixer@https://registry.npmjs.org/autoprefixer/-/autoprefixer-10.5.0.tgz. Extracting by manifest.
3285 silly tarball no local data for @types/react@https://registry.npmjs.org/@types/react/-/react-18.3.28.tgz. Extracting by manifest.
3286 silly tarball no local data for @types/react-dom@https://registry.npmjs.org/@types/react-dom/-/react-dom-18.3.7.tgz. Extracting by manifest.
3287 silly tarball no local data for @types/node@https://registry.npmjs.org/@types/node/-/node-20.19.39.tgz. Extracting by manifest.
3288 silly tarball no local data for @supabase/supabase-js@https://registry.npmjs.org/@supabase/supabase-js/-/supabase-js-2.105.3.tgz. Extracting by manifest.
3289 silly tarball no local data for glob-parent@https://registry.npmjs.org/glob-parent/-/glob-parent-5.1.2.tgz. Extracting by manifest.
3290 silly tarball no local data for resolve@https://registry.npmjs.org/resolve/-/resolve-1.22.12.tgz. Extracting by manifest.
3291 silly tarball no local data for semver@https://registry.npmjs.org/semver/-/semver-6.3.1.tgz. Extracting by manifest.
3292 silly tarball no local data for glob-parent@https://registry.npmjs.org/glob-parent/-/glob-parent-5.1.2.tgz. Extracting by manifest.
3293 silly tarball no local data for emoji-regex@https://registry.npmjs.org/emoji-regex/-/emoji-regex-8.0.0.tgz. Extracting by manifest.
3294 silly tarball no local data for ansi-regex@https://registry.npmjs.org/ansi-regex/-/ansi-regex-6.2.2.tgz. Extracting by manifest.
3295 silly tarball no local data for string-width@https://registry.npmjs.org/string-width/-/string-width-4.2.3.tgz. Extracting by manifest.
3296 silly tarball no local data for strip-ansi@https://registry.npmjs.org/strip-ansi/-/strip-ansi-7.2.0.tgz. Extracting by manifest.
3297 silly tarball no local data for ansi-styles@https://registry.npmjs.org/ansi-styles/-/ansi-styles-6.2.3.tgz. Extracting by manifest.
3298 silly tarball no local data for emoji-regex@https://registry.npmjs.org/emoji-regex/-/emoji-regex-8.0.0.tgz. Extracting by manifest.
3299 silly tarball no local data for ansi-regex@https://registry.npmjs.org/ansi-regex/-/ansi-regex-6.2.2.tgz. Extracting by manifest.
3300 silly tarball no local data for strip-ansi@https://registry.npmjs.org/strip-ansi/-/strip-ansi-7.2.0.tgz. Extracting by manifest.
3301 silly tarball no local data for ansi-regex@https://registry.npmjs.org/ansi-regex/-/ansi-regex-6.2.2.tgz. Extracting by manifest.
3302 silly tarball no local data for glob@https://registry.npmjs.org/glob/-/glob-7.2.3.tgz. Extracting by manifest.
3303 silly tarball no local data for strip-ansi@https://registry.npmjs.org/strip-ansi/-/strip-ansi-7.2.0.tgz. Extracting by manifest.
3304 silly tarball no local data for fdir@https://registry.npmjs.org/fdir/-/fdir-6.5.0.tgz. Extracting by manifest.
3305 silly tarball no local data for picomatch@https://registry.npmjs.org/picomatch/-/picomatch-4.0.4.tgz. Extracting by manifest.
3306 silly tarball no local data for debug@https://registry.npmjs.org/debug/-/debug-3.2.7.tgz. Extracting by manifest.
3307 silly tarball no local data for brace-expansion@https://registry.npmjs.org/brace-expansion/-/brace-expansion-5.0.5.tgz. Extracting by manifest.
3308 silly tarball no local data for minimatch@https://registry.npmjs.org/minimatch/-/minimatch-10.2.5.tgz. Extracting by manifest.
3309 silly tarball no local data for eslint-visitor-keys@https://registry.npmjs.org/eslint-visitor-keys/-/eslint-visitor-keys-5.0.1.tgz. Extracting by manifest.
3310 silly tarball no local data for balanced-match@https://registry.npmjs.org/balanced-match/-/balanced-match-4.0.4.tgz. Extracting by manifest.
3311 silly tarball no local data for brace-expansion@https://registry.npmjs.org/brace-expansion/-/brace-expansion-2.1.0.tgz. Extracting by manifest.
3312 silly tarball no local data for semver@https://registry.npmjs.org/semver/-/semver-6.3.1.tgz. Extracting by manifest.
3313 silly tarball no local data for minimatch@https://registry.npmjs.org/minimatch/-/minimatch-9.0.9.tgz. Extracting by manifest.
3314 silly tarball no local data for doctrine@https://registry.npmjs.org/doctrine/-/doctrine-2.1.0.tgz. Extracting by manifest.
3315 silly tarball no local data for semver@https://registry.npmjs.org/semver/-/semver-6.3.1.tgz. Extracting by manifest.
3316 silly tarball no local data for debug@https://registry.npmjs.org/debug/-/debug-3.2.7.tgz. Extracting by manifest.
3317 silly tarball no local data for doctrine@https://registry.npmjs.org/doctrine/-/doctrine-2.1.0.tgz. Extracting by manifest.
3318 silly tarball no local data for debug@https://registry.npmjs.org/debug/-/debug-3.2.7.tgz. Extracting by manifest.
3319 silly tarball no local data for ignore@https://registry.npmjs.org/ignore/-/ignore-7.0.5.tgz. Extracting by manifest.
3320 silly tarball no local data for resolve@https://registry.npmjs.org/resolve/-/resolve-1.22.12.tgz. Extracting by manifest.
3321 silly tarball no local data for postcss@https://registry.npmjs.org/postcss/-/postcss-8.4.31.tgz. Extracting by manifest.
3322 silly tarball no local data for which@https://registry.npmjs.org/which/-/which-1.3.1.tgz. Extracting by manifest.
3323 http fetch POST 200 https://registry.npmjs.org/-/npm/v1/security/advisories/bulk 415ms
3324 silly audit report {
3324 silly audit report   postcss: [
3324 silly audit report     {
3324 silly audit report       id: 1117015,
3324 silly audit report       url: 'https://github.com/advisories/GHSA-qx2v-qp2m-jg93',
3324 silly audit report       title: 'PostCSS has XSS via Unescaped </style> in its CSS Stringify Output',
3324 silly audit report       severity: 'moderate',
3324 silly audit report       vulnerable_versions: '<8.5.10',
3324 silly audit report       cwe: [Array],
3324 silly audit report       cvss: [Object]
3324 silly audit report     }
3324 silly audit report   ],
3324 silly audit report   next: [
3324 silly audit report     {
3324 silly audit report       id: 1105461,
3324 silly audit report       url: 'https://github.com/advisories/GHSA-3h52-269p-cp9r',
3324 silly audit report       title: 'Information exposure in Next.js dev server due to lack of origin verification',
3324 silly audit report       severity: 'low',
3324 silly audit report       vulnerable_versions: '>=13.0 <14.2.30',
3324 silly audit report       cwe: [Array],
3324 silly audit report       cvss: [Object]
3324 silly audit report     },
3324 silly audit report     {
3324 silly audit report       id: 1111391,
3324 silly audit report       url: 'https://github.com/advisories/GHSA-mwv6-3258-q52c',
3324 silly audit report       title: 'Next Vulnerable to Denial of Service with Server Components',
3324 silly audit report       severity: 'high',
3324 silly audit report       vulnerable_versions: '>=13.3.0 <14.2.34',
3324 silly audit report       cwe: [Array],
3324 silly audit report       cvss: [Object]
3324 silly audit report     },
3324 silly audit report     {
3324 silly audit report       id: 1107226,
3324 silly audit report       url: 'https://github.com/advisories/GHSA-g5qg-72qw-gw5v',
3324 silly audit report       title: 'Next.js Affected by Cache Key Confusion for Image Optimization API Routes',
3324 silly audit report       severity: 'moderate',
3324 silly audit report       vulnerable_versions: '>=0.9.9 <14.2.31',
3324 silly audit report       cwe: [Array],
3324 silly audit report       cvss: [Object]
3324 silly audit report     },
3324 silly audit report     {
3324 silly audit report       id: 1107512,
3324 silly audit report       url: 'https://github.com/advisories/GHSA-4342-x723-ch2f',
3324 silly audit report       title: 'Next.js Improper Middleware Redirect Handling Leads to SSRF',
3324 silly audit report       severity: 'moderate',
3324 silly audit report       vulnerable_versions: '>=0.9.9 <14.2.32',
3324 silly audit report       cwe: [Array],
3324 silly audit report       cvss: [Object]
3324 silly audit report     },
3324 silly audit report     {
3324 silly audit report       id: 1107513,
3324 silly audit report       url: 'https://github.com/advisories/GHSA-xv57-4mr9-wg8v',
3324 silly audit report       title: 'Next.js Content Injection Vulnerability for Image Optimization',
3324 silly audit report       severity: 'moderate',
3324 silly audit report       vulnerable_versions: '>=0.9.9 <14.2.31',
3324 silly audit report       cwe: [Array],
3324 silly audit report       cvss: [Object]
3324 silly audit report     },
3324 silly audit report     {
3324 silly audit report       id: 1112182,
3324 silly audit report       url: 'https://github.com/advisories/GHSA-5j59-xgg2-r9c4',
3324 silly audit report       title: 'Next has a Denial of Service with Server Components - Incomplete Fix Follow-Up',
3324 silly audit report       severity: 'high',
3324 silly audit report       vulnerable_versions: '>=13.3.1-canary.0 <14.2.35',
3324 silly audit report       cwe: [Array],
3324 silly audit report       cvss: [Object]
3324 silly audit report     },
3324 silly audit report     {
3324 silly audit report       id: 1112593,
3324 silly audit report       url: 'https://github.com/advisories/GHSA-9g9p-9gw9-jx7f',
3324 silly audit report       title: 'Next.js self-hosted applications vulnerable to DoS via Image Optimizer remotePatterns configuration',
3324 silly audit report       severity: 'moderate',
3324 silly audit report       vulnerable_versions: '>=10.0.0 <15.5.10',
3324 silly audit report       cwe: [Array],
3324 silly audit report       cvss: [Object]
3324 silly audit report     },
3324 silly audit report     {
3324 silly audit report       id: 1112653,
3324 silly audit report       url: 'https://github.com/advisories/GHSA-h25m-26qc-wcjf',
3324 silly audit report       title: 'Next.js HTTP request deserialization can lead to DoS when using insecure React Server Components',
3324 silly audit report       severity: 'high',
3324 silly audit report       vulnerable_versions: '>=13.0.0 <15.0.8',
3324 silly audit report       cwe: [Array],
3324 silly audit report       cvss: [Object]
3324 silly audit report     },
3324 silly audit report     {
3324 silly audit report       id: 1114897,
3324 silly audit report       url: 'https://github.com/advisories/GHSA-ggv3-7p47-pfv8',
3324 silly audit report       title: 'Next.js: HTTP request smuggling in rewrites',
3324 silly audit report       severity: 'moderate',
3324 silly audit report       vulnerable_versions: '>=9.5.0 <15.5.13',
3324 silly audit report       cwe: [Array],
3324 silly audit report       cvss: [Object]
3324 silly audit report     },
3324 silly audit report     {
3324 silly audit report       id: 1114940,
3324 silly audit report       url: 'https://github.com/advisories/GHSA-3x4c-7xq6-9pq8',
3324 silly audit report       title: 'Next.js: Unbounded next/image disk cache growth can exhaust storage',
3324 silly audit report       severity: 'moderate',
3324 silly audit report       vulnerable_versions: '>=10.0.0 <15.5.14',
3324 silly audit report       cwe: [Array],
3324 silly audit report       cvss: [Object]
3324 silly audit report     },
3324 silly audit report     {
3324 silly audit report       id: 1116376,
3324 silly audit report       url: 'https://github.com/advisories/GHSA-q4gf-8mx6-v5v3',
3324 silly audit report       title: 'Next.js has a Denial of Service with Server Components',
3324 silly audit report       severity: 'high',
3324 silly audit report       vulnerable_versions: '>=13.0.0 <15.5.15',
3324 silly audit report       cwe: [Array],
3324 silly audit report       cvss: [Object]
3324 silly audit report     }
3324 silly audit report   ],
3324 silly audit report   glob: [
3324 silly audit report     {
3324 silly audit report       id: 1109842,
3324 silly audit report       url: 'https://github.com/advisories/GHSA-5j98-mcp5-4vw2',
3324 silly audit report       title: 'glob CLI: Command injection via -c/--cmd executes matches with shell:true',
3324 silly audit report       severity: 'high',
3324 silly audit report       vulnerable_versions: '>=10.2.0 <10.5.0',
3324 silly audit report       cwe: [Array],
3324 silly audit report       cvss: [Object]
3324 silly audit report     }
3324 silly audit report   ]
3324 silly audit report }
3325 silly packumentCache corgi:https://registry.npmjs.org/postcss cache-miss
3326 silly packumentCache corgi:https://registry.npmjs.org/next cache-miss
3327 silly packumentCache corgi:https://registry.npmjs.org/glob cache-miss
3328 http fetch GET 200 https://registry.npmjs.org/once/-/once-1.4.0.tgz 426ms (cache miss)
3329 http fetch GET 200 https://registry.npmjs.org/is-finalizationregistry/-/is-finalizationregistry-1.1.1.tgz 425ms (cache miss)
3330 http fetch GET 200 https://registry.npmjs.org/async-function/-/async-function-1.0.0.tgz 426ms (cache miss)
3331 http fetch GET 200 https://registry.npmjs.org/is-async-function/-/is-async-function-2.1.1.tgz 425ms (cache miss)
3332 http fetch GET 200 https://registry.npmjs.org/is-weakset/-/is-weakset-2.0.4.tgz 430ms (cache miss)
3333 http fetch GET 200 https://registry.npmjs.org/which-collection/-/which-collection-1.0.2.tgz 441ms (cache miss)
3334 http fetch GET 200 https://registry.npmjs.org/inflight/-/inflight-1.0.6.tgz 456ms (cache miss)
3335 warn deprecated inflight@1.0.6: This module is not supported, and leaks memory. Do not use it. Check out lru-cache if you want a good and tested way to coalesce async requests by a key value, which is much more comprehensive and powerful.
3336 http fetch GET 200 https://registry.npmjs.org/path-is-absolute/-/path-is-absolute-1.0.1.tgz 459ms (cache miss)
3337 http fetch GET 200 https://registry.npmjs.org/fs.realpath/-/fs.realpath-1.0.0.tgz 458ms (cache miss)
3338 http fetch GET 200 https://registry.npmjs.org/wrappy/-/wrappy-1.0.2.tgz 461ms (cache miss)
3339 http fetch GET 200 https://registry.npmjs.org/is-weakmap/-/is-weakmap-2.0.2.tgz 459ms (cache miss)
3340 http fetch GET 200 https://registry.npmjs.org/inherits/-/inherits-2.0.4.tgz 477ms (cache miss)
3341 http fetch GET 200 https://registry.npmjs.org/is-number-object/-/is-number-object-1.1.1.tgz 475ms (cache miss)
3342 http fetch GET 200 https://registry.npmjs.org/generator-function/-/generator-function-2.0.1.tgz 492ms (cache miss)
3343 http fetch GET 200 https://registry.npmjs.org/is-boolean-object/-/is-boolean-object-1.2.2.tgz 488ms (cache miss)
3344 http fetch GET 200 https://registry.npmjs.org/isexe/-/isexe-2.0.0.tgz 488ms (cache miss)
3345 http fetch GET 200 https://registry.npmjs.org/escalade/-/escalade-3.2.0.tgz 503ms (cache miss)
3346 http fetch GET 200 https://registry.npmjs.org/is-bigint/-/is-bigint-1.1.0.tgz 505ms (cache miss)
3347 http fetch GET 200 https://registry.npmjs.org/is-map/-/is-map-2.0.3.tgz 516ms (cache miss)
3348 http fetch GET 200 https://registry.npmjs.org/is-generator-function/-/is-generator-function-1.1.2.tgz 515ms (cache miss)
3349 http fetch GET 200 https://registry.npmjs.org/reflect.getprototypeof/-/reflect.getprototypeof-1.0.10.tgz 512ms (cache miss)
3350 http fetch GET 200 https://registry.npmjs.org/has-bigints/-/has-bigints-1.1.0.tgz 523ms (cache miss)
3351 http fetch GET 200 https://registry.npmjs.org/punycode/-/punycode-2.3.1.tgz 539ms (cache miss)
3352 http fetch GET 200 https://registry.npmjs.org/which-builtin-type/-/which-builtin-type-1.2.1.tgz 535ms (cache miss)
3353 http fetch GET 200 https://registry.npmjs.org/is-number/-/is-number-7.0.0.tgz 535ms (cache miss)
3354 http fetch GET 200 https://registry.npmjs.org/strip-bom/-/strip-bom-3.0.0.tgz 546ms (cache miss)
3355 http fetch GET 200 https://registry.npmjs.org/thenify-all/-/thenify-all-1.6.0.tgz 545ms (cache miss)
3356 http fetch GET 200 https://registry.npmjs.org/thenify/-/thenify-3.3.1.tgz 545ms (cache miss)
3357 http fetch GET 200 https://registry.npmjs.org/which-boxed-primitive/-/which-boxed-primitive-1.1.1.tgz 565ms (cache miss)
3358 http fetch GET 200 https://registry.npmjs.org/pirates/-/pirates-4.0.7.tgz 559ms (cache miss)
3359 http fetch GET 200 https://registry.npmjs.org/ts-interface-checker/-/ts-interface-checker-0.1.13.tgz 560ms (cache miss)
3360 http fetch GET 200 https://registry.npmjs.org/for-each/-/for-each-0.3.5.tgz 570ms (cache miss)
3361 http fetch GET 200 https://registry.npmjs.org/@types/json5/-/json5-0.0.29.tgz 568ms (cache miss)
3362 http fetch GET 200 https://registry.npmjs.org/util-deprecate/-/util-deprecate-1.0.2.tgz 563ms (cache miss)
3363 http fetch GET 200 https://registry.npmjs.org/read-cache/-/read-cache-1.0.0.tgz 570ms (cache miss)
3364 http fetch GET 200 https://registry.npmjs.org/cssesc/-/cssesc-3.0.0.tgz 578ms (cache miss)
3365 http fetch GET 200 https://registry.npmjs.org/pify/-/pify-2.3.0.tgz 579ms (cache miss)
3366 http fetch GET 200 https://registry.npmjs.org/binary-extensions/-/binary-extensions-2.3.0.tgz 578ms (cache miss)
3367 http fetch GET 200 https://registry.npmjs.org/lines-and-columns/-/lines-and-columns-1.2.4.tgz 591ms (cache miss)
3368 http fetch GET 200 https://registry.npmjs.org/mz/-/mz-2.7.0.tgz 593ms (cache miss)
3369 http fetch GET 200 https://registry.npmjs.org/readdirp/-/readdirp-3.6.0.tgz 589ms (cache miss)
3370 http fetch GET 200 https://registry.npmjs.org/fill-range/-/fill-range-7.1.1.tgz 590ms (cache miss)
3371 http fetch GET 200 https://registry.npmjs.org/merge2/-/merge2-1.4.1.tgz 590ms (cache miss)
3372 http fetch GET 200 https://registry.npmjs.org/commander/-/commander-4.1.1.tgz 598ms (cache miss)
3373 http fetch GET 200 https://registry.npmjs.org/to-regex-range/-/to-regex-range-5.0.1.tgz 596ms (cache miss)
3374 http fetch GET 200 https://registry.npmjs.org/camelcase-css/-/camelcase-css-2.0.1.tgz 602ms (cache miss)
3375 http fetch GET 200 https://registry.npmjs.org/is-binary-path/-/is-binary-path-2.1.0.tgz 601ms (cache miss)
3376 http fetch GET 200 https://registry.npmjs.org/postcss-js/-/postcss-js-4.1.0.tgz 607ms (cache miss)
3377 http fetch GET 200 https://registry.npmjs.org/postcss-nested/-/postcss-nested-6.2.0.tgz 616ms (cache miss)
3378 http fetch GET 200 https://registry.npmjs.org/postcss-load-config/-/postcss-load-config-6.0.1.tgz 616ms (cache miss)
3379 http fetch GET 200 https://registry.npmjs.org/lilconfig/-/lilconfig-3.1.3.tgz 615ms (cache miss)
3380 http fetch GET 200 https://registry.npmjs.org/anymatch/-/anymatch-3.1.3.tgz 621ms (cache miss)
3381 http fetch GET 200 https://registry.npmjs.org/postcss-import/-/postcss-import-15.1.0.tgz 620ms (cache miss)
3382 http fetch GET 200 https://registry.npmjs.org/object-hash/-/object-hash-3.0.0.tgz 621ms (cache miss)
3383 http fetch GET 200 https://registry.npmjs.org/micromatch/-/micromatch-4.0.8.tgz 620ms (cache miss)
3384 http fetch GET 200 https://registry.npmjs.org/fsevents/-/fsevents-2.3.3.tgz 630ms (cache miss)
3385 http fetch GET 200 https://registry.npmjs.org/normalize-path/-/normalize-path-3.0.0.tgz 627ms (cache miss)
3386 http fetch GET 200 https://registry.npmjs.org/has-flag/-/has-flag-4.0.0.tgz 639ms (cache miss)
3387 http fetch GET 200 https://registry.npmjs.org/didyoumean/-/didyoumean-1.2.2.tgz 642ms (cache miss)
3388 http fetch GET 200 https://registry.npmjs.org/dlv/-/dlv-1.1.3.tgz 647ms (cache miss)
3389 http fetch GET 200 https://registry.npmjs.org/ansi-regex/-/ansi-regex-5.0.1.tgz 647ms (cache miss)
3390 http fetch GET 200 https://registry.npmjs.org/arg/-/arg-5.0.2.tgz 656ms (cache miss)
3391 http fetch GET 200 https://registry.npmjs.org/is-fullwidth-code-point/-/is-fullwidth-code-point-3.0.0.tgz 654ms (cache miss)
3392 http fetch GET 200 https://registry.npmjs.org/eastasianwidth/-/eastasianwidth-0.2.0.tgz 655ms (cache miss)
3393 http fetch GET 200 https://registry.npmjs.org/client-only/-/client-only-0.0.1.tgz 665ms (cache miss)
3394 http fetch GET 200 https://registry.npmjs.org/side-channel-weakmap/-/side-channel-weakmap-1.0.2.tgz 671ms (cache miss)
3395 http fetch GET 200 https://registry.npmjs.org/side-channel-list/-/side-channel-list-1.0.1.tgz 671ms (cache miss)
3396 http fetch GET 200 https://registry.npmjs.org/side-channel-map/-/side-channel-map-1.0.1.tgz 679ms (cache miss)
3397 http fetch GET 200 https://registry.npmjs.org/chokidar/-/chokidar-3.6.0.tgz 683ms (cache miss)
3398 http fetch GET 200 https://registry.npmjs.org/node-exports-info/-/node-exports-info-1.6.0.tgz 679ms (cache miss)
3399 http fetch GET 200 https://registry.npmjs.org/braces/-/braces-3.0.3.tgz 698ms (cache miss)
3400 http fetch GET 200 https://registry.npmjs.org/picomatch/-/picomatch-2.3.2.tgz 699ms (cache miss)
3401 http fetch GET 200 https://registry.npmjs.org/shebang-regex/-/shebang-regex-3.0.0.tgz 691ms (cache miss)
3402 http fetch GET 200 https://registry.npmjs.org/supports-preserve-symlinks-flag/-/supports-preserve-symlinks-flag-1.0.0.tgz 690ms (cache miss)
3403 http fetch GET 200 https://registry.npmjs.org/js-tokens/-/js-tokens-4.0.0.tgz 688ms (cache miss)
3404 http fetch GET 200 https://registry.npmjs.org/path-parse/-/path-parse-1.0.7.tgz 691ms (cache miss)
3405 http fetch GET 200 https://registry.npmjs.org/react-is/-/react-is-16.13.1.tgz 689ms (cache miss)
3406 http fetch GET 200 https://registry.npmjs.org/object-assign/-/object-assign-4.1.1.tgz 690ms (cache miss)
3407 http fetch GET 200 https://registry.npmjs.org/@jridgewell/resolve-uri/-/resolve-uri-3.1.2.tgz 715ms (cache miss)
3408 http fetch GET 200 https://registry.npmjs.org/json5/-/json5-1.0.2.tgz 719ms (cache miss)
3409 http fetch GET 200 https://registry.npmjs.org/isarray/-/isarray-2.0.5.tgz 701ms (cache miss)
3410 http fetch GET 200 https://registry.npmjs.org/loose-envify/-/loose-envify-1.4.0.tgz 699ms (cache miss)
3411 http fetch GET 200 https://registry.npmjs.org/queue-microtask/-/queue-microtask-1.2.3.tgz 703ms (cache miss)
3412 http fetch GET 200 https://registry.npmjs.org/p-limit/-/p-limit-3.1.0.tgz 701ms (cache miss)
3413 http fetch GET 200 https://registry.npmjs.org/fast-levenshtein/-/fast-levenshtein-2.0.6.tgz 709ms (cache miss)
3414 http fetch GET 200 https://registry.npmjs.org/word-wrap/-/word-wrap-1.2.5.tgz 716ms (cache miss)
3415 http fetch GET 200 https://registry.npmjs.org/nanoid/-/nanoid-3.3.12.tgz 719ms (cache miss)
3416 http fetch GET 200 https://registry.npmjs.org/yocto-queue/-/yocto-queue-0.1.0.tgz 724ms (cache miss)
3417 http fetch GET 200 https://registry.npmjs.org/callsites/-/callsites-3.1.0.tgz 724ms (cache miss)
3418 http fetch GET 200 https://registry.npmjs.org/deep-is/-/deep-is-0.1.4.tgz 724ms (cache miss)
3419 http fetch GET 200 https://registry.npmjs.org/streamsearch/-/streamsearch-1.1.0.tgz 723ms (cache miss)
3420 http fetch GET 200 https://registry.npmjs.org/graceful-fs/-/graceful-fs-4.2.11.tgz 728ms (cache miss)
3421 http fetch GET 200 https://registry.npmjs.org/@swc/counter/-/counter-0.1.3.tgz 731ms (cache miss)
3422 http fetch GET 200 https://registry.npmjs.org/brace-expansion/-/brace-expansion-1.1.14.tgz 736ms (cache miss)
3423 http fetch GET 200 https://registry.npmjs.org/p-locate/-/p-locate-5.0.0.tgz 736ms (cache miss)
3424 http fetch GET 200 https://registry.npmjs.org/concat-map/-/concat-map-0.0.1.tgz 738ms (cache miss)
3425 http fetch GET 200 https://registry.npmjs.org/balanced-match/-/balanced-match-1.0.2.tgz 739ms (cache miss)
3426 http fetch GET 200 https://registry.npmjs.org/json-buffer/-/json-buffer-3.0.1.tgz 738ms (cache miss)
3427 http fetch GET 200 https://registry.npmjs.org/type-check/-/type-check-0.4.0.tgz 740ms (cache miss)
3428 http fetch GET 200 https://registry.npmjs.org/prelude-ls/-/prelude-ls-1.2.1.tgz 749ms (cache miss)
3429 http fetch GET 200 https://registry.npmjs.org/argparse/-/argparse-2.0.1.tgz 769ms (cache miss)
3430 http fetch GET 200 https://registry.npmjs.org/strip-ansi/-/strip-ansi-6.0.1.tgz 771ms (cache miss)
3431 http fetch GET 200 https://registry.npmjs.org/wrap-ansi/-/wrap-ansi-7.0.0.tgz 773ms (cache miss)
3432 http fetch GET 200 https://registry.npmjs.org/set-function-name/-/set-function-name-2.0.2.tgz 779ms (cache miss)
3433 http fetch GET 200 https://registry.npmjs.org/string-width/-/string-width-5.1.2.tgz 781ms (cache miss)
3434 http fetch GET 200 https://registry.npmjs.org/string-width/-/string-width-4.2.3.tgz 784ms (cache miss)
3435 http fetch GET 200 https://registry.npmjs.org/is-extglob/-/is-extglob-2.1.1.tgz 784ms (cache miss)
3436 http fetch GET 200 https://registry.npmjs.org/side-channel/-/side-channel-1.1.0.tgz 810ms (cache miss)
3437 http fetch GET 200 https://registry.npmjs.org/minimist/-/minimist-1.2.8.tgz 883ms (cache miss)
3438 http fetch GET 200 https://registry.npmjs.org/wrap-ansi/-/wrap-ansi-8.1.0.tgz 853ms (cache miss)
3439 http fetch GET 200 https://registry.npmjs.org/napi-postinstall/-/napi-postinstall-0.3.4.tgz 906ms (cache miss)
3440 http fetch GET 200 https://registry.npmjs.org/resolve-from/-/resolve-from-4.0.0.tgz 873ms (cache miss)
3441 http fetch GET 200 https://registry.npmjs.org/parent-module/-/parent-module-1.0.1.tgz 877ms (cache miss)
3442 http fetch GET 200 https://registry.npmjs.org/@isaacs/cliui/-/cliui-8.0.2.tgz 878ms (cache miss)
3443 http fetch GET 200 https://registry.npmjs.org/scheduler/-/scheduler-0.23.2.tgz 895ms (cache miss)
3444 http fetch GET 200 https://registry.npmjs.org/foreground-child/-/foreground-child-3.3.1.tgz 881ms (cache miss)
3445 http fetch GET 200 https://registry.npmjs.org/signal-exit/-/signal-exit-4.1.0.tgz 894ms (cache miss)
3446 http fetch GET 200 https://registry.npmjs.org/resolve-pkg-maps/-/resolve-pkg-maps-1.0.0.tgz 893ms (cache miss)
3447 http fetch GET 200 https://registry.npmjs.org/rimraf/-/rimraf-3.0.2.tgz 903ms (cache miss)
3448 warn deprecated rimraf@3.0.2: Rimraf versions prior to v4 are no longer supported
3449 http fetch GET 200 https://registry.npmjs.org/dunder-proto/-/dunder-proto-1.0.1.tgz 907ms (cache miss)
3450 http fetch GET 200 https://registry.npmjs.org/functions-have-names/-/functions-have-names-1.2.3.tgz 913ms (cache miss)
3451 http fetch GET 200 https://registry.npmjs.org/keyv/-/keyv-4.5.4.tgz 913ms (cache miss)
3452 http fetch GET 200 https://registry.npmjs.org/reusify/-/reusify-1.1.0.tgz 912ms (cache miss)
3453 http fetch GET 200 https://registry.npmjs.org/@alloc/quick-lru/-/quick-lru-5.2.0.tgz 935ms (cache miss)
3454 http fetch GET 200 https://registry.npmjs.org/path-exists/-/path-exists-4.0.0.tgz 917ms (cache miss)
3455 http fetch GET 200 https://registry.npmjs.org/locate-path/-/locate-path-6.0.0.tgz 922ms (cache miss)
3456 http fetch GET 200 https://registry.npmjs.org/source-map-js/-/source-map-js-1.2.1.tgz 945ms (cache miss)
3457 http fetch GET 200 https://registry.npmjs.org/async/-/async-0.2.10.tgz 930ms (cache miss)
3458 http fetch GET 200 https://registry.npmjs.org/flat-cache/-/flat-cache-3.2.0.tgz 929ms (cache miss)
3459 http fetch GET 200 https://registry.npmjs.org/esrecurse/-/esrecurse-4.3.0.tgz 934ms (cache miss)
3460 http fetch GET 200 https://registry.npmjs.org/any-promise/-/any-promise-1.3.0.tgz 973ms (cache miss)
3461 http fetch GET 200 https://registry.npmjs.org/acorn-jsx/-/acorn-jsx-5.3.2.tgz 965ms (cache miss)
3462 http fetch GET 200 https://registry.npmjs.org/object.entries/-/object.entries-1.1.9.tgz 972ms (cache miss)
3463 http fetch GET 200 https://registry.npmjs.org/iterator.prototype/-/iterator.prototype-1.1.5.tgz 973ms (cache miss)
3464 http fetch GET 200 https://registry.npmjs.org/array.prototype.tosorted/-/array.prototype.tosorted-1.1.4.tgz 974ms (cache miss)
3465 http fetch GET 200 https://registry.npmjs.org/string.prototype.repeat/-/string.prototype.repeat-1.0.0.tgz 980ms (cache miss)
3466 http fetch GET 200 https://registry.npmjs.org/estraverse/-/estraverse-5.3.0.tgz 978ms (cache miss)
3467 http fetch GET 200 https://registry.npmjs.org/@next/env/-/env-14.2.29.tgz 994ms (cache miss)
3468 http fetch GET 200 https://registry.npmjs.org/array.prototype.findlast/-/array.prototype.findlast-1.2.5.tgz 988ms (cache miss)
3469 http fetch GET 200 https://registry.npmjs.org/string.prototype.includes/-/string.prototype.includes-2.0.1.tgz 994ms (cache miss)
3470 http fetch GET 200 https://registry.npmjs.org/@jridgewell/sourcemap-codec/-/sourcemap-codec-1.5.5.tgz 1040ms (cache miss)
3471 http fetch GET 200 https://registry.npmjs.org/prop-types/-/prop-types-15.8.1.tgz 1005ms (cache miss)
3472 http fetch GET 200 https://registry.npmjs.org/emoji-regex/-/emoji-regex-9.2.2.tgz 1002ms (cache miss)
3473 http fetch GET 200 https://registry.npmjs.org/language-tags/-/language-tags-1.0.9.tgz 1002ms (cache miss)
3474 http fetch GET 200 https://registry.npmjs.org/flatted/-/flatted-3.4.2.tgz 1014ms (cache miss)
3475 http fetch GET 200 https://registry.npmjs.org/@pkgjs/parseargs/-/parseargs-0.11.0.tgz 1024ms (cache miss)
3476 http fetch GET 200 https://registry.npmjs.org/is-date-object/-/is-date-object-1.1.0.tgz 1011ms (cache miss)
3477 http fetch GET 200 https://registry.npmjs.org/has-tostringtag/-/has-tostringtag-1.0.2.tgz 1018ms (cache miss)
3478 http fetch GET 200 https://registry.npmjs.org/unbox-primitive/-/unbox-primitive-1.1.0.tgz 1026ms (cache miss)
3479 http fetch GET 200 https://registry.npmjs.org/damerau-levenshtein/-/damerau-levenshtein-1.0.8.tgz 1029ms (cache miss)
3480 http fetch GET 200 https://registry.npmjs.org/ast-types-flow/-/ast-types-flow-0.0.8.tgz 1030ms (cache miss)
3481 http fetch GET 200 https://registry.npmjs.org/is-symbol/-/is-symbol-1.1.1.tgz 1038ms (cache miss)
3482 http fetch GET 200 https://registry.npmjs.org/which-typed-array/-/which-typed-array-1.1.20.tgz 1038ms (cache miss)
3483 http fetch GET 200 https://registry.npmjs.org/typed-array-length/-/typed-array-length-1.0.7.tgz 1047ms (cache miss)
3484 http fetch GET 200 https://registry.npmjs.org/typed-array-byte-offset/-/typed-array-byte-offset-1.0.4.tgz 1052ms (cache miss)
3485 http fetch GET 200 https://registry.npmjs.org/typed-array-buffer/-/typed-array-buffer-1.0.3.tgz 1051ms (cache miss)
3486 http fetch GET 200 https://registry.npmjs.org/possible-typed-array-names/-/possible-typed-array-names-1.1.0.tgz 1059ms (cache miss)
3487 http fetch GET 200 https://registry.npmjs.org/safe-push-apply/-/safe-push-apply-1.0.0.tgz 1057ms (cache miss)
3488 http fetch GET 200 https://registry.npmjs.org/typed-array-byte-length/-/typed-array-byte-length-1.0.3.tgz 1068ms (cache miss)
3489 http fetch GET 200 https://registry.npmjs.org/string.prototype.trimstart/-/string.prototype.trimstart-1.0.8.tgz 1068ms (cache miss)
3490 http fetch GET 200 https://registry.npmjs.org/string.prototype.trim/-/string.prototype.trim-1.2.10.tgz 1069ms (cache miss)
3491 http fetch GET 200 https://registry.npmjs.org/own-keys/-/own-keys-1.0.1.tgz 1088ms (cache miss)
3492 http fetch GET 200 https://registry.npmjs.org/string.prototype.matchall/-/string.prototype.matchall-4.0.12.tgz 1103ms (cache miss)
3493 http fetch GET 200 https://registry.npmjs.org/is-typed-array/-/is-typed-array-1.1.15.tgz 1092ms (cache miss)
3494 http fetch GET 200 https://registry.npmjs.org/safe-regex-test/-/safe-regex-test-1.1.0.tgz 1096ms (cache miss)
3495 http fetch GET 200 https://registry.npmjs.org/safe-array-concat/-/safe-array-concat-1.1.4.tgz 1095ms (cache miss)
3496 http fetch GET 200 https://registry.npmjs.org/regexp.prototype.flags/-/regexp.prototype.flags-1.5.4.tgz 1100ms (cache miss)
3497 http fetch GET 200 https://registry.npmjs.org/is-shared-array-buffer/-/is-shared-array-buffer-1.0.4.tgz 1099ms (cache miss)
3498 http fetch GET 200 https://registry.npmjs.org/set-proto/-/set-proto-1.0.0.tgz 1103ms (cache miss)
3499 http fetch GET 200 https://registry.npmjs.org/stop-iteration-iterator/-/stop-iteration-iterator-1.1.0.tgz 1110ms (cache miss)
3500 http fetch GET 200 https://registry.npmjs.org/is-weakref/-/is-weakref-1.1.1.tgz 1115ms (cache miss)
3501 http fetch GET 200 https://registry.npmjs.org/is-set/-/is-set-2.0.3.tgz 1126ms (cache miss)
3502 http fetch GET 200 https://registry.npmjs.org/is-regex/-/is-regex-1.2.1.tgz 1126ms (cache miss)
3503 http fetch GET 200 https://registry.npmjs.org/busboy/-/busboy-1.6.0.tgz 1160ms (cache miss)
3504 http fetch GET 200 https://registry.npmjs.org/is-callable/-/is-callable-1.2.7.tgz 1134ms (cache miss)
3505 http fetch GET 200 https://registry.npmjs.org/@jridgewell/gen-mapping/-/gen-mapping-0.3.13.tgz 1190ms (cache miss)
3506 http fetch GET 200 https://registry.npmjs.org/internal-slot/-/internal-slot-1.1.0.tgz 1143ms (cache miss)
3507 http fetch GET 200 https://registry.npmjs.org/has-proto/-/has-proto-1.2.0.tgz 1143ms (cache miss)
3508 http fetch GET 200 https://registry.npmjs.org/is-data-view/-/is-data-view-1.0.2.tgz 1155ms (cache miss)
3509 http fetch GET 200 https://registry.npmjs.org/is-array-buffer/-/is-array-buffer-3.0.5.tgz 1154ms (cache miss)
3510 http fetch GET 200 https://registry.npmjs.org/es-to-primitive/-/es-to-primitive-1.3.0.tgz 1153ms (cache miss)
3511 http fetch GET 200 https://registry.npmjs.org/get-symbol-description/-/get-symbol-description-1.1.0.tgz 1154ms (cache miss)
3512 http fetch GET 200 https://registry.npmjs.org/get-proto/-/get-proto-1.0.1.tgz 1175ms (cache miss)
3513 http fetch GET 200 https://registry.npmjs.org/function.prototype.name/-/function.prototype.name-1.1.8.tgz 1183ms (cache miss)
3514 http fetch GET 200 https://registry.npmjs.org/data-view-buffer/-/data-view-buffer-1.0.2.tgz 1190ms (cache miss)
3515 http fetch GET 200 https://registry.npmjs.org/data-view-byte-offset/-/data-view-byte-offset-1.0.1.tgz 1192ms (cache miss)
3516 http fetch GET 200 https://registry.npmjs.org/available-typed-arrays/-/available-typed-arrays-1.0.7.tgz 1191ms (cache miss)
3517 http fetch GET 200 https://registry.npmjs.org/is-negative-zero/-/is-negative-zero-2.0.3.tgz 1204ms (cache miss)
3518 http fetch GET 200 https://registry.npmjs.org/data-view-byte-length/-/data-view-byte-length-1.0.2.tgz 1201ms (cache miss)
3519 http fetch GET 200 https://registry.npmjs.org/gopd/-/gopd-1.2.0.tgz 1200ms (cache miss)
3520 http fetch GET 200 https://registry.npmjs.org/object-keys/-/object-keys-1.1.1.tgz 1200ms (cache miss)
3521 http fetch GET 200 https://registry.npmjs.org/has-property-descriptors/-/has-property-descriptors-1.0.2.tgz 1205ms (cache miss)
3522 http fetch GET 200 https://registry.npmjs.org/es-set-tostringtag/-/es-set-tostringtag-2.1.0.tgz 1218ms (cache miss)
3523 http fetch GET 200 https://registry.npmjs.org/function-bind/-/function-bind-1.1.2.tgz 1225ms (cache miss)
3524 http fetch GET 200 https://registry.npmjs.org/set-function-length/-/set-function-length-1.2.2.tgz 1231ms (cache miss)
3525 http fetch GET 200 https://registry.npmjs.org/es-shim-unscopables/-/es-shim-unscopables-1.1.0.tgz 1237ms (cache miss)
3526 http fetch GET 200 https://registry.npmjs.org/es-define-property/-/es-define-property-1.0.1.tgz 1238ms (cache miss)
3527 http fetch GET 200 https://registry.npmjs.org/es-object-atoms/-/es-object-atoms-1.1.1.tgz 1236ms (cache miss)
3528 http fetch GET 200 https://registry.npmjs.org/math-intrinsics/-/math-intrinsics-1.1.0.tgz 1237ms (cache miss)
3529 http fetch GET 200 https://registry.npmjs.org/array-buffer-byte-length/-/array-buffer-byte-length-1.0.2.tgz 1247ms (cache miss)
3530 http fetch GET 200 https://registry.npmjs.org/is-string/-/is-string-1.1.1.tgz 1243ms (cache miss)
3531 http fetch GET 200 https://registry.npmjs.org/define-data-property/-/define-data-property-1.1.4.tgz 1250ms (cache miss)
3532 http fetch GET 200 https://registry.npmjs.org/call-bind-apply-helpers/-/call-bind-apply-helpers-1.0.2.tgz 1254ms (cache miss)
3533 http fetch GET 200 https://registry.npmjs.org/define-properties/-/define-properties-1.2.1.tgz 1257ms (cache miss)
3534 http fetch GET 200 https://registry.npmjs.org/hasown/-/hasown-2.0.3.tgz 1262ms (cache miss)
3535 http fetch GET 200 https://registry.npmjs.org/call-bound/-/call-bound-1.0.4.tgz 1265ms (cache miss)
3536 http fetch GET 200 https://registry.npmjs.org/acorn/-/acorn-8.16.0.tgz 1292ms (cache miss)
3537 http fetch GET 200 https://registry.npmjs.org/array.prototype.flatmap/-/array.prototype.flatmap-1.3.3.tgz 1270ms (cache miss)
3538 http fetch GET 200 https://registry.npmjs.org/string.prototype.trimend/-/string.prototype.trimend-1.0.9.tgz 1272ms (cache miss)
3539 http fetch GET 200 https://registry.npmjs.org/object.groupby/-/object.groupby-1.0.3.tgz 1272ms (cache miss)
3540 http fetch GET 200 https://registry.npmjs.org/has-symbols/-/has-symbols-1.1.0.tgz 1289ms (cache miss)
3541 http fetch GET 200 https://registry.npmjs.org/object.assign/-/object.assign-4.1.7.tgz 1298ms (cache miss)
3542 http fetch GET 200 https://registry.npmjs.org/globalthis/-/globalthis-1.0.4.tgz 1294ms (cache miss)
3543 http fetch GET 200 https://registry.npmjs.org/arraybuffer.prototype.slice/-/arraybuffer.prototype.slice-1.0.4.tgz 1291ms (cache miss)
3544 http fetch GET 200 https://registry.npmjs.org/array-includes/-/array-includes-3.1.9.tgz 1285ms (cache miss)
3545 http fetch GET 200 https://registry.npmjs.org/array.prototype.findlastindex/-/array.prototype.findlastindex-1.2.6.tgz 1286ms (cache miss)
3546 http fetch GET 200 https://registry.npmjs.org/styled-jsx/-/styled-jsx-5.1.1.tgz 1330ms (cache miss)
3547 http fetch GET 200 https://registry.npmjs.org/call-bind/-/call-bind-1.0.9.tgz 1291ms (cache miss)
3548 http fetch GET 200 https://registry.npmjs.org/is-bun-module/-/is-bun-module-2.0.0.tgz 1289ms (cache miss)
3549 http fetch GET 200 https://registry.npmjs.org/stable-hash/-/stable-hash-0.0.5.tgz 1289ms (cache miss)
3550 http fetch GET 200 https://registry.npmjs.org/unrs-resolver/-/unrs-resolver-1.11.1.tgz 1294ms (cache miss)
3551 http fetch GET 200 https://registry.npmjs.org/is-core-module/-/is-core-module-2.16.2.tgz 1292ms (cache miss)
3552 http fetch GET 200 https://registry.npmjs.org/array.prototype.flat/-/array.prototype.flat-1.3.3.tgz 1298ms (cache miss)
3553 http fetch GET 200 https://registry.npmjs.org/@rtsao/scc/-/scc-1.1.0.tgz 1299ms (cache miss)
3554 http fetch GET 200 https://registry.npmjs.org/es-errors/-/es-errors-1.3.0.tgz 1307ms (cache miss)
3555 http fetch GET 200 https://registry.npmjs.org/tinyglobby/-/tinyglobby-0.2.16.tgz 1298ms (cache miss)
3556 http fetch GET 200 https://registry.npmjs.org/@nolyfill/is-core-module/-/is-core-module-1.0.39.tgz 1303ms (cache miss)
3557 http fetch GET 200 https://registry.npmjs.org/@typescript-eslint/tsconfig-utils/-/tsconfig-utils-8.59.2.tgz 1302ms (cache miss)
3558 http fetch GET 200 https://registry.npmjs.org/get-intrinsic/-/get-intrinsic-1.3.0.tgz 1306ms (cache miss)
3559 http fetch GET 200 https://registry.npmjs.org/object.fromentries/-/object.fromentries-2.0.8.tgz 1315ms (cache miss)
3560 http fetch GET 200 https://registry.npmjs.org/@typescript-eslint/visitor-keys/-/visitor-keys-8.59.2.tgz 1311ms (cache miss)
3561 http fetch GET 200 https://registry.npmjs.org/minipass/-/minipass-7.1.3.tgz 1352ms (cache miss)
3562 http fetch GET 200 https://registry.npmjs.org/@typescript-eslint/project-service/-/project-service-8.59.2.tgz 1316ms (cache miss)
3563 http fetch GET 200 https://registry.npmjs.org/object.values/-/object.values-1.2.1.tgz 1324ms (cache miss)
3564 http fetch GET 200 https://registry.npmjs.org/eslint-plugin-react-hooks/-/eslint-plugin-react-hooks-5.0.0-canary-7118f5dd7-20230705.tgz 1322ms (cache miss)
3565 http fetch GET 200 https://registry.npmjs.org/get-tsconfig/-/get-tsconfig-4.14.0.tgz 1330ms (cache miss)
3566 http fetch GET 200 https://registry.npmjs.org/eslint-import-resolver-node/-/eslint-import-resolver-node-0.3.10.tgz 1324ms (cache miss)
3567 http fetch GET 200 https://registry.npmjs.org/path-scurry/-/path-scurry-1.11.1.tgz 1368ms (cache miss)
3568 http fetch GET 200 https://registry.npmjs.org/eslint-module-utils/-/eslint-module-utils-2.12.1.tgz 1350ms (cache miss)
3569 http fetch GET 200 https://registry.npmjs.org/eslint-import-resolver-typescript/-/eslint-import-resolver-typescript-3.10.1.tgz 1342ms (cache miss)
3570 http fetch GET 200 https://registry.npmjs.org/which/-/which-2.0.2.tgz 1349ms (cache miss)
3571 http fetch GET 200 https://registry.npmjs.org/ms/-/ms-2.1.3.tgz 1351ms (cache miss)
3572 http fetch GET 200 https://registry.npmjs.org/path-key/-/path-key-3.1.1.tgz 1374ms (cache miss)
3573 http fetch GET 200 https://registry.npmjs.org/shebang-command/-/shebang-command-2.0.0.tgz 1377ms (cache miss)
3574 http fetch GET 200 https://registry.npmjs.org/ansi-styles/-/ansi-styles-4.3.0.tgz 1377ms (cache miss)
3575 http fetch GET 200 https://registry.npmjs.org/lru-cache/-/lru-cache-10.4.3.tgz 1439ms (cache miss)
3576 http fetch GET 200 https://registry.npmjs.org/supports-color/-/supports-color-7.2.0.tgz 1380ms (cache miss)
3577 http fetch GET 200 https://registry.npmjs.org/color-convert/-/color-convert-2.0.1.tgz 1380ms (cache miss)
3578 http fetch GET 200 https://registry.npmjs.org/ts-api-utils/-/ts-api-utils-2.5.0.tgz 1391ms (cache miss)
3579 http fetch GET 200 https://registry.npmjs.org/color-name/-/color-name-1.1.4.tgz 1387ms (cache miss)
3580 http fetch GET 200 https://registry.npmjs.org/run-parallel/-/run-parallel-1.2.0.tgz 1390ms (cache miss)
3581 http fetch GET 200 https://registry.npmjs.org/json-schema-traverse/-/json-schema-traverse-0.4.1.tgz 1391ms (cache miss)
3582 http fetch GET 200 https://registry.npmjs.org/postcss-selector-parser/-/postcss-selector-parser-6.1.2.tgz 1464ms (cache miss)
3583 http fetch GET 200 https://registry.npmjs.org/@jridgewell/trace-mapping/-/trace-mapping-0.3.31.tgz 1474ms (cache miss)
3584 http fetch GET 200 https://registry.npmjs.org/fast-json-stable-stringify/-/fast-json-stable-stringify-2.1.0.tgz 1394ms (cache miss)
3585 http fetch GET 200 https://registry.npmjs.org/@typescript-eslint/types/-/types-8.59.2.tgz 1406ms (cache miss)
3586 http fetch GET 200 https://registry.npmjs.org/fastq/-/fastq-1.20.1.tgz 1398ms (cache miss)
3587 http fetch GET 200 https://registry.npmjs.org/@nodelib/fs.stat/-/fs.stat-2.0.5.tgz 1404ms (cache miss)
3588 http fetch GET 200 https://registry.npmjs.org/import-fresh/-/import-fresh-3.3.1.tgz 1411ms (cache miss)
3589 http fetch GET 200 https://registry.npmjs.org/strip-json-comments/-/strip-json-comments-3.1.1.tgz 1416ms (cache miss)
3590 http fetch GET 200 https://registry.npmjs.org/text-table/-/text-table-0.2.0.tgz 1420ms (cache miss)
3591 http fetch GET 200 https://registry.npmjs.org/jiti/-/jiti-1.21.7.tgz 1497ms (cache miss)
3592 http fetch GET 200 https://registry.npmjs.org/strip-ansi/-/strip-ansi-6.0.1.tgz 1427ms (cache miss)
3593 http fetch GET 200 https://registry.npmjs.org/type-fest/-/type-fest-0.20.2.tgz 1480ms (cache miss)
3594 http fetch GET 200 https://registry.npmjs.org/jackspeak/-/jackspeak-2.3.6.tgz 1481ms (cache miss)
3595 http fetch GET 200 https://registry.npmjs.org/object-inspect/-/object-inspect-1.13.4.tgz 1469ms (cache miss)
3596 http fetch GET 200 https://registry.npmjs.org/optionator/-/optionator-0.9.4.tgz 1437ms (cache miss)
3597 http fetch GET 200 https://registry.npmjs.org/@humanwhocodes/object-schema/-/object-schema-2.0.3.tgz 1444ms (cache miss)
3598 warn deprecated @humanwhocodes/object-schema@2.0.3: Use @eslint/object-schema instead
3599 http fetch GET 200 https://registry.npmjs.org/natural-compare/-/natural-compare-1.4.0.tgz 1463ms (cache miss)
3600 http fetch GET 200 https://registry.npmjs.org/minimatch/-/minimatch-3.1.5.tgz 1467ms (cache miss)
3601 http fetch GET 200 https://registry.npmjs.org/levn/-/levn-0.4.1.tgz 1471ms (cache miss)
3602 http fetch GET 200 https://registry.npmjs.org/lodash.merge/-/lodash.merge-4.6.2.tgz 1473ms (cache miss)
3603 http fetch GET 200 https://registry.npmjs.org/is-path-inside/-/is-path-inside-3.0.3.tgz 1477ms (cache miss)
3604 http fetch GET 200 https://registry.npmjs.org/json-stable-stringify-without-jsonify/-/json-stable-stringify-without-jsonify-1.0.1.tgz 1478ms (cache miss)
3605 http fetch GET 200 https://registry.npmjs.org/imurmurhash/-/imurmurhash-0.1.4.tgz 1516ms (cache miss)
3606 http fetch GET 200 https://registry.npmjs.org/is-glob/-/is-glob-4.0.3.tgz 1521ms (cache miss)
3607 http fetch GET 200 https://registry.npmjs.org/ignore/-/ignore-5.3.2.tgz 1522ms (cache miss)
3608 http fetch GET 200 https://registry.npmjs.org/glob-parent/-/glob-parent-6.0.2.tgz 1525ms (cache miss)
3609 http fetch GET 200 https://registry.npmjs.org/@unrs/resolver-binding-darwin-x64/-/resolver-binding-darwin-x64-1.11.1.tgz 1624ms (cache miss)
3610 http fetch GET 200 https://registry.npmjs.org/language-subtag-registry/-/language-subtag-registry-0.3.23.tgz 1594ms (cache miss)
3611 http fetch GET 200 https://registry.npmjs.org/file-entry-cache/-/file-entry-cache-6.0.1.tgz 1545ms (cache miss)
3612 http fetch GET 200 https://registry.npmjs.org/globals/-/globals-13.24.0.tgz 1549ms (cache miss)
3613 http fetch GET 200 https://registry.npmjs.org/find-up/-/find-up-5.0.0.tgz 1556ms (cache miss)
3614 http fetch GET 200 https://registry.npmjs.org/esutils/-/esutils-2.0.3.tgz 1557ms (cache miss)
3615 http fetch GET 200 https://registry.npmjs.org/fast-deep-equal/-/fast-deep-equal-3.1.3.tgz 1558ms (cache miss)
3616 http fetch GET 200 https://registry.npmjs.org/eslint-visitor-keys/-/eslint-visitor-keys-3.4.3.tgz 1560ms (cache miss)
3617 http fetch GET 200 https://registry.npmjs.org/escape-string-regexp/-/escape-string-regexp-4.0.0.tgz 1563ms (cache miss)
3618 http fetch GET 200 https://registry.npmjs.org/debug/-/debug-4.4.3.tgz 1575ms (cache miss)
3619 http fetch GET 200 https://registry.npmjs.org/cross-spawn/-/cross-spawn-7.0.6.tgz 1583ms (cache miss)
3620 http fetch GET 200 https://registry.npmjs.org/chalk/-/chalk-4.1.2.tgz 1585ms (cache miss)
3621 http fetch GET 200 https://registry.npmjs.org/doctrine/-/doctrine-3.0.0.tgz 1595ms (cache miss)
3622 http fetch GET 200 https://registry.npmjs.org/espree/-/espree-9.6.1.tgz 1600ms (cache miss)
3623 http fetch GET 200 https://registry.npmjs.org/@nodelib/fs.walk/-/fs.walk-1.2.8.tgz 1599ms (cache miss)
3624 http fetch GET 200 https://registry.npmjs.org/@eslint/js/-/js-8.57.1.tgz 1600ms (cache miss)
3625 http fetch GET 200 https://registry.npmjs.org/@humanwhocodes/module-importer/-/module-importer-1.0.1.tgz 1603ms (cache miss)
3626 http fetch GET 200 https://registry.npmjs.org/update-browserslist-db/-/update-browserslist-db-1.2.3.tgz 1611ms (cache miss)
3627 http fetch GET 200 https://registry.npmjs.org/@ungap/structured-clone/-/structured-clone-1.3.1.tgz 1613ms (cache miss)
3628 http fetch GET 200 https://registry.npmjs.org/node-releases/-/node-releases-2.0.38.tgz 1622ms (cache miss)
3629 http fetch GET 200 https://registry.npmjs.org/postcss-value-parser/-/postcss-value-parser-4.2.0.tgz 1635ms (cache miss)
3630 http fetch GET 200 https://registry.npmjs.org/@nodelib/fs.scandir/-/fs.scandir-2.1.5.tgz 1651ms (cache miss)
3631 http fetch GET 200 https://registry.npmjs.org/picocolors/-/picocolors-1.1.1.tgz 1657ms (cache miss)
3632 http fetch GET 200 https://registry.npmjs.org/eslint-scope/-/eslint-scope-7.2.2.tgz 1665ms (cache miss)
3633 http fetch GET 200 https://registry.npmjs.org/electron-to-chromium/-/electron-to-chromium-1.5.352.tgz 1675ms (cache miss)
3634 http fetch GET 200 https://registry.npmjs.org/@types/prop-types/-/prop-types-15.7.15.tgz 1680ms (cache miss)
3635 http fetch GET 200 https://registry.npmjs.org/semver/-/semver-7.7.4.tgz 1710ms (cache miss)
3636 http fetch GET 200 https://registry.npmjs.org/@eslint-community/regexpp/-/regexpp-4.12.2.tgz 1688ms (cache miss)
3637 http fetch GET 200 https://registry.npmjs.org/baseline-browser-mapping/-/baseline-browser-mapping-2.10.27.tgz 1688ms (cache miss)
3638 http fetch GET 200 https://registry.npmjs.org/browserslist/-/browserslist-4.28.2.tgz 1693ms (cache miss)
3639 http fetch GET 200 https://registry.npmjs.org/@types/ws/-/ws-8.18.1.tgz 1692ms (cache miss)
3640 http fetch GET 200 https://registry.npmjs.org/iceberg-js/-/iceberg-js-0.8.1.tgz 1756ms (cache miss)
3641 http fetch GET 200 https://registry.npmjs.org/@typescript-eslint/parser/-/parser-8.59.2.tgz 1798ms (cache miss)
3642 http fetch GET 200 https://registry.npmjs.org/fast-glob/-/fast-glob-3.3.3.tgz 1867ms (cache miss)
3643 http fetch GET 200 https://registry.npmjs.org/tslib/-/tslib-2.8.1.tgz 1781ms (cache miss)
3644 http fetch GET 200 https://registry.npmjs.org/graphemer/-/graphemer-1.4.0.tgz 1800ms (cache miss)
3645 http fetch GET 200 https://registry.npmjs.org/ws/-/ws-8.20.0.tgz 1792ms (cache miss)
3646 http fetch GET 200 https://registry.npmjs.org/undici-types/-/undici-types-6.21.0.tgz 1798ms (cache miss)
3647 http fetch GET 200 https://registry.npmjs.org/fraction.js/-/fraction.js-5.3.4.tgz 1824ms (cache miss)
3648 http fetch GET 200 https://registry.npmjs.org/esquery/-/esquery-1.7.0.tgz 1839ms (cache miss)
3649 http fetch GET 200 https://registry.npmjs.org/@humanwhocodes/config-array/-/config-array-0.13.0.tgz 1848ms (cache miss)
3650 warn deprecated @humanwhocodes/config-array@0.13.0: Use @eslint/config-array instead
3651 http fetch GET 200 https://registry.npmjs.org/csstype/-/csstype-3.2.3.tgz 1866ms (cache miss)
3652 http fetch GET 200 https://registry.npmjs.org/js-yaml/-/js-yaml-4.1.1.tgz 1920ms (cache miss)
3653 http fetch GET 200 https://registry.npmjs.org/axe-core/-/axe-core-4.11.4.tgz 1979ms (cache miss)
3654 http fetch GET 200 https://registry.npmjs.org/@typescript-eslint/type-utils/-/type-utils-8.59.2.tgz 1971ms (cache miss)
3655 http fetch GET 200 https://registry.npmjs.org/@eslint-community/eslint-utils/-/eslint-utils-4.9.1.tgz 2023ms (cache miss)
3656 http fetch GET 200 https://registry.npmjs.org/clsx/-/clsx-2.1.1.tgz 2051ms (cache miss)
3657 http fetch GET 200 https://registry.npmjs.org/react/-/react-18.3.1.tgz 2058ms (cache miss)
3658 http fetch GET 200 https://registry.npmjs.org/tsconfig-paths/-/tsconfig-paths-3.15.0.tgz 2114ms (cache miss)
3659 http fetch GET 200 https://registry.npmjs.org/uri-js/-/uri-js-4.4.1.tgz 2118ms (cache miss)
3660 http fetch GET 200 https://registry.npmjs.org/@eslint/eslintrc/-/eslintrc-2.1.4.tgz 2149ms (cache miss)
3661 http fetch GET 200 https://registry.npmjs.org/es-iterator-helpers/-/es-iterator-helpers-1.3.2.tgz 2217ms (cache miss)
3662 http fetch GET 200 https://registry.npmjs.org/glob/-/glob-10.3.10.tgz 2199ms (cache miss)
3663 warn deprecated glob@10.3.10: Old versions of glob are not supported, and contain widely publicized security vulnerabilities, which have been fixed in the current version. Please update. Support for old versions may be purchased (at exorbitant rates) by contacting i@izs.me
3664 http fetch GET 200 https://registry.npmjs.org/@types/react-dom/-/react-dom-18.3.7.tgz 2209ms (cache miss)
3665 http fetch GET 200 https://registry.npmjs.org/glob-parent/-/glob-parent-5.1.2.tgz 2247ms (cache miss)
3666 http fetch GET 200 https://registry.npmjs.org/@next/eslint-plugin-next/-/eslint-plugin-next-14.2.29.tgz 2324ms (cache miss)
3667 http fetch GET 200 https://registry.npmjs.org/@typescript-eslint/utils/-/utils-8.59.2.tgz 2337ms (cache miss)
3668 http fetch GET 200 https://registry.npmjs.org/eslint-config-next/-/eslint-config-next-14.2.29.tgz 2310ms (cache miss)
3669 http fetch GET 200 https://registry.npmjs.org/glob-parent/-/glob-parent-5.1.2.tgz 2318ms (cache miss)
3670 http fetch GET 200 https://registry.npmjs.org/emoji-regex/-/emoji-regex-8.0.0.tgz 2357ms (cache miss)
3671 http fetch GET 200 https://registry.npmjs.org/ansi-styles/-/ansi-styles-6.2.3.tgz 2395ms (cache miss)
3672 http fetch GET 200 https://registry.npmjs.org/postcss/-/postcss-8.5.14.tgz 2414ms (cache miss)
3673 http fetch GET 200 https://registry.npmjs.org/string-width/-/string-width-4.2.3.tgz 2411ms (cache miss)
3674 http fetch GET 200 https://registry.npmjs.org/strip-ansi/-/strip-ansi-7.2.0.tgz 2415ms (cache miss)
3675 http fetch GET 200 https://registry.npmjs.org/@typescript-eslint/typescript-estree/-/typescript-estree-8.59.2.tgz 2456ms (cache miss)
3676 http fetch GET 200 https://registry.npmjs.org/ansi-regex/-/ansi-regex-6.2.2.tgz 2418ms (cache miss)
3677 http fetch GET 200 https://registry.npmjs.org/semver/-/semver-6.3.1.tgz 2422ms (cache miss)
3678 http fetch GET 200 https://registry.npmjs.org/@supabase/functions-js/-/functions-js-2.105.3.tgz 2430ms (cache miss)
3679 http fetch GET 200 https://registry.npmjs.org/jsx-ast-utils/-/jsx-ast-utils-3.3.5.tgz 2501ms (cache miss)
3680 http fetch GET 200 https://registry.npmjs.org/emoji-regex/-/emoji-regex-8.0.0.tgz 2432ms (cache miss)
3681 http fetch GET 200 https://registry.npmjs.org/@types/react/-/react-18.3.28.tgz 2481ms (cache miss)
3682 http fetch GET 200 https://registry.npmjs.org/ansi-regex/-/ansi-regex-6.2.2.tgz 2483ms (cache miss)
3683 http fetch GET 200 https://registry.npmjs.org/strip-ansi/-/strip-ansi-7.2.0.tgz 2494ms (cache miss)
3684 http fetch GET 200 https://registry.npmjs.org/strip-ansi/-/strip-ansi-7.2.0.tgz 2531ms (cache miss)
3685 http fetch GET 200 https://registry.npmjs.org/ansi-regex/-/ansi-regex-6.2.2.tgz 2538ms (cache miss)
3686 http fetch GET 200 https://registry.npmjs.org/glob/-/glob-7.2.3.tgz 2538ms (cache miss)
3687 warn deprecated glob@7.2.3: Old versions of glob are not supported, and contain widely publicized security vulnerabilities, which have been fixed in the current version. Please update. Support for old versions may be purchased (at exorbitant rates) by contacting i@izs.me
3688 http fetch GET 200 https://registry.npmjs.org/fdir/-/fdir-6.5.0.tgz 2566ms (cache miss)
3689 http fetch GET 200 https://registry.npmjs.org/brace-expansion/-/brace-expansion-5.0.5.tgz 2592ms (cache miss)
3690 http fetch GET 200 https://registry.npmjs.org/picomatch/-/picomatch-4.0.4.tgz 2603ms (cache miss)
3691 http fetch GET 200 https://registry.npmjs.org/balanced-match/-/balanced-match-4.0.4.tgz 2604ms (cache miss)
3692 http fetch GET 200 https://registry.npmjs.org/eslint-visitor-keys/-/eslint-visitor-keys-5.0.1.tgz 2604ms (cache miss)
3693 http fetch GET 200 https://registry.npmjs.org/brace-expansion/-/brace-expansion-2.1.0.tgz 2609ms (cache miss)
3694 http fetch GET 200 https://registry.npmjs.org/semver/-/semver-6.3.1.tgz 2615ms (cache miss)
3695 http fetch GET 200 https://registry.npmjs.org/semver/-/semver-6.3.1.tgz 2616ms (cache miss)
3696 http fetch GET 200 https://registry.npmjs.org/debug/-/debug-3.2.7.tgz 2620ms (cache miss)
3697 http fetch GET 200 https://registry.npmjs.org/ignore/-/ignore-7.0.5.tgz 2648ms (cache miss)
3698 http fetch GET 200 https://registry.npmjs.org/debug/-/debug-3.2.7.tgz 2657ms (cache miss)
3699 http fetch GET 200 https://registry.npmjs.org/debug/-/debug-3.2.7.tgz 2685ms (cache miss)
3700 http fetch GET 200 https://registry.npmjs.org/which/-/which-1.3.1.tgz 2683ms (cache miss)
3701 http fetch GET 200 https://registry.npmjs.org/doctrine/-/doctrine-2.1.0.tgz 2692ms (cache miss)
3702 http fetch GET 200 https://registry.npmjs.org/@supabase/supabase-js/-/supabase-js-2.105.3.tgz 2710ms (cache miss)
3703 http fetch GET 200 https://registry.npmjs.org/resolve/-/resolve-2.0.0-next.6.tgz 2748ms (cache miss)
3704 http fetch GET 200 https://registry.npmjs.org/ajv/-/ajv-6.15.0.tgz 2739ms (cache miss)
3705 http fetch GET 200 https://registry.npmjs.org/@supabase/storage-js/-/storage-js-2.105.3.tgz 2738ms (cache miss)
3706 http fetch GET 200 https://registry.npmjs.org/react-dom/-/react-dom-18.3.1.tgz 2742ms (cache miss)
3707 http fetch GET 200 https://registry.npmjs.org/glob 2581ms (cache miss)
3708 silly packumentCache corgi:https://registry.npmjs.org/glob set size:undefined disposed:false
3709 http fetch GET 200 https://registry.npmjs.org/doctrine/-/doctrine-2.1.0.tgz 2754ms (cache miss)
3710 http fetch GET 200 https://registry.npmjs.org/postcss 2615ms (cache miss)
3711 silly packumentCache corgi:https://registry.npmjs.org/postcss set size:undefined disposed:false
3712 http fetch GET 200 https://registry.npmjs.org/@supabase/phoenix/-/phoenix-0.4.1.tgz 2796ms (cache miss)
3713 http fetch GET 200 https://registry.npmjs.org/@supabase/postgrest-js/-/postgrest-js-2.105.3.tgz 2861ms (cache miss)
3714 http fetch GET 200 https://registry.npmjs.org/autoprefixer/-/autoprefixer-10.5.0.tgz 2976ms (cache miss)
3715 http fetch GET 200 https://registry.npmjs.org/eslint-plugin-import/-/eslint-plugin-import-2.32.0.tgz 3037ms (cache miss)
3716 http fetch GET 200 https://registry.npmjs.org/postcss/-/postcss-8.4.31.tgz 3004ms (cache miss)
3717 http fetch GET 200 https://registry.npmjs.org/@types/node/-/node-20.19.39.tgz 3034ms (cache miss)
3718 http fetch GET 200 https://registry.npmjs.org/@rushstack/eslint-patch/-/eslint-patch-1.16.1.tgz 3132ms (cache miss)
3719 http fetch GET 200 https://registry.npmjs.org/minimatch/-/minimatch-10.2.5.tgz 3109ms (cache miss)
3720 http fetch GET 200 https://registry.npmjs.org/minimatch/-/minimatch-9.0.9.tgz 3108ms (cache miss)
3721 http fetch GET 200 https://registry.npmjs.org/axobject-query/-/axobject-query-4.1.0.tgz 3219ms (cache miss)
3722 http fetch GET 200 https://registry.npmjs.org/resolve/-/resolve-1.22.12.tgz 3258ms (cache miss)
3723 http fetch GET 200 https://registry.npmjs.org/resolve/-/resolve-1.22.12.tgz 3376ms (cache miss)
3724 http fetch GET 200 https://registry.npmjs.org/@supabase/realtime-js/-/realtime-js-2.105.3.tgz 3416ms (cache miss)
3725 http fetch GET 200 https://registry.npmjs.org/sucrase/-/sucrase-3.35.1.tgz 3593ms (cache miss)
3726 http fetch GET 200 https://registry.npmjs.org/@swc/helpers/-/helpers-0.5.5.tgz 3657ms (cache miss)
3727 http fetch GET 200 https://registry.npmjs.org/aria-query/-/aria-query-5.3.2.tgz 3660ms (cache miss)
3728 http fetch GET 200 https://registry.npmjs.org/eslint-plugin-jsx-a11y/-/eslint-plugin-jsx-a11y-6.10.2.tgz 3717ms (cache miss)
3729 http fetch GET 200 https://registry.npmjs.org/tailwindcss/-/tailwindcss-3.4.19.tgz 3959ms (cache miss)
3730 http fetch GET 200 https://registry.npmjs.org/@supabase/auth-js/-/auth-js-2.105.3.tgz 3977ms (cache miss)
3731 http fetch GET 200 https://registry.npmjs.org/fluent-ffmpeg/-/fluent-ffmpeg-2.1.3.tgz 4058ms (cache miss)
3732 warn deprecated fluent-ffmpeg@2.1.3: Package no longer supported. Contact Support at https://www.npmjs.com/support for more info.
3733 http fetch GET 200 https://registry.npmjs.org/@typescript-eslint/scope-manager/-/scope-manager-8.59.2.tgz 4119ms (cache miss)
3734 http fetch GET 200 https://registry.npmjs.org/eslint-plugin-react/-/eslint-plugin-react-7.37.5.tgz 4275ms (cache miss)
3735 http fetch GET 200 https://registry.npmjs.org/next 4122ms (cache miss)
3736 silly packumentCache corgi:https://registry.npmjs.org/next set size:undefined disposed:false
3737 http fetch GET 200 https://registry.npmjs.org/typescript/-/typescript-5.9.3.tgz 6002ms (cache miss)
3738 silly packumentCache corgi:https://registry.npmjs.org/@next%2feslint-plugin-next cache-miss
3739 http fetch GET 200 https://registry.npmjs.org/@typescript-eslint/eslint-plugin/-/eslint-plugin-8.59.2.tgz 6517ms (cache miss)
3740 http fetch GET 200 https://registry.npmjs.org/eslint/-/eslint-8.57.1.tgz 6499ms (cache miss)
3741 warn deprecated eslint@8.57.1: This version is no longer supported. Please see https://eslint.org/version-support for other options.
3742 http fetch GET 200 https://registry.npmjs.org/@next%2feslint-plugin-next 462ms (cache miss)
3743 silly packumentCache corgi:https://registry.npmjs.org/@next%2feslint-plugin-next set size:undefined disposed:false
3744 silly packumentCache corgi:https://registry.npmjs.org/eslint-config-next cache-miss
3745 http fetch GET 200 https://registry.npmjs.org/eslint-config-next 302ms (cache miss)
3746 silly packumentCache corgi:https://registry.npmjs.org/eslint-config-next set size:undefined disposed:false
3747 http fetch GET 200 https://registry.npmjs.org/caniuse-lite/-/caniuse-lite-1.0.30001792.tgz 15302ms (cache miss)
3748 http fetch GET 200 https://registry.npmjs.org/es-abstract/-/es-abstract-1.24.2.tgz 16345ms (cache miss)
3749 http fetch GET 200 https://registry.npmjs.org/@next/swc-darwin-x64/-/swc-darwin-x64-14.2.29.tgz 16564ms (cache miss)
3750 http fetch GET 200 https://registry.npmjs.org/stripe/-/stripe-22.1.1.tgz 16626ms (cache miss)
3751 http fetch GET 200 https://registry.npmjs.org/lucide-react/-/lucide-react-0.460.0.tgz 18111ms (cache miss)
3752 http fetch GET 200 https://registry.npmjs.org/next/-/next-14.2.29.tgz 20394ms (cache miss)
3753 warn deprecated next@14.2.29: This version has a security vulnerability. Please upgrade to a patched version. See https://nextjs.org/blog/security-update-2025-12-11 for more details.
3754 info run fsevents@2.3.3 install node_modules/fsevents node-gyp rebuild
3755 info run fsevents@2.3.3 install { code: 1, signal: null }
3756 verbose reify failed optional dependency /Users/aj/Desktop/สร้างเว็บ/beatvault/node_modules/fsevents
3757 silly reify mark deleted [ '/Users/aj/Desktop/สร้างเว็บ/beatvault/node_modules/fsevents' ]
3758 info run unrs-resolver@1.11.1 postinstall node_modules/unrs-resolver napi-postinstall unrs-resolver 1.11.1 check
3759 info run unrs-resolver@1.11.1 postinstall { code: 0, signal: null }
3760 silly ADD node_modules/wrappy
3761 silly ADD node_modules/path-is-absolute
3762 silly ADD node_modules/once
3763 silly ADD node_modules/inherits
3764 silly ADD node_modules/inflight
3765 silly ADD node_modules/fs.realpath
3766 silly ADD node_modules/is-weakset
3767 silly ADD node_modules/is-weakmap
3768 silly ADD node_modules/is-map
3769 silly ADD node_modules/generator-function
3770 silly ADD node_modules/async-function
3771 silly ADD node_modules/which-collection
3772 silly ADD node_modules/is-generator-function
3773 silly ADD node_modules/is-finalizationregistry
3774 silly ADD node_modules/is-async-function
3775 silly ADD node_modules/is-number-object
3776 silly ADD node_modules/is-boolean-object
3777 silly ADD node_modules/is-bigint
3778 silly ADD node_modules/isexe
3779 silly ADD node_modules/punycode
3780 silly ADD node_modules/escalade
3781 silly ADD node_modules/napi-postinstall
3782 silly ADD node_modules/@unrs/resolver-binding-darwin-x64
3783 silly ADD node_modules/which-boxed-primitive
3784 silly ADD node_modules/has-bigints
3785 silly ADD node_modules/which-builtin-type
3786 silly ADD node_modules/reflect.getprototypeof
3787 silly ADD node_modules/for-each
3788 silly ADD node_modules/strip-bom
3789 silly ADD node_modules/minimist
3790 silly ADD node_modules/json5
3791 silly ADD node_modules/@types/json5
3792 silly ADD node_modules/is-number
3793 silly ADD node_modules/thenify
3794 silly ADD node_modules/thenify-all
3795 silly ADD node_modules/any-promise
3796 silly ADD node_modules/@jridgewell/resolve-uri
3797 silly ADD node_modules/@jridgewell/trace-mapping
3798 silly ADD node_modules/@jridgewell/sourcemap-codec
3799 silly ADD node_modules/ts-interface-checker
3800 silly ADD node_modules/pirates
3801 silly ADD node_modules/mz
3802 silly ADD node_modules/lines-and-columns
3803 silly ADD node_modules/commander
3804 silly ADD node_modules/@jridgewell/gen-mapping
3805 silly ADD node_modules/pify
3806 silly ADD node_modules/util-deprecate
3807 silly ADD node_modules/cssesc
3808 silly ADD node_modules/camelcase-css
3809 silly ADD node_modules/read-cache
3810 silly ADD node_modules/binary-extensions
3811 silly ADD node_modules/to-regex-range
3812 silly ADD node_modules/merge2
3813 silly ADD node_modules/fill-range
3814 silly ADD node_modules/picomatch
3815 silly ADD node_modules/readdirp
3816 silly ADD node_modules/is-binary-path
3817 silly ADD
3818 silly ADD node_modules/braces
3819 silly ADD node_modules/anymatch
3820 silly ADD node_modules/sucrase
3821 silly ADD node_modules/postcss-selector-parser
3822 silly ADD node_modules/postcss-nested
3823 silly ADD node_modules/postcss-load-config
3824 silly ADD node_modules/postcss-js
3825 silly ADD node_modules/postcss-import
3826 silly ADD node_modules/postcss-import/node_modules/resolve
3827 silly ADD node_modules/object-hash
3828 silly ADD node_modules/normalize-path
3829 silly ADD node_modules/micromatch
3830 silly ADD node_modules/lilconfig
3831 silly ADD node_modules/jiti
3832 silly ADD node_modules/fast-glob
3833 silly ADD node_modules/fast-glob/node_modules/glob-parent
3834 silly ADD node_modules/dlv
3835 silly ADD node_modules/didyoumean
3836 silly ADD node_modules/chokidar
3837 silly ADD node_modules/chokidar/node_modules/glob-parent
3838 silly ADD node_modules/arg
3839 silly ADD node_modules/@alloc/quick-lru
3840 silly ADD node_modules/has-flag
3841 silly ADD node_modules/client-only
3842 silly ADD node_modules/ansi-regex
3843 silly ADD node_modules/is-fullwidth-code-point
3844 silly ADD node_modules/eastasianwidth
3845 silly ADD node_modules/side-channel-weakmap
3846 silly ADD node_modules/side-channel-map
3847 silly ADD node_modules/side-channel-list
3848 silly ADD node_modules/shebang-regex
3849 silly ADD node_modules/isarray
3850 silly ADD node_modules/queue-microtask
3851 silly ADD node_modules/supports-preserve-symlinks-flag
3852 silly ADD node_modules/path-parse
3853 silly ADD node_modules/node-exports-info
3854 silly ADD node_modules/node-exports-info/node_modules/semver
3855 silly ADD node_modules/scheduler
3856 silly ADD node_modules/js-tokens
3857 silly ADD node_modules/react-is
3858 silly ADD node_modules/object-assign
3859 silly ADD node_modules/loose-envify
3860 silly ADD node_modules/source-map-js
3861 silly ADD node_modules/nanoid
3862 silly ADD node_modules/lru-cache
3863 silly ADD node_modules/callsites
3864 silly ADD node_modules/yocto-queue
3865 silly ADD node_modules/p-limit
3866 silly ADD node_modules/word-wrap
3867 silly ADD node_modules/fast-levenshtein
3868 silly ADD node_modules/deep-is
3869 silly ADD node_modules/streamsearch
3870 silly ADD node_modules/@swc/counter
3871 silly ADD node_modules/styled-jsx
3872 silly ADD node_modules/graceful-fs
3873 silly ADD node_modules/busboy
3874 silly ADD node_modules/@swc/helpers
3875 silly ADD node_modules/@next/swc-darwin-x64
3876 silly ADD node_modules/@next/env
3877 silly ADD node_modules/concat-map
3878 silly ADD node_modules/balanced-match
3879 silly ADD node_modules/brace-expansion
3880 silly ADD node_modules/p-locate
3881 silly ADD node_modules/type-check
3882 silly ADD node_modules/prelude-ls
3883 silly ADD node_modules/language-subtag-registry
3884 silly ADD node_modules/json-buffer
3885 silly ADD node_modules/argparse
3886 silly ADD node_modules/wrap-ansi-cjs
3887 silly ADD node_modules/wrap-ansi-cjs/node_modules/emoji-regex
3888 silly ADD node_modules/wrap-ansi-cjs/node_modules/string-width
3889 silly ADD node_modules/wrap-ansi
3890 silly ADD node_modules/wrap-ansi/node_modules/ansi-regex
3891 silly ADD node_modules/wrap-ansi/node_modules/strip-ansi
3892 silly ADD node_modules/wrap-ansi/node_modules/ansi-styles
3893 silly ADD node_modules/strip-ansi-cjs
3894 silly ADD node_modules/string-width-cjs
3895 silly ADD node_modules/string-width-cjs/node_modules/emoji-regex
3896 silly ADD node_modules/string-width
3897 silly ADD node_modules/string-width/node_modules/ansi-regex
3898 silly ADD node_modules/string-width/node_modules/strip-ansi
3899 silly ADD node_modules/@pkgjs/parseargs
3900 silly ADD node_modules/@isaacs/cliui
3901 silly ADD node_modules/@isaacs/cliui/node_modules/ansi-regex
3902 silly ADD node_modules/@isaacs/cliui/node_modules/strip-ansi
3903 silly ADD node_modules/set-function-name
3904 silly ADD node_modules/is-extglob
3905 silly ADD node_modules/side-channel
3906 silly ADD node_modules/resolve-from
3907 silly ADD node_modules/parent-module
3908 silly ADD node_modules/type-fest
3909 silly ADD node_modules/signal-exit
3910 silly ADD node_modules/path-scurry
3911 silly ADD node_modules/minipass
3912 silly ADD node_modules/jackspeak
3913 silly ADD node_modules/foreground-child
3914 silly ADD node_modules/resolve-pkg-maps
3915 silly ADD node_modules/dunder-proto
3916 silly ADD node_modules/functions-have-names
3917 silly ADD node_modules/async
3918 silly ADD node_modules/rimraf
3919 silly ADD node_modules/rimraf/node_modules/glob
3920 silly ADD node_modules/keyv
3921 silly ADD node_modules/flatted
3922 silly ADD node_modules/path-exists
3923 silly ADD node_modules/locate-path
3924 silly ADD node_modules/flat-cache
3925 silly ADD node_modules/reusify
3926 silly ADD node_modules/acorn-jsx
3927 silly ADD node_modules/acorn
3928 silly ADD node_modules/esrecurse
3929 silly ADD node_modules/iterator.prototype
3930 silly ADD node_modules/string.prototype.repeat
3931 silly ADD node_modules/string.prototype.matchall
3932 silly ADD node_modules/prop-types
3933 silly ADD node_modules/object.entries
3934 silly ADD node_modules/estraverse
3935 silly ADD node_modules/es-iterator-helpers
3936 silly ADD node_modules/array.prototype.tosorted
3937 silly ADD node_modules/array.prototype.findlast
3938 silly ADD node_modules/string.prototype.includes
3939 silly ADD node_modules/language-tags
3940 silly ADD node_modules/jsx-ast-utils
3941 silly ADD node_modules/emoji-regex
3942 silly ADD node_modules/damerau-levenshtein
3943 silly ADD node_modules/axobject-query
3944 silly ADD node_modules/axe-core
3945 silly ADD node_modules/ast-types-flow
3946 silly ADD node_modules/aria-query
3947 silly ADD node_modules/is-symbol
3948 silly ADD node_modules/is-date-object
3949 silly ADD node_modules/has-tostringtag
3950 silly ADD node_modules/possible-typed-array-names
3951 silly ADD node_modules/which-typed-array
3952 silly ADD node_modules/unbox-primitive
3953 silly ADD node_modules/typed-array-length
3954 silly ADD node_modules/typed-array-byte-offset
3955 silly ADD node_modules/typed-array-byte-length
3956 silly ADD node_modules/typed-array-buffer
3957 silly ADD node_modules/string.prototype.trimstart
3958 silly ADD node_modules/string.prototype.trim
3959 silly ADD node_modules/stop-iteration-iterator
3960 silly ADD node_modules/set-proto
3961 silly ADD node_modules/safe-regex-test
3962 silly ADD node_modules/safe-push-apply
3963 silly ADD node_modules/safe-array-concat
3964 silly ADD node_modules/regexp.prototype.flags
3965 silly ADD node_modules/own-keys
3966 silly ADD node_modules/object.assign
3967 silly ADD node_modules/object-inspect
3968 silly ADD node_modules/is-weakref
3969 silly ADD node_modules/is-typed-array
3970 silly ADD node_modules/is-shared-array-buffer
3971 silly ADD node_modules/is-set
3972 silly ADD node_modules/is-regex
3973 silly ADD node_modules/is-negative-zero
3974 silly ADD node_modules/is-data-view
3975 silly ADD node_modules/is-callable
3976 silly ADD node_modules/is-array-buffer
3977 silly ADD node_modules/internal-slot
3978 silly ADD node_modules/has-symbols
3979 silly ADD node_modules/has-proto
3980 silly ADD node_modules/globalthis
3981 silly ADD node_modules/get-symbol-description
3982 silly ADD node_modules/get-proto
3983 silly ADD node_modules/function.prototype.name
3984 silly ADD node_modules/es-to-primitive
3985 silly ADD node_modules/es-set-tostringtag
3986 silly ADD node_modules/data-view-byte-offset
3987 silly ADD node_modules/data-view-byte-length
3988 silly ADD node_modules/data-view-buffer
3989 silly ADD node_modules/available-typed-arrays
3990 silly ADD node_modules/arraybuffer.prototype.slice
3991 silly ADD node_modules/array-buffer-byte-length
3992 silly ADD node_modules/gopd
3993 silly ADD node_modules/object-keys
3994 silly ADD node_modules/has-property-descriptors
3995 silly ADD node_modules/define-data-property
3996 silly ADD node_modules/function-bind
3997 silly ADD node_modules/set-function-length
3998 silly ADD node_modules/es-define-property
3999 silly ADD node_modules/call-bind-apply-helpers
4000 silly ADD node_modules/es-shim-unscopables
4001 silly ADD node_modules/es-errors
4002 silly ADD node_modules/math-intrinsics
4003 silly ADD node_modules/is-string
4004 silly ADD node_modules/get-intrinsic
4005 silly ADD node_modules/es-object-atoms
4006 silly ADD node_modules/es-abstract
4007 silly ADD node_modules/define-properties
4008 silly ADD node_modules/call-bound
4009 silly ADD node_modules/call-bind
4010 silly ADD node_modules/tsconfig-paths
4011 silly ADD node_modules/string.prototype.trimend
4012 silly ADD node_modules/object.values
4013 silly ADD node_modules/object.groupby
4014 silly ADD node_modules/object.fromentries
4015 silly ADD node_modules/hasown
4016 silly ADD node_modules/eslint-module-utils
4017 silly ADD node_modules/eslint-module-utils/node_modules/debug
4018 silly ADD node_modules/array.prototype.flatmap
4019 silly ADD node_modules/array.prototype.flat
4020 silly ADD node_modules/array.prototype.findlastindex
4021 silly ADD node_modules/array-includes
4022 silly ADD node_modules/@rtsao/scc
4023 silly ADD node_modules/unrs-resolver
4024 silly ADD node_modules/stable-hash
4025 silly ADD node_modules/is-bun-module
4026 silly ADD node_modules/get-tsconfig
4027 silly ADD node_modules/@nolyfill/is-core-module
4028 silly ADD node_modules/resolve
4029 silly ADD node_modules/is-core-module
4030 silly ADD node_modules/tinyglobby
4031 silly ADD node_modules/tinyglobby/node_modules/picomatch
4032 silly ADD node_modules/tinyglobby/node_modules/fdir
4033 silly ADD node_modules/semver
4034 silly ADD node_modules/@typescript-eslint/tsconfig-utils
4035 silly ADD node_modules/@typescript-eslint/project-service
4036 silly ADD node_modules/@typescript-eslint/typescript-estree
4037 silly ADD node_modules/@typescript-eslint/typescript-estree/node_modules/balanced-match
4038 silly ADD node_modules/@typescript-eslint/typescript-estree/node_modules/brace-expansion
4039 silly ADD node_modules/@typescript-eslint/typescript-estree/node_modules/minimatch
4040 silly ADD node_modules/@typescript-eslint/types
4041 silly ADD node_modules/ts-api-utils
4042 silly ADD node_modules/@typescript-eslint/visitor-keys
4043 silly ADD node_modules/@typescript-eslint/visitor-keys/node_modules/eslint-visitor-keys
4044 silly ADD node_modules/@typescript-eslint/utils
4045 silly ADD node_modules/@typescript-eslint/type-utils
4046 silly ADD node_modules/@typescript-eslint/scope-manager
4047 silly ADD node_modules/glob
4048 silly ADD node_modules/glob/node_modules/brace-expansion
4049 silly ADD node_modules/glob/node_modules/minimatch
4050 silly ADD node_modules/eslint-plugin-react-hooks
4051 silly ADD node_modules/eslint-plugin-react
4052 silly ADD node_modules/eslint-plugin-react/node_modules/semver
4053 silly ADD node_modules/eslint-plugin-react/node_modules/doctrine
4054 silly ADD node_modules/eslint-plugin-jsx-a11y
4055 silly ADD node_modules/eslint-plugin-import
4056 silly ADD node_modules/eslint-plugin-import/node_modules/semver
4057 silly ADD node_modules/eslint-plugin-import/node_modules/doctrine
4058 silly ADD node_modules/eslint-plugin-import/node_modules/debug
4059 silly ADD node_modules/eslint-import-resolver-typescript
4060 silly ADD node_modules/eslint-import-resolver-node
4061 silly ADD node_modules/eslint-import-resolver-node/node_modules/debug
4062 silly ADD node_modules/@typescript-eslint/parser
4063 silly ADD node_modules/@typescript-eslint/eslint-plugin
4064 silly ADD node_modules/@typescript-eslint/eslint-plugin/node_modules/ignore
4065 silly ADD node_modules/@rushstack/eslint-patch
4066 silly ADD node_modules/@next/eslint-plugin-next
4067 silly ADD node_modules/ms
4068 silly ADD node_modules/which
4069 silly ADD node_modules/shebang-command
4070 silly ADD node_modules/path-key
4071 silly ADD node_modules/color-name
4072 silly ADD node_modules/color-convert
4073 silly ADD node_modules/supports-color
4074 silly ADD node_modules/ansi-styles
4075 silly ADD node_modules/uri-js
4076 silly ADD node_modules/json-schema-traverse
4077 silly ADD node_modules/fast-json-stable-stringify
4078 silly ADD node_modules/run-parallel
4079 silly ADD node_modules/@nodelib/fs.stat
4080 silly ADD node_modules/fastq
4081 silly ADD node_modules/@nodelib/fs.scandir
4082 silly ADD node_modules/@humanwhocodes/object-schema
4083 silly ADD node_modules/strip-json-comments
4084 silly ADD node_modules/import-fresh
4085 silly ADD node_modules/text-table
4086 silly ADD node_modules/strip-ansi
4087 silly ADD node_modules/optionator
4088 silly ADD node_modules/natural-compare
4089 silly ADD node_modules/minimatch
4090 silly ADD node_modules/lodash.merge
4091 silly ADD node_modules/levn
4092 silly ADD node_modules/json-stable-stringify-without-jsonify
4093 silly ADD node_modules/js-yaml
4094 silly ADD node_modules/is-path-inside
4095 silly ADD node_modules/is-glob
4096 silly ADD node_modules/imurmurhash
4097 silly ADD node_modules/ignore
4098 silly ADD node_modules/graphemer
4099 silly ADD node_modules/globals
4100 silly ADD node_modules/glob-parent
4101 silly ADD node_modules/find-up
4102 silly ADD node_modules/file-entry-cache
4103 silly ADD node_modules/fast-deep-equal
4104 silly ADD node_modules/esutils
4105 silly ADD node_modules/esquery
4106 silly ADD node_modules/espree
4107 silly ADD node_modules/eslint-visitor-keys
4108 silly ADD node_modules/eslint-scope
4109 silly ADD node_modules/escape-string-regexp
4110 silly ADD node_modules/doctrine
4111 silly ADD node_modules/debug
4112 silly ADD node_modules/cross-spawn
4113 silly ADD node_modules/chalk
4114 silly ADD node_modules/ajv
4115 silly ADD node_modules/@ungap/structured-clone
4116 silly ADD node_modules/@nodelib/fs.walk
4117 silly ADD node_modules/@humanwhocodes/module-importer
4118 silly ADD node_modules/@humanwhocodes/config-array
4119 silly ADD node_modules/@eslint/js
4120 silly ADD node_modules/@eslint/eslintrc
4121 silly ADD node_modules/@eslint-community/regexpp
4122 silly ADD node_modules/@eslint-community/eslint-utils
4123 silly ADD node_modules/update-browserslist-db
4124 silly ADD node_modules/node-releases
4125 silly ADD node_modules/electron-to-chromium
4126 silly ADD node_modules/baseline-browser-mapping
4127 silly ADD node_modules/postcss-value-parser
4128 silly ADD node_modules/picocolors
4129 silly ADD node_modules/fraction.js
4130 silly ADD node_modules/caniuse-lite
4131 silly ADD node_modules/browserslist
4132 silly ADD node_modules/csstype
4133 silly ADD node_modules/@types/prop-types
4134 silly ADD node_modules/undici-types
4135 silly ADD node_modules/iceberg-js
4136 silly ADD node_modules/ws
4137 silly ADD node_modules/@types/ws
4138 silly ADD node_modules/@supabase/phoenix
4139 silly ADD node_modules/tslib
4140 silly ADD node_modules/@supabase/storage-js
4141 silly ADD node_modules/@supabase/realtime-js
4142 silly ADD node_modules/@supabase/postgrest-js
4143 silly ADD node_modules/@supabase/functions-js
4144 silly ADD node_modules/@supabase/auth-js
4145 silly ADD node_modules/typescript
4146 silly ADD node_modules/tailwindcss
4147 silly ADD node_modules/tailwindcss/node_modules/resolve
4148 silly ADD node_modules/stripe
4149 silly ADD node_modules/react-dom
4150 silly ADD node_modules/next
4151 silly ADD node_modules/next/node_modules/postcss
4152 silly ADD node_modules/react
4153 silly ADD node_modules/lucide-react
4154 silly ADD node_modules/fluent-ffmpeg
4155 silly ADD node_modules/fluent-ffmpeg/node_modules/which
4156 silly ADD node_modules/eslint-config-next
4157 silly ADD node_modules/eslint
4158 silly ADD node_modules/clsx
4159 silly ADD node_modules/postcss
4160 silly ADD node_modules/autoprefixer
4161 silly ADD node_modules/@types/react-dom
4162 silly ADD node_modules/@types/react
4163 silly ADD node_modules/@types/node
4164 silly ADD node_modules/@supabase/supabase-js
4165 verbose cwd /Users/aj/Desktop/สร้างเว็บ/beatvault
4166 verbose os Darwin 24.6.0
4167 verbose node v25.8.2
4168 verbose npm  v11.11.1
4169 notice
4169 notice New [33mminor[39m version of npm available! [33m11.11.1[39m -> [34m11.14.0[39m
4169 notice Changelog: [34mhttps://github.com/npm/cli/releases/tag/v11.14.0[39m
4169 notice To update run: [4mnpm install -g npm@11.14.0[24m
4169 notice  { force: true, Symbol(proc-log.meta): true }
4170 verbose exit 0
4171 info ok
